Multiple size <= 100
OK
Multiple size <= 500
TEST 1 ARG:76 -105 -223 94 -234 -152 19 123 171 4 211 22 -141 -165 -169 107 -155 59 199 -130 87 170 14 -227 132 -109 116 -132 -81 221 -98 194 -171 108 120 49 -54 -24 -87 -55 -182 204 -29 -125 -172 146 -240 149 110 -11 44 -76 -133 147 -212 -75 168 27 -239 54 -202 117 68 164 11 -229 -22 195 115 84 -199 33 154 186 36 106 -108 -19 29 -112 247 169 -39 52 -100 10 9 -178 -78 239 -157 17 -145 30 201 -201 184 18 74 -190 -14 -51 230 -233 64 133 -123 -187 51 155 -103 23 209 114 -211 -193 131 127 -248 53 61 -1 71 166 -144 -236 -162 62 -69 78 -238 -250 -126 93 43 -20 -128 187 66 -13 215 -181 -137 70 95 -15 -62 126 -64 217 235 77 226 -180 -142 24 57 73 65 91 -185 15 -174 161 -93 196 47 -86 245 -107 -221 -209 -184 -10 -235 1 -17 142 -146 135 -115 197 -82 55 85 88 8 -49 60 -32 242 -129 -214 83 -218 90 -203 227 224 -33 -245 193 63 163 141 -149 26 -158 -110 7 -246 231 75 31 20 -80 -153 -60 -27 -175 236 -168 -61 -188 -249 -139 -67 185 -118 38 -12 -173 -225 175 -231 138 -66 -21 98 249 -161 128 124 210 104 -228 162 -197 223 -48 178 79 -113 -194 -114 102 233 -9 -4 -167 -134 21 -121 -217 244 -28 -224 248 122 207 -241 34 -198 150 -215 69 -84 140 111 234 -106 206 2 148 179 -5 -79 48 -85 -138 -30 -99 -170 -71 113 130 188 -43 39 -237 153 -195 -166 -41 -147 125 -164 -226 118 134 -91 -116 158 167 190 -205 145 -92 160 41 -183 -136 42 -26 232 -96 241 -58 139 173 246 -3 56 -89 181 81 -88 101 216 174 -243 177 159 -72 -179 -117 -176 -74 -160 -120 -38 -143 205 212 100 28 103 -163 -52 -25 0 129 156 -232 -63 -36 109 -208 -95 172 238 200 40 16 -18 89 -192 -37 112 208 -206 46 180 192 -56 -156 -34 189 218 35 -122 -204 -131 -70 151 6 -40 12 -119 -247 -191 -111 152 -83 -47 80 -177 5 -207 157 -59 32 -42 96 72 -216 182 105 -242 -186 67 -101 45 -50 -154 228 -102 214 119 25 -68 -200 222 97 13 -7 -189 -53 -213 198 -148 -140 -230 136 -124 -219 176 229 -35 -222 143 -94 -45 -6 237 144 -150 -90 -244 191 -210 -151 -8 -135 -2 3 -57 -196 37 50 -77 213 99 202 121 243 -44 -159 86 -220 225 240 92 -16 58 -23 137 -97 -104 183 -73 -31 -65 165 82 -46 220 203 -127 219
TEST 2 ARG:40 69 -6 117 81 -207 54 245 -111 124 -123 -116 -153 -211 -186 -51 -107 65 -91 -74 119 225 -145 25 76 -67 -130 -32 71 -96 231 -152 -168 -149 -203 -239 -110 -164 87 64 6 37 175 -243 23 217 80 62 36 178 93 -212 -108 131 -182 91 -173 58 73 -93 -78 12 82 -228 -84 105 -247 140 84 116 236 224 -17 -209 -104 -85 222 183 219 -244 70 139 -90 -14 195 -189 190 94 127 142 -46 -245 42 110 35 -86 -174 -187 -144 213 216 -185 -159 -195 130 208 193 66 -175 -163 -136 149 -34 -146 77 -71 72 153 -31 4 243 202 -13 158 -2 19 -147 181 -196 -21 -129 200 229 -176 -225 96 174 114 -177 146 141 50 -23 -224 -45 -76 -237 188 46 78 145 -193 -194 -155 -7 -15 102 161 -65 -134 -242 -27 230 210 -235 -72 26 -169 -87 -246 151 134 -63 -68 -184 -127 -202 -19 41 203 -106 90 59 -73 168 -122 126 99 101 -150 -178 -216 232 38 154 164 -132 -161 248 57 -171 10 -28 -204 -103 -77 -210 111 -40 11 -38 -214 -231 -223 226 39 -52 -166 -128 -92 -218 244 -53 -188 -82 -29 187 -154 83 -50 -95 29 1 -26 -238 8 -55 22 -20 113 -232 -190 48 9 97 -241 -143 43 -142 -227 -198 241 184 112 137 -201 125 -148 -140 -137 13 -5 -208 -222 20 -94 -100 -236 120 -30 -60 167 74 -59 223 -119 185 -230 -54 -180 -39 27 159 17 -240 186 -62 -167 205 -83 109 -126 -192 212 147 103 88 247 240 107 180 15 160 170 234 -101 67 24 33 63 49 173 176 -64 34 -170 115 -48 -165 169 156 108 152 -98 -229 171 98 2 237 -120 -215 32 -191 56 128 -172 -8 -24 227 -43 -200 31 132 122 -57 133 209 194 144 201 -75 -12 192 61 -1 179 106 104 100 196 214 -217 75 30 -33 68 -25 228 -220 -113 135 157 -133 -102 21 14 -183 -66 206 -88 148 -47 -118 60 -141 7 -97 3 -121 211 -199 5 -205 45 89 197 220 -11 -58 16 118 242 0 189 -44 123 -248 165 -81 -79 47 129 -131 -234 191 -221 -250 -162 -99 -124 -197 -3 136 -206 -125 172 -89 -226 85 -249 -213 215 95 221 -115 218 177 92 53 182 198 -181 28 199 -36 -135 246 55 143 52 -56 -112 138 162 -219 -179 239 163 -42 -22 18 -61 207 -41 166 -233 -105 -160 -49 -37 -18 -80 150 -138 233 -156 79 -109 -139 -151 -69 51 44 -9 -158 -157 249 -10 155 238 204 86 -117 -16 235 -114 -35 121 -70 -4
TEST 3 ARG:-186 -82 -28 -101 188 34 204 197 12 -43 -178 -249 102 -90 138 30 -246 -62 -36 191 -214 -194 45 114 -165 13 203 232 187 -129 -169 -10 194 219 139 104 -137 183 -141 149 -193 81 -69 -133 -113 234 6 -102 249 230 8 -31 169 -32 110 -2 -20 -75 132 57 56 -55 142 209 15 107 177 -149 -128 88 -161 -12 173 -107 -52 130 31 176 -195 125 202 -198 -58 208 -63 123 246 113 -44 -166 -83 3 -56 33 145 240 -154 28 36 126 116 205 21 -218 -231 83 128 99 -53 82 -155 238 -144 170 -153 1 96 206 2 105 -127 -140 174 76 95 119 60 207 -212 -206 -221 -35 -78 79 171 -1 -117 97 -59 164 91 59 -115 -227 -167 -47 84 -30 -229 -228 165 -112 -71 -217 215 -189 17 -235 32 42 -146 80 -105 -236 -179 135 -135 186 -9 151 -6 117 -207 -175 -201 -132 -46 -80 -182 168 4 -163 243 58 -238 -120 -103 -248 239 -148 172 -185 37 7 -191 -5 -94 -126 -92 160 -118 63 163 -204 93 86 -114 52 -87 -104 157 44 155 154 -152 68 -226 175 43 144 111 -247 -119 -91 -215 -156 -244 -234 -48 22 20 -145 -202 121 -50 -93 11 -37 152 222 -57 -147 55 245 223 201 -7 5 244 -86 196 73 9 185 -139 -233 180 -123 217 225 -98 -95 -130 -11 198 98 -38 92 146 140 -216 122 71 109 137 -96 -250 -143 189 115 124 -79 131 -159 -162 87 -111 193 -21 10 153 -64 -205 90 129 -200 -224 -222 48 -223 72 -24 -190 -66 -3 67 -54 24 -160 -188 179 89 -19 -60 14 62 133 38 108 -176 199 -230 -88 229 -168 -239 159 190 70 150 -243 53 16 -210 -199 -134 -39 -209 54 224 -81 212 -174 -15 -184 216 141 69 -183 103 134 182 -45 -72 51 25 -157 213 -17 -151 -192 66 -172 156 -164 -97 29 47 -142 112 -240 226 -150 0 -74 214 -26 64 -109 147 74 158 181 -124 218 -242 -70 233 -77 -197 -27 -245 184 -122 -23 65 49 236 -89 101 46 -211 227 -170 19 235 -73 -67 61 -121 -18 -237 39 -225 -16 200 -187 -14 242 120 106 167 41 -76 100 211 166 -203 26 -22 -61 -8 -68 -125 -65 85 -131 -51 148 -41 136 -241 -13 -158 178 18 -180 -40 -85 228 -4 94 -196 -138 247 231 127 -116 -220 143 -49 -106 220 27 -232 -29 195 241 192 -173 78 -42 -84 -171 -181 210 -99 75 50 248 -208 -213 -25 -177 23 237 -34 77 35 40 -108 -136 161 -219 221 162 -33 -100 118 -110
TEST 4 ARG:-72 -63 248 75 64 74 58 159 51 62 -6 146 -202 -149 -170 205 32 111 -20 143 -134 -104 -102 -135 42 -56 -9 -130 -141 243 -140 233 175 120 104 61 113 43 9 -126 -4 39 48 157 -70 27 91 -32 22 -96 -103 -215 -76 200 41 66 -113 -61 -229 -204 -62 225 172 216 -66 40 -125 3 -177 -231 -174 92 -82 129 209 98 -238 -243 60 85 -178 -190 67 -12 148 46 -237 18 -173 49 115 142 97 93 -19 -155 117 5 -189 168 -209 -181 -13 -227 105 176 139 -248 109 131 50 246 19 -195 55 238 -55 -162 -184 21 -77 -74 53 -92 -194 173 -223 -58 102 235 -22 144 68 101 156 123 -26 -34 126 -225 -160 133 141 -59 220 177 212 -47 83 96 -234 33 -236 234 -44 -91 29 -78 -133 -164 -120 198 -46 112 -196 128 -23 -198 -2 110 231 7 140 -183 -94 -48 244 171 241 100 94 114 -138 208 170 -116 -122 -144 -210 -87 179 -233 -81 -29 -212 218 150 -220 138 -206 135 -168 -216 -79 163 -200 -131 164 65 -199 203 -222 63 169 -86 -159 37 -27 108 152 -245 -5 -150 -175 80 1 -192 -83 -143 -161 30 193 190 174 -187 213 45 -118 20 -163 -179 4 186 183 23 70 -180 -217 -147 -115 197 -89 -247 132 -188 130 -218 35 -67 69 -43 10 245 -54 166 178 210 -219 118 222 47 -71 2 127 103 -37 0 160 -119 -52 -250 14 -249 240 -244 201 189 192 191 -21 -18 165 -108 88 106 119 -35 188 -139 13 72 -154 199 -208 -230 8 -95 36 -151 -45 -110 -75 -197 167 -240 125 90 17 82 -157 -90 121 57 52 206 54 -16 249 116 -25 -64 -128 38 247 242 147 237 -1 -201 -112 -153 -232 87 44 195 -156 230 -40 236 -11 -107 -171 -117 -105 -7 -30 77 -137 -80 -121 78 184 224 196 -124 194 -136 -182 89 202 155 151 -60 180 56 -31 24 -158 -165 -73 211 -36 -65 136 -123 107 232 95 -127 81 239 161 -68 223 -84 149 -51 28 86 204 181 226 -69 99 145 158 31 -10 -142 -205 -226 -3 -186 -235 -41 -114 84 215 -193 79 -109 -38 -211 187 219 73 -166 -185 26 -169 -129 221 -152 25 124 -8 -15 -33 -145 -172 -39 16 -221 214 -101 -207 -14 -97 227 217 -214 -49 6 -28 -148 -88 -203 153 228 59 -167 -85 -176 207 -111 -191 11 -93 137 -98 122 -99 -24 -146 154 162 182 -241 12 -53 -228 185 71 15 -239 -100 -106 -246 -57 76 -132 229 -17 -213 -50 -242 -42 134 -224 34
TEST 5 ARG:56 -167 -160 126 -108 196 13 186 -66 -165 -219 149 116 166 96 171 -145 237 61 70 -43 223 -16 76 34 -91 2 -130 109 193 -125 -150 -226 -140 42 -3 57 162 -105 27 192 -23 -54 72 -172 -96 -18 -122 -197 157 86 -134 -142 233 -113 83 30 -97 24 -19 -98 -170 226 -49 119 236 215 241 43 62 32 21 182 94 -231 -109 -21 247 -84 -200 -224 185 -211 213 -62 245 -24 98 209 -80 197 -154 173 163 58 219 -249 82 -95 73 -180 195 146 175 -2 -60 -120 -13 -243 -118 -149 160 -22 -189 134 -151 156 -222 -136 141 -114 39 -187 -33 246 -244 239 -153 -158 -207 164 222 64 35 -123 -27 -30 -74 129 138 -206 20 159 9 -44 -177 103 -12 127 -144 -137 -47 -65 151 15 240 135 -119 12 115 91 120 -233 -239 -228 -247 211 -88 19 128 -169 -190 194 17 -234 -186 -178 -31 -86 189 155 -238 190 167 -143 67 145 80 178 -188 170 41 107 -216 -38 75 -20 -236 54 -5 -41 -218 -227 207 37 -32 -52 -83 88 242 -147 59 183 -68 -232 -89 -117 -127 -152 69 0 8 -217 105 168 48 147 81 -99 -17 -36 -50 -34 210 -57 -129 40 -64 -246 -184 238 -208 16 177 -11 -87 123 198 188 130 137 -161 -15 216 -102 -146 29 -73 174 179 140 203 -46 110 -248 90 191 -215 180 -221 65 148 -174 -128 -240 111 187 1 -42 3 108 -176 31 -111 -70 249 235 112 -63 -245 158 -198 78 -195 -85 -93 143 -6 55 221 -106 -171 -213 -14 -51 -225 -26 212 93 79 -67 38 85 36 -212 -39 -100 100 -116 199 -82 -10 204 63 124 184 -191 10 -155 161 -182 248 234 -210 101 -230 -110 228 -79 50 200 -25 217 -71 -132 52 14 33 -250 202 44 71 231 92 229 117 -141 -29 11 -103 46 -126 -101 -185 172 -37 -196 -56 -7 -205 -138 -193 -194 -241 -115 6 225 66 -8 -45 97 232 -235 205 150 7 -77 95 -148 -81 -175 45 -223 -204 -162 25 -242 -199 -53 -133 99 -28 -1 230 227 28 -78 23 -121 26 -214 -156 -135 -163 206 77 -237 -157 -58 47 -72 -159 -92 -201 132 74 -94 139 -209 -203 -107 -69 87 -192 -181 -61 -76 176 118 152 60 84 181 -48 -168 142 -40 22 -112 -164 218 114 -179 -104 208 125 4 5 53 244 -183 89 -131 18 224 -9 -229 122 -55 -202 106 214 -75 -139 153 51 -4 201 49 -173 144 -59 165 131 -124 -35 102 136 154 -166 169 243 68 -90 220 104 133 -220 121 113
TEST 6 ARG:-110 60 131 113 169 -86 -247 227 180 -167 195 -120 -17 219 -173 -122 93 -21 178 108 -140 127 198 162 31 -222 112 -48 69 -126 -203 218 114 76 61 98 243 154 -23 237 29 -160 -202 -158 5 -245 -18 229 -175 77 37 32 -10 -47 33 -92 90 148 204 -38 -146 224 -34 149 -24 104 187 228 116 16 206 -187 139 -56 -233 -61 100 6 208 214 -240 56 -109 -62 -196 -69 -226 102 143 -96 21 -117 -179 -114 -88 -248 -208 -161 -153 -70 111 244 54 95 122 -136 -104 -171 177 78 -68 -166 36 -119 73 81 153 230 45 -53 -42 26 118 -115 -137 234 -22 188 213 -85 97 -191 120 -118 -111 -5 8 -31 9 -41 -50 -212 -113 -174 -200 96 196 231 -209 -141 -220 -6 -131 220 34 109 -89 30 49 75 -25 -210 -58 -35 88 19 -219 103 128 -123 240 248 -46 133 -176 193 59 38 194 62 -15 -52 146 -205 -230 200 211 -223 158 -99 182 -9 -194 145 -235 -195 -124 -244 -91 115 -39 -87 129 -57 72 245 -102 241 13 66 50 -33 70 -145 -65 -55 167 22 -154 -231 44 -83 -143 -156 136 225 -71 -7 130 99 -217 -183 -14 209 -142 160 -157 -213 -105 -49 20 191 -169 144 -29 -79 123 15 155 174 -54 202 173 3 147 -182 -30 170 201 -197 -242 -72 -98 235 190 199 12 -127 -177 -246 -148 -45 27 -13 -121 -36 58 48 -249 -76 18 -130 40 135 197 91 2 -189 -215 246 64 -172 -225 -138 41 156 68 236 242 -11 166 79 11 -227 239 207 101 151 165 -236 71 -37 132 -95 -107 223 28 -198 168 52 -100 -84 94 -63 183 -4 -108 43 222 137 -216 -181 -43 -206 -239 161 85 -232 -116 -186 -162 -192 -19 -163 205 -128 189 -221 -66 175 42 -234 57 4 65 -144 140 176 -32 159 -165 -241 -101 -180 -238 -60 -168 74 -125 179 249 238 150 157 217 -59 186 -228 -97 7 -224 46 -178 -139 86 152 -20 -44 119 -80 10 35 -184 -2 181 -229 171 -211 -106 82 -237 247 -16 216 -78 25 164 210 -135 0 -199 184 -1 -149 84 47 67 105 -74 203 -93 226 233 -164 121 92 106 -152 126 124 -67 110 87 232 -90 83 -8 192 -77 212 -155 125 -81 134 -28 -147 172 -185 80 51 142 -214 -218 -112 -40 138 39 17 -26 89 -207 -73 -150 -27 -134 -129 -75 -201 55 24 -250 23 -64 14 -132 141 -82 63 221 1 53 117 -204 -3 -159 215 163 -103 -133 107 -170 -94 -243 -51 -190 -12 185 -193 -188 -151
TEST 7 ARG:-43 140 174 149 12 117 211 208 111 224 -30 -74 212 -40 -152 33 118 101 238 -176 235 75 -87 -111 -45 -135 191 -128 216 -139 -245 -240 -20 190 245 -138 46 -73 -17 -71 179 -249 -28 -52 93 183 70 14 -88 228 52 -184 -117 90 -224 126 -148 135 -10 -97 229 -91 -127 184 -209 121 45 100 77 234 157 -153 128 -59 -158 -180 65 -92 153 -113 -109 -39 -50 78 -98 -230 -51 162 -65 233 176 -32 109 62 -102 143 -219 16 -162 -4 38 -19 219 50 -14 -242 -188 -140 89 244 171 -93 -64 -106 -187 223 236 83 -124 -104 -134 61 214 -189 156 -169 66 -34 -199 -60 145 241 -26 81 -208 139 -112 144 202 105 182 -214 -151 -27 165 -216 107 -236 -220 106 -146 -53 -129 -82 -8 178 -159 114 161 -225 185 177 138 28 -145 -211 -143 44 -160 186 -22 159 -15 48 91 -228 -9 79 168 -7 -105 -164 -18 -85 -100 125 18 -47 24 -201 84 215 31 -48 -80 -99 -70 173 205 -177 221 231 -235 86 42 137 -210 -182 206 -122 69 -204 -12 30 193 -238 141 158 -35 -66 -83 -116 -200 197 -141 210 57 -175 -49 122 26 7 23 240 147 146 -55 -23 108 124 -215 97 226 243 120 -31 -110 -192 -41 -75 230 99 -233 -207 -223 217 129 -212 194 -232 87 169 -185 163 -76 -155 32 113 25 151 -202 -56 200 152 112 222 53 170 -163 8 -181 71 -161 -231 92 -57 94 43 -123 -11 -179 -29 -38 181 -126 196 27 209 237 131 160 -90 136 39 -234 -36 -24 -217 20 -247 -133 37 17 172 -136 -86 -89 -142 189 98 239 115 6 180 -248 -167 -96 -33 -1 95 -168 150 247 5 -137 154 119 -149 51 -101 -193 -191 2 -78 -125 -62 -198 -44 -166 34 218 29 -115 47 -239 -213 -171 -226 246 -172 130 -77 155 -154 -203 192 -63 -94 204 21 242 54 67 -5 3 -190 -46 148 -119 199 -16 36 102 -67 -157 132 0 -170 73 74 -132 11 -241 85 40 -237 232 -205 58 -244 -183 -108 167 -174 -218 -194 164 22 -58 116 142 -2 -54 104 -3 227 -21 -95 -156 198 103 -165 207 -13 35 -6 195 203 220 -25 201 -114 13 -250 -197 166 -42 -246 63 60 96 187 4 -61 10 248 76 -222 -69 9 -131 -178 188 15 -196 41 -150 249 72 -186 133 56 213 225 175 82 134 127 -107 68 -120 55 59 -173 -147 80 -195 -68 -81 -72 49 -229 -103 88 -118 -243 19 64 -121 -37 1 -130 -84 123 -79 -221 -227 -206 -144 110
TEST 8 ARG:-68 -209 58 149 -239 131 213 13 -43 171 -32 7 -172 -45 234 76 -165 90 45 129 -24 204 -13 236 -104 124 66 74 176 -76 -200 48 -74 -213 177 143 -62 -25 -155 -40 22 107 -139 195 135 241 -95 35 205 24 102 122 237 -97 206 105 -147 156 104 248 -220 -224 19 -81 181 170 -203 47 53 33 92 -7 17 -237 112 -189 174 -191 80 -138 -85 159 -86 -225 -58 183 -38 202 134 -17 -141 68 -92 -121 153 233 6 -119 148 86 30 -150 -83 -3 93 -240 70 152 -91 -107 115 -142 -190 132 220 -65 -216 -159 -171 -52 87 161 -169 -53 151 -10 -34 -151 223 26 186 99 -248 -50 160 244 -168 -162 164 -134 -1 40 73 -89 -21 -111 -229 184 -70 65 -235 182 -37 -14 119 137 154 -103 -174 -44 191 178 -221 -69 141 9 -188 -238 -120 -145 116 172 240 -226 -56 -6 89 217 56 120 61 243 12 -170 -82 -132 -184 -250 21 -4 79 238 106 -23 188 -185 -219 -163 193 -126 36 -71 162 155 -72 -137 -41 -66 -160 95 218 125 14 94 49 5 139 242 81 138 128 197 -231 50 224 -244 150 37 -54 190 64 -100 -144 -201 -78 -122 -47 185 111 -5 -96 -30 180 -8 41 179 -154 229 62 72 -128 -93 -18 -136 227 -84 214 -241 -186 199 39 -156 -227 -125 228 -106 -60 91 -242 -51 69 -123 -196 203 -114 -124 175 -181 114 -79 -28 -73 -117 20 55 198 43 -232 77 67 54 212 -57 -98 83 32 -36 216 28 226 200 -195 -87 -243 -42 71 231 -102 -166 -129 173 -61 -222 23 187 225 4 -212 -35 59 -135 -182 -118 -146 -127 -204 133 -115 3 -192 -193 -80 232 -230 -63 15 109 246 29 -113 31 -218 -31 -110 -2 207 130 -245 113 -211 -29 -64 201 96 11 146 -173 44 -217 194 -55 -27 189 -223 -208 165 -249 -228 63 42 168 126 166 -9 -12 -108 -48 60 75 136 88 16 117 -167 121 -205 -140 222 97 98 235 211 -99 192 57 -143 -105 -164 -101 140 100 103 -46 -49 108 -90 -11 -234 -187 -194 142 -149 167 110 -15 -202 10 -161 -131 210 -180 -26 -183 -214 84 -133 -198 239 -33 -88 -116 123 2 25 -148 -153 -59 163 215 -177 -247 221 -178 -246 -152 101 219 -210 -94 245 147 -199 249 -176 52 -19 -16 27 -109 82 145 -157 158 34 -233 118 -207 230 169 -179 -197 8 247 18 -75 -130 -158 196 208 -215 144 78 -206 -236 38 127 -67 51 -20 -39 -77 0 157 46 -175 -22 1 209 85 -112
TEST 9 ARG:-164 164 -238 15 13 -211 78 183 -91 5 128 48 6 -118 -146 -73 -250 27 113 -195 -101 189 -162 -15 -235 -157 40 -36 -69 51 211 -64 -111 -233 29 165 166 -94 217 -63 -103 139 119 58 181 -65 121 -174 118 -77 -125 -21 124 126 239 -105 -131 110 70 -215 -232 19 -122 54 25 -44 -153 -19 -39 50 89 115 -7 -227 -168 -71 -52 93 33 -33 -93 191 -67 -8 -115 -108 -167 -141 1 41 68 80 -10 188 196 -16 -191 -82 -197 245 -61 -14 11 79 -86 -90 -88 84 -217 -179 -236 -124 74 66 -45 -221 18 -160 223 169 87 -154 -80 106 72 90 -74 75 -165 53 -223 177 -189 142 -85 225 24 134 -89 -149 17 147 249 32 212 -181 -119 178 -48 -240 -78 209 236 -26 -155 -37 -128 -245 60 7 -68 56 145 127 -35 109 171 -112 161 -228 -87 -53 229 9 -184 100 -17 -59 -201 210 -117 -22 -57 154 47 -134 232 3 -126 97 -32 157 -136 34 -214 77 120 57 108 227 -23 -200 22 83 -231 94 204 -55 243 -56 -96 207 31 -145 -110 -66 12 -18 159 149 -209 -83 -50 190 -98 -219 81 95 176 -106 -114 -204 174 -13 -229 -207 -248 129 -116 -226 143 -4 206 180 231 -54 86 234 71 -237 -178 -247 -163 -11 -72 114 248 105 226 63 184 247 10 91 -222 64 198 230 -212 -144 172 16 65 -132 -27 155 -180 -1 -151 213 179 144 -75 156 -173 -213 246 -107 -216 20 -76 -224 -100 -230 -51 85 -133 224 -38 98 52 -186 238 44 0 -182 -206 88 235 49 221 -142 -62 -150 -25 -34 123 -196 -166 -172 55 -97 -205 170 -152 182 131 244 92 28 -218 -242 26 -60 162 167 -244 -102 -104 69 -194 -210 -81 -43 195 -92 -159 122 -120 -147 132 -109 241 194 -58 133 -137 146 37 -193 125 112 -158 46 173 -28 82 21 35 135 102 43 -241 -161 175 117 96 -138 220 -70 186 -123 -130 158 -99 -30 -234 148 -243 -185 36 163 67 107 99 -203 -3 -129 -171 -183 228 -95 187 218 138 168 -47 233 -42 -220 45 240 14 -176 160 -198 -177 201 62 222 23 -24 -5 215 237 -31 205 4 -249 2 141 -239 136 200 76 -139 -190 30 -2 151 203 153 -20 -40 -208 -225 -49 38 116 140 216 185 8 -175 193 39 202 152 -187 -12 130 -6 -121 111 -46 -127 59 42 -202 -148 73 -140 104 199 -169 -41 -246 -199 -143 103 137 -29 -135 -192 214 -79 -84 101 -170 219 192 242 197 150 61 -188 208 -156 -113 -9
TEST 10 ARG:194 -67 -56 -22 196 115 146 -134 13 -21 -88 156 170 215 -41 26 -23 -173 122 128 133 -206 14 -211 -74 -219 -148 93 -169 136 175 172 -129 -160 -121 -158 -54 111 57 237 -235 74 51 -222 79 98 34 234 -84 179 232 4 38 -42 -40 35 112 228 -20 182 -228 -44 -135 70 63 -184 -174 89 198 -220 -122 32 105 -157 169 127 -70 -111 36 11 158 -223 233 -52 12 -19 -3 155 50 -177 100 -29 -207 41 244 -167 -53 -93 211 -216 -156 -130 58 -33 -99 -113 109 -39 123 -16 6 124 0 62 9 -51 -188 8 -45 180 -62 -106 -146 -73 94 209 121 173 -18 -77 106 -78 -153 33 140 95 43 -47 -82 -104 -201 161 -217 166 -185 230 -43 214 218 -147 -203 -247 -69 184 212 -208 -145 231 -80 -57 -242 7 183 -231 145 10 235 18 -37 66 192 42 -5 -181 -154 151 159 -239 -35 157 60 64 201 -75 197 141 -36 210 -10 59 -164 -178 -204 125 -115 139 181 78 -213 162 -17 -224 -212 -86 -159 -101 130 245 -4 -131 189 28 186 -120 72 -141 46 -71 67 -226 -205 -94 29 163 -230 236 -227 16 -112 -165 -123 -46 76 113 -138 27 176 -229 178 193 22 -142 135 47 -12 -190 223 -180 -13 44 86 53 -187 -100 -214 2 -25 -241 117 -92 148 116 17 -186 1 -11 -189 -245 219 52 129 226 239 92 204 -166 108 -162 191 91 -168 -24 19 54 49 -179 131 205 -107 249 103 -6 -90 -215 -127 69 87 -182 227 80 -66 152 65 -87 213 -150 171 -243 -198 -50 -108 -149 24 216 167 -124 30 -116 107 -225 73 -97 -109 96 -49 -1 -194 160 -27 15 -237 -15 -110 -176 -64 45 -103 225 177 -68 -133 -58 -196 -210 144 -144 -250 -8 -102 200 23 55 242 -132 -183 202 217 168 -171 153 84 -119 -63 -105 -85 164 88 83 -197 37 208 142 97 195 -9 25 248 104 -48 110 -248 222 -81 -192 206 -244 82 -89 -221 -34 21 -233 174 -61 -170 -200 149 -125 -28 77 137 20 -114 68 220 203 243 224 165 -137 31 -236 241 143 101 -76 -163 -143 -117 -191 -91 -79 -202 -98 99 -139 102 -249 -38 -209 -7 229 132 -55 246 221 120 -136 -199 185 90 -151 -31 119 85 -193 150 188 -72 247 -218 -240 199 -126 -172 -83 -32 207 154 -59 71 -155 -246 -96 190 75 -238 -95 -161 -195 238 114 -14 187 -152 81 3 -232 -140 -118 -65 -26 -30 40 126 134 56 39 -2 48 118 -60 61 -175 -128 5 240 138 147 -234
TEST 11 ARG:-127 -17 140 159 -207 79 -22 41 229 -218 -121 -88 -131 80 -249 112 -235 39 -206 205 115 -57 -24 29 -92 38 -77 14 170 97 108 134 -211 44 241 -31 -85 -147 -99 -242 206 -214 -190 31 168 -95 118 153 -48 81 -32 30 245 90 89 -94 146 -165 4 -180 -53 179 185 37 141 25 7 104 171 -228 127 -209 24 15 17 -20 232 -159 192 222 61 -170 -93 -220 194 -91 75 53 -16 212 18 175 -145 -183 -194 224 -226 -72 -59 -229 -12 -129 -23 -162 225 -135 -221 -89 99 -108 154 -21 149 -217 -132 -83 143 -43 92 21 -19 -210 2 237 43 59 201 -187 94 -27 162 -240 -144 -75 -56 -37 -130 -182 126 -202 106 226 -227 142 223 16 172 60 155 -153 -123 -212 193 1 11 -223 -15 -161 74 152 -62 23 -203 -167 128 49 249 76 -49 186 12 73 123 181 51 -236 -233 -128 156 -152 133 -61 40 -47 -107 34 -114 -101 -248 -246 208 244 -175 -18 -113 -174 -78 -52 -115 -237 -117 -90 191 91 -6 105 167 100 -198 204 -67 48 239 -10 -148 98 107 8 -189 -178 -96 -177 -8 88 137 -195 -141 111 -146 -215 -86 219 -200 -9 236 -151 -176 -13 101 -213 198 -245 182 87 -65 -74 -157 -44 -225 -197 63 86 69 65 -150 58 215 78 235 -104 83 234 102 228 164 -42 -58 56 -133 -138 -168 84 129 -50 110 -109 -5 148 -124 -46 -119 -219 -30 -179 -166 173 -112 6 5 138 20 -7 93 -11 122 -41 -35 19 22 -40 -80 189 -125 150 221 -3 -186 82 -26 210 183 -173 157 238 -28 158 233 -25 184 231 109 114 136 -164 -4 246 -73 55 -156 165 -181 85 -100 147 243 -29 187 45 -34 -110 -243 -84 176 196 209 145 -171 35 230 96 -98 57 -134 117 -51 0 161 47 -140 -158 180 -33 -188 -76 -103 26 13 27 -222 177 214 -60 -155 -241 68 166 -2 77 28 62 46 -149 -208 -232 190 -38 218 -105 -234 203 113 199 -39 50 -137 -163 -204 -111 125 207 -68 -191 -106 -81 -193 66 67 -63 242 247 -172 -102 -224 64 -230 120 151 -185 -64 163 169 227 -142 -160 70 -247 103 -14 -70 -196 -169 211 124 139 3 135 178 -55 -54 202 131 -122 42 -1 -192 -184 119 36 -66 248 -87 174 -97 200 -143 160 72 195 -139 213 -205 130 -118 -239 -216 -238 -82 144 116 9 -36 -231 -71 -201 95 -120 188 10 33 -69 52 -45 216 -154 132 220 -136 -244 -79 -250 197 71 54 -116 -199 217 240 -126 32 121
TEST 12 ARG:-218 -122 166 -69 -97 -171 224 -93 -118 -246 230 81 137 237 198 179 184 146 -38 50 151 -13 19 -52 76 133 96 -20 155 190 -188 -104 -185 2 -22 -200 -2 79 213 -162 -54 -224 -235 150 46 -163 136 192 -130 -47 52 -84 211 107 18 -111 168 -169 -115 56 152 22 -101 -16 120 196 -182 201 33 -215 232 102 -117 -113 11 28 -51 135 143 5 64 145 103 -181 -91 246 189 -9 -58 -209 62 205 229 -191 -197 -119 -203 -11 -152 197 14 98 113 -81 -189 -248 -201 148 -227 238 -103 -108 -89 -198 222 -68 -142 -195 -219 176 -243 -43 -3 161 72 3 -208 144 -207 97 239 -150 42 37 -157 180 26 -145 -242 221 68 157 -214 187 -202 85 -179 -15 -88 99 -73 -14 169 170 70 -190 -139 -87 167 159 -236 -164 -133 41 -17 -199 59 -25 101 65 -206 -221 -231 -102 104 -90 73 -222 235 -168 -62 -226 -92 -24 -183 24 -178 138 -18 -153 -116 -216 -156 51 -85 -41 -239 -26 233 132 -234 8 160 -165 -143 -48 100 -74 -137 15 60 4 177 92 -33 -1 -173 -144 194 7 -12 -30 -21 -46 -64 58 147 -34 44 216 -194 249 -166 -220 181 35 193 183 -82 86 -184 -161 -147 74 172 -76 21 115 90 -228 40 -170 -4 134 126 80 27 111 -57 75 -159 53 106 -109 117 66 234 227 241 -140 34 71 -124 -225 77 -96 139 17 39 218 118 129 -192 -29 -6 -32 247 -136 -83 -10 236 -210 164 10 -56 -27 140 124 -5 214 242 -177 219 173 45 -98 16 -28 -49 -45 210 -174 -217 142 94 -71 -196 220 178 -180 -7 121 -55 -158 175 32 109 -75 -241 162 31 185 -72 -151 9 158 -249 204 209 -250 -125 -160 191 -123 182 195 240 30 29 -66 108 -23 -154 -67 186 -146 -172 -155 119 -247 54 -78 1 -112 171 -135 20 48 84 -212 -39 -42 -211 110 208 149 91 141 -213 -175 -176 -193 -114 154 -65 -127 -35 -31 6 -36 231 47 188 -186 82 -63 248 61 88 174 -187 -148 -44 226 36 -50 -40 67 0 -238 217 -95 -99 -79 128 -141 -230 -229 -77 125 -233 105 -37 225 -59 83 -132 -237 127 -167 -131 -120 -126 -223 -100 153 12 163 38 207 123 165 87 49 199 -240 55 114 122 202 -149 -107 -244 -8 212 -204 43 228 23 93 131 -80 130 -86 245 215 -128 -94 203 206 -105 57 -138 223 -121 156 -19 -129 -245 -205 116 -110 243 63 13 -70 -134 89 -60 -232 -106 112 244 78 200 69 -61 95 25 -53
TEST 13 ARG:4 -82 26 -235 101 -190 7 -39 183 54 10 -3 -191 174 -33 67 184 158 -122 -74 -62 -220 -87 -146 170 14 -209 -99 225 -181 -177 -95 175 214 -152 -92 130 -116 227 60 244 -35 49 39 -200 -72 190 -141 191 -228 -60 -23 -179 -226 236 -43 44 -10 133 105 46 -222 1 228 -118 128 31 83 172 -108 179 57 -168 -250 118 88 -203 -216 47 -156 176 203 92 -16 112 -231 -14 -227 221 62 207 208 -224 169 162 -124 200 33 239 -134 -54 -244 87 131 -198 12 -21 -57 161 166 247 145 116 6 -52 36 -173 -81 -18 -240 -47 81 -142 77 93 243 180 -157 29 -32 -34 -212 -88 -243 -155 38 -4 11 -137 245 -66 -1 -165 117 102 165 -17 -12 -166 147 21 159 -127 -11 -110 -211 -214 136 -147 146 63 -75 107 201 -171 48 100 215 -121 -172 242 52 -40 -38 -174 210 -215 -129 150 -132 97 -197 35 202 126 8 -150 189 193 -149 -8 -207 -237 223 224 42 186 25 110 -139 98 -109 119 -249 -131 222 155 178 192 138 212 -248 -56 19 231 -182 206 -2 -104 -69 142 64 -175 -29 -68 197 132 91 -217 40 114 217 205 -117 9 238 -85 45 -136 32 120 -242 -130 -22 -36 -53 230 -70 168 219 -154 0 -186 154 -76 153 23 167 173 209 -161 -234 -15 -202 -100 115 -9 -30 148 -102 -63 -123 -93 121 37 -167 -223 -164 249 -98 229 -180 -84 50 181 69 -196 -126 55 -120 187 -206 152 -169 204 18 85 -51 95 194 -151 -148 157 -49 -133 122 246 163 211 -25 -245 3 151 141 -105 -96 -59 -185 -86 -67 -204 -247 -90 61 17 -232 34 -140 -77 28 76 226 248 -7 -143 -144 156 30 -6 90 -73 137 232 241 15 -163 198 84 -138 -64 86 -46 73 106 94 -58 124 -239 218 -229 -188 -89 113 -119 2 -45 -113 65 96 -78 -79 -158 103 216 196 195 -176 160 164 -111 188 -101 -20 -153 -125 -183 -201 144 43 234 104 -19 59 213 -135 51 233 -106 -230 149 75 -37 -28 -24 -48 -65 -195 -94 -199 109 220 20 -225 -208 -80 70 123 -97 -162 74 -187 -236 -184 -50 27 -160 -193 -238 -145 -5 -178 235 -42 237 185 79 -159 -107 41 -55 80 139 -27 -233 -71 182 -189 -205 22 78 171 -192 108 89 -44 24 16 127 134 -112 -218 -241 111 177 -213 66 71 -221 125 129 5 53 13 56 -26 240 -210 58 199 -194 -128 -91 -219 -13 -41 -170 99 82 72 -114 140 -83 -115 68 -246 135 -31 -61 -103 143
TEST 14 ARG:-1 -39 -75 51 116 99 7 155 -243 -219 -30 187 -236 150 -50 -91 66 -230 -96 -68 136 132 214 200 2 -126 -138 -48 32 15 246 181 120 -163 -119 186 -105 -240 -147 115 124 142 33 58 61 152 134 -154 -127 -33 -12 144 -172 -92 108 11 -25 -228 -217 -89 -124 -102 -82 49 -14 93 3 168 -100 219 194 -103 166 -149 -15 -231 -227 -109 -108 -224 -180 -132 -45 105 -171 192 -84 197 236 161 -229 102 95 -218 169 -54 1 249 -65 -110 -181 -125 -195 -3 167 224 8 -201 -182 215 -135 90 50 232 6 203 -159 -146 -158 -13 -210 80 -222 183 199 87 52 230 -148 222 47 -157 -28 -250 -29 -81 165 23 89 -215 26 202 -194 -5 -22 -26 -190 221 -9 240 113 235 -97 149 75 -31 -173 117 198 201 248 -8 -184 163 94 -41 -220 12 -152 -16 237 -167 162 -21 173 28 -80 -178 70 -141 -111 -133 -246 -191 19 227 -83 -72 231 -36 -46 -248 -98 -145 211 82 154 125 109 177 -19 -207 55 208 -164 -40 14 -55 38 127 60 164 -37 146 77 100 -85 205 13 -170 -199 -151 35 -112 -32 57 88 74 73 212 138 -235 -179 -206 -196 30 -197 -192 37 -42 119 190 -183 29 -247 45 -76 9 -59 -129 79 -53 145 -188 209 78 -144 -58 234 213 36 -150 -7 -216 10 193 -242 157 56 -185 -115 -71 -18 -168 -225 -249 -245 -241 81 -214 -2 148 -51 -10 25 172 126 -204 229 180 48 176 228 135 104 188 -166 141 -114 96 130 106 -93 -213 241 -198 -202 -203 195 39 5 129 184 -6 -34 22 196 189 98 210 83 84 242 20 -120 -121 -79 -208 54 -60 206 -47 101 247 -43 -205 18 156 217 91 -44 -24 -78 -74 42 -193 64 178 245 65 -165 -128 -131 238 110 -134 -123 -233 -239 -174 -122 -49 -212 137 -62 40 -176 -95 -57 171 175 -169 223 111 -175 -186 -160 16 159 207 -155 -35 160 67 72 34 53 -244 -211 216 71 -226 -4 -118 63 -187 -117 -142 -11 112 143 -38 131 -113 -232 128 68 151 243 -27 -116 158 62 -162 21 -90 -161 140 -234 220 -86 -209 -73 -77 -137 153 174 -63 -52 123 -70 -56 -136 -140 85 -223 114 -143 191 244 69 139 43 -101 0 182 -139 -221 218 27 -64 -67 226 -20 97 -238 -107 44 -177 41 185 121 -23 76 -61 -237 86 59 -104 170 -94 122 46 118 -189 239 31 -106 24 -130 -153 -156 133 4 -99 103 -66 -200 -88 107 233 -17 204 -69 225 -87 92 179 147 17
TEST 15 ARG:-107 109 49 -157 45 225 -51 127 -82 -188 -125 19 -66 -217 -63 -86 69 -118 -163 159 -178 27 -221 -148 -147 -223 80 146 -109 -172 206 -36 -142 120 116 6 -110 -89 231 -70 -167 95 152 -180 97 124 161 -122 59 56 195 133 -83 -231 -222 223 -220 -143 -7 -226 -229 -206 -242 -155 -191 90 115 -121 -17 -166 2 153 249 -71 215 -196 181 -134 -1 91 -57 -27 229 125 -137 -47 168 -115 -248 -187 -32 46 -105 -88 -201 236 76 -238 164 -52 -241 166 -127 -183 65 201 202 -80 218 227 178 228 -58 234 48 3 -236 235 198 183 15 -78 29 114 -149 -145 217 -193 162 -228 61 -161 210 -85 247 62 -195 117 44 28 87 237 -59 -25 -10 92 -112 121 -2 -224 122 -43 214 -94 -116 126 -218 -15 131 203 -200 204 96 -42 -170 26 77 154 -106 64 42 156 -173 -44 245 -129 -216 51 39 -93 155 106 -156 13 -54 213 196 150 89 -41 211 -135 130 -140 -240 -50 182 85 -5 -169 -84 135 233 101 138 21 -123 105 -249 142 167 134 52 -49 -108 -61 -160 -208 226 -184 199 145 246 -150 -95 99 30 -87 -168 40 -158 88 -234 187 189 -24 -65 241 -219 -190 -100 -81 50 180 -179 -102 0 220 -120 119 -232 148 63 81 -34 186 43 -174 -128 4 -28 140 -60 -212 -40 -103 112 -124 -14 -72 -101 -233 141 165 14 100 18 47 58 -177 -247 72 -131 -209 -69 212 194 224 248 -230 70 -113 -75 -133 10 9 239 -175 22 110 -20 240 54 -211 -152 -162 -98 -214 -30 67 -144 -55 84 -225 111 -159 75 -12 7 33 -73 -4 216 222 -104 83 -250 -189 12 244 118 82 175 34 38 103 -138 -19 74 163 -204 102 147 -31 193 -227 -192 144 -197 37 35 23 173 -153 -21 53 -8 -136 191 184 -76 17 32 41 200 -13 24 -11 176 -215 -213 160 16 57 -194 71 31 -91 -97 -46 -56 129 -164 190 172 143 -23 232 174 -92 -165 -74 20 94 171 -114 139 -126 -139 170 -210 192 -246 221 123 86 -62 -182 179 -18 -132 -207 -3 185 -202 104 -96 -205 -181 -29 151 -198 132 149 -45 242 8 11 -22 207 -203 -16 5 238 73 208 -9 -245 -237 158 -68 -111 169 78 -37 -64 -117 128 79 36 1 -244 230 -99 -186 108 -151 66 107 -39 -154 177 136 137 -119 -77 -185 -67 93 -26 55 188 -79 -141 -35 205 113 243 68 -90 60 -239 -6 157 -130 219 25 -176 -243 -235 209 -38 -146 98 -171 -33 -53 -48 -199 197
TEST 16 ARG:158 238 149 22 -63 103 -108 -140 -18 -137 -85 89 244 -207 166 -82 133 248 120 109 -213 -193 141 204 12 -245 -144 -177 -237 214 14 -247 104 209 -122 114 -98 91 -243 1 -197 147 -114 -246 113 -36 81 -235 -179 -154 175 -9 -111 65 -95 200 169 54 -219 -131 87 -157 -236 72 58 -125 -90 18 132 247 39 192 -25 -128 231 249 -96 -3 84 -218 197 -93 121 16 -216 -192 -176 -239 -26 233 -94 85 -178 208 -139 210 135 151 80 -45 -199 -132 213 -6 -20 152 24 203 -146 -51 -55 -210 13 127 -164 221 41 67 -129 -208 7 25 17 128 83 -119 -84 146 -74 -44 115 -230 -92 -113 206 45 222 -228 31 74 -186 136 51 -155 161 207 -225 -244 -16 -221 246 -46 150 -38 -196 -118 145 -147 -61 100 194 -150 86 35 -79 -34 -229 -77 -130 130 -175 -11 170 219 28 71 -226 -87 224 -159 112 -49 -169 142 -109 95 243 -70 88 62 180 -22 188 -188 99 96 -135 -194 -181 20 181 153 183 105 90 216 205 -249 123 -134 56 -24 -153 -121 -158 182 -203 -120 76 -8 -227 -103 -184 68 162 48 -151 -170 119 -112 171 37 5 -165 55 -106 94 -12 174 57 -127 202 226 29 -10 107 228 61 -19 144 232 -62 245 -86 -209 -222 -168 -152 -116 198 -180 -59 -204 -33 -89 -248 101 34 195 -78 -15 -75 26 59 -60 190 98 -102 184 32 -141 239 -31 -232 -174 110 64 -105 -4 227 -65 -202 -1 118 -231 -224 93 220 6 50 36 116 -76 134 242 185 137 138 -64 154 -14 10 -214 -145 79 164 23 -67 106 -172 165 -241 97 167 52 -189 -198 -83 129 -52 -99 4 -41 172 33 143 124 -217 186 77 0 8 -143 -48 -29 -43 -32 -39 191 173 139 230 30 66 -72 211 27 -40 -136 -187 -205 -182 229 -54 126 196 -35 -100 -190 -133 212 155 19 235 -53 -212 -211 193 11 189 -161 -138 43 82 -73 -171 -201 -173 -160 92 73 -58 -117 -195 223 -71 -183 -167 218 177 53 -126 -17 108 60 168 -233 -5 -37 140 -21 234 -149 159 -156 117 -124 -66 215 -101 -148 -242 163 -42 75 -115 -110 9 49 157 -104 241 40 125 -234 -88 187 44 -223 122 3 237 225 -23 -206 -240 148 217 -50 -7 -191 -69 156 15 -215 69 102 70 -47 46 199 47 -250 -123 -81 42 176 -107 131 -30 -200 -185 236 -28 -238 -57 111 -97 2 38 -166 21 -56 -13 -68 -2 78 179 178 -220 -163 -162 -91 201 160 -27 240 -142 -80 63
TEST 17 ARG:233 180 215 16 -82 -46 4 -246 -242 174 79 161 -65 36 -77 71 -21 -137 -222 -56 42 68 50 141 60 -157 -155 1 211 107 31 -131 -15 157 -188 150 115 91 54 47 169 156 -58 29 176 -248 -217 -51 -89 209 93 -165 -101 -119 -138 -133 -191 -148 74 -156 -3 -166 249 173 -228 101 -86 177 147 82 37 9 208 45 -192 151 214 -8 227 41 165 -169 -62 118 -59 -100 117 -205 89 179 57 -115 145 100 -162 245 -42 -93 62 -199 55 238 -123 168 -200 -116 56 -212 -50 -216 30 -81 175 -28 23 181 -158 235 -150 240 -135 -134 94 -80 -60 -219 -170 139 19 -210 -143 -9 44 -52 -4 -173 -45 122 244 155 -49 10 -24 187 158 -177 -1 8 -109 -125 111 -249 108 153 -34 86 -145 -122 -209 -237 96 -103 -230 106 -233 163 22 220 15 -78 -130 113 188 -129 -202 77 32 -53 53 -197 219 -66 -6 189 21 -31 -112 -182 190 -245 166 104 206 138 84 35 -87 132 -201 -198 128 -241 -203 121 87 99 -105 80 149 213 25 -244 183 -63 -23 231 85 228 -114 -187 -226 123 66 -73 200 -193 -107 -75 -67 -207 39 114 -88 -239 -221 -124 -225 230 -54 237 -234 63 191 -243 -164 -142 -144 186 28 61 127 26 -195 -161 152 40 192 129 13 130 137 -117 143 195 -5 -108 73 -183 203 248 -111 76 27 7 116 246 69 124 -30 -127 59 -178 -10 -220 202 -247 239 242 -140 48 -149 -14 112 198 -91 -64 -55 -132 -223 204 102 -84 78 -236 -37 -13 -22 207 -83 -186 14 -152 -194 -41 -227 -18 172 -47 -85 38 120 -102 201 224 -171 -121 11 92 49 -146 -215 -95 -240 -211 3 -16 199 -159 -32 229 33 -139 51 -235 134 -90 221 194 -141 95 -38 -213 -214 46 97 210 -184 148 75 -36 -190 140 110 144 226 -106 -92 -19 154 -176 -27 -189 -94 212 52 105 135 67 -179 -48 -96 197 -160 -17 -224 -104 72 5 -126 -229 -204 222 247 34 -79 -167 136 20 -175 126 -120 -61 2 216 103 -110 196 64 -71 -29 -11 236 -72 24 -151 -147 146 -12 -43 -2 178 65 -208 58 -232 205 -70 -98 -238 90 -174 17 -39 182 -172 -231 0 -185 162 -218 171 164 -181 225 83 185 -118 184 193 18 125 142 -76 -74 241 167 109 -128 -180 -196 -26 -68 119 -250 -136 232 -99 6 88 -113 -154 12 170 133 -40 234 -7 -44 -168 223 43 -20 243 81 160 -35 -57 217 -206 218 159 -33 -25 70 -153 -163 98 -69 -97 131
TEST 18 ARG:-36 60 194 173 230 130 169 -57 -51 80 120 85 167 40 -187 -219 -16 153 -19 89 -148 -108 135 -140 -3 -5 34 -169 162 16 -158 -46 -105 231 -95 -208 118 -149 30 -17 189 168 8 237 -240 -55 114 -31 -118 -249 -48 -53 219 -236 72 103 2 -146 116 35 -124 -83 93 -18 22 -45 -238 -185 -155 -235 154 -136 -72 -103 -250 -117 107 -134 -227 213 -116 110 197 207 18 -74 41 -217 -30 -204 -37 128 185 -97 -137 215 45 127 191 9 211 -143 111 33 151 -206 249 64 -232 -222 223 -145 239 -50 32 137 56 184 124 -69 144 141 -233 23 -172 52 -215 -20 3 148 -221 -34 158 -122 245 -165 -226 -209 -100 29 28 -109 -21 145 100 246 -98 -220 37 84 -102 -188 198 138 -11 244 227 -228 188 195 50 -85 95 -15 -245 47 -89 171 -163 61 247 -177 75 -56 78 -201 -75 -76 105 19 175 -243 -239 -123 86 -32 -229 -10 -246 -211 212 156 205 -175 -61 -194 12 -230 -44 -199 31 -38 -4 -24 161 -193 -147 133 -112 36 136 98 -234 -93 218 220 83 70 166 183 -192 131 44 74 -82 192 -135 14 -8 -174 -70 94 -152 -110 -92 121 -130 -2 -160 187 -27 90 236 -78 -49 -113 -29 87 51 -106 106 232 -40 178 -203 68 -159 79 -94 196 -114 199 165 -62 217 -71 49 -84 -144 -166 -128 -33 -151 -184 -87 -182 -162 204 17 150 -164 92 69 -42 -247 -119 -181 109 -66 226 176 203 172 -139 -196 -64 -216 123 -67 126 -7 182 206 -1 101 -248 13 43 -156 26 11 186 -25 -153 -77 -186 59 25 58 132 117 143 -189 -6 125 57 -129 -225 -195 10 76 -121 104 -132 -23 -88 -59 99 102 65 5 63 -79 38 21 134 208 202 15 77 243 224 71 164 -125 -68 42 -241 234 -80 97 -191 112 210 -176 -200 163 -28 -115 -214 174 -96 -205 -223 -52 -213 108 24 221 27 147 122 -157 146 -198 -35 -133 6 222 248 139 -173 -210 88 73 -86 91 54 -190 -224 193 177 -120 209 233 -14 -142 179 152 -81 -126 -180 -244 -167 -161 142 48 157 -101 -179 -54 235 -111 66 240 -107 -231 -127 82 67 46 180 -218 119 -60 -41 53 159 -90 4 214 -104 -183 129 39 -202 140 0 170 -207 -168 -242 238 -65 155 81 1 -9 200 115 -178 -237 -154 225 113 -58 228 55 -39 -43 20 -171 -47 -212 -150 229 201 -91 -170 62 -63 -12 216 242 190 -73 -22 -141 149 -131 241 -138 7 96 -13 160 -26 181 -99 -197
TEST 19 ARG:16 -27 2 208 -22 81 -111 -149 -113 -214 -29 -162 50 -45 -82 -18 -160 -15 -108 224 -75 -61 -234 161 -157 156 -36 -202 7 -24 69 58 -4 -144 230 143 213 221 181 111 204 155 62 -223 -240 -101 -213 -216 -5 75 -35 -152 -142 193 201 -138 121 -63 53 205 -25 -203 195 -23 228 -206 177 -88 -248 -236 124 29 72 237 -250 40 23 -231 247 209 95 -30 129 -49 96 -129 -168 -67 222 -235 -34 48 -132 -159 -94 43 -209 -181 32 70 71 -92 80 131 -6 -125 -143 86 76 -64 153 232 92 -40 162 146 -43 182 -10 73 88 99 -20 149 -186 -90 206 179 -210 8 -232 5 -73 175 97 -53 30 -107 37 -180 203 -95 229 45 -225 235 170 108 -207 -112 -164 114 -21 115 -187 240 42 -182 -211 -169 -120 225 -16 -50 166 -69 116 196 -146 64 54 147 35 46 150 -222 -28 144 212 -131 -39 -166 -137 -229 12 65 -78 236 91 -161 -104 -141 -14 38 -201 24 -2 -172 87 157 4 -197 -85 107 -198 39 -103 -218 -44 -246 169 -110 202 248 163 219 -38 -193 -184 102 -200 183 198 145 44 6 238 -32 -244 -171 134 -174 -7 27 0 132 199 -247 -3 -70 49 90 -97 246 11 -136 28 -51 -147 185 -115 122 94 160 -80 68 106 -167 -170 180 -76 -175 -105 -196 112 187 -191 -100 136 15 223 84 -71 -154 -140 -134 -41 -205 -179 200 93 233 239 -87 -116 -19 -9 105 -241 243 110 133 -224 -127 -11 -48 138 217 231 14 -145 19 -99 -12 -123 151 -13 -192 -83 -106 123 -33 89 -54 137 -156 -135 -122 98 -128 168 3 -47 -165 141 -217 -227 -65 171 -98 56 66 211 77 117 -212 -148 -185 85 191 -133 -178 164 -130 10 192 -68 -72 142 103 -31 55 -194 189 -8 -117 20 -81 -52 78 -62 148 -150 -220 -79 -60 67 244 60 -42 100 226 -1 120 245 -233 -84 126 -74 -215 -37 227 165 -243 82 -155 79 172 216 -17 -119 -139 -46 152 83 41 113 186 -102 74 -57 215 127 -56 -226 18 -96 25 140 135 109 22 197 -204 -249 -86 139 214 184 63 17 130 241 1 -153 -189 128 -239 154 101 -124 -26 -237 167 -199 51 218 234 9 -58 210 242 -126 -221 -114 207 31 -59 190 -151 33 125 21 26 -228 -183 -208 -173 119 -55 173 194 -176 158 174 34 57 -109 -219 52 118 178 188 -93 -195 -190 -238 -91 104 -177 36 59 -158 220 -242 -245 176 -77 -230 47 13 -89 -66 61 249 -163 -121 -188 159 -118
TEST 20 ARG:247 -207 192 -130 127 -146 39 -112 229 -120 0 -72 -179 -74 64 -174 -153 -124 -11 -226 180 -129 77 -244 -2 161 175 -82 -227 -187 -98 -159 -13 -62 214 -177 -166 216 137 -92 154 -194 70 65 -64 -113 40 -210 -54 -234 -109 -76 -6 146 80 -132 -138 -224 43 -155 213 66 -186 -136 -96 35 -66 143 248 171 -10 -59 -150 -156 126 -122 135 -196 -235 -52 -165 -116 -55 123 -56 -236 103 -115 -176 134 -121 36 -65 226 145 -20 -41 184 -38 -70 38 -84 -199 -73 -205 -101 167 209 -33 -201 37 49 28 194 223 114 122 -145 108 95 -100 27 241 -12 249 -149 -238 -34 33 170 -18 -19 -249 -53 30 153 -250 81 -35 -248 189 -233 -125 231 4 -229 -119 243 -223 21 5 -77 150 -103 -191 174 -202 240 -17 136 205 -123 -134 -147 -152 -7 -206 -245 -178 -4 34 -111 -198 -217 169 111 133 238 -85 -169 155 -157 147 207 20 220 179 -204 199 197 -102 -181 -200 -225 109 85 190 -49 9 -228 200 -219 141 148 166 62 84 178 -171 41 -63 -158 3 176 -31 -161 -58 239 -126 91 113 232 99 98 -243 -22 -128 -131 19 -163 -91 82 58 -193 -106 107 183 23 -23 224 159 -110 -160 1 -71 -78 168 -203 13 -167 -170 121 117 185 -242 -67 -39 -148 -25 -189 47 7 -195 208 56 -26 97 125 2 -1 -180 112 -93 -87 -89 50 237 55 52 48 182 44 -239 -81 -28 -37 -24 230 -143 186 -246 -141 88 188 -43 177 217 -184 160 -105 -3 -231 68 204 92 72 100 234 203 25 61 -183 -97 54 -192 172 16 129 -40 105 -185 -232 228 193 93 244 69 -209 157 -44 162 210 -30 -32 -144 6 124 -48 245 -94 116 14 -29 202 -51 31 22 -27 -213 26 79 104 151 59 -133 -86 -168 -222 -182 -60 -190 165 60 -162 45 -127 75 -188 164 -8 246 130 71 -16 -208 10 -212 101 63 152 -9 -220 211 -237 86 -197 198 24 46 -21 76 -36 8 -214 -50 -142 156 140 128 -14 -42 236 118 12 -57 32 96 -173 138 -118 181 18 78 115 -140 53 -104 131 -108 51 -218 -151 221 173 -46 212 -88 163 158 142 -247 -241 -175 218 74 149 242 235 -135 -75 57 -139 -240 90 187 -15 -164 87 201 -45 42 -68 -215 -95 120 -216 89 110 227 -172 -230 196 233 -221 195 219 -47 -61 -69 -137 102 -80 106 83 191 -90 119 222 -107 73 144 17 15 215 -211 -99 94 29 -83 225 -5 206 67 -79 132 -117 -114 11 139 -154
TEST 21 ARG:-4 -58 -100 -53 -37 106 -91 -22 -144 165 -115 -78 174 -123 -136 -180 128 -96 -207 -57 220 115 -173 9 145 -101 140 124 204 189 -220 -138 103 133 -42 -93 -198 -176 -163 -230 -231 100 244 2 -145 -196 -225 11 18 -92 184 218 -8 -235 -221 21 245 -89 132 35 -61 122 208 -2 114 225 25 104 -113 -31 5 -87 -73 89 136 32 130 -26 169 206 -84 -88 55 -32 229 171 -129 -143 -154 101 -69 -169 -168 -125 -186 -160 -99 51 43 -54 -181 -30 164 241 125 141 -124 230 223 153 29 -210 -10 158 156 83 -158 -15 -206 -3 -33 -117 -16 -178 -64 -108 -139 -241 37 113 -216 57 -79 -39 71 120 -48 146 -183 -104 22 -98 207 -49 54 -47 14 -233 248 198 96 159 -38 -237 160 20 -212 91 197 -52 -159 -165 249 10 182 44 217 -157 -243 12 178 -81 -137 219 -20 -246 72 -236 17 185 168 -164 135 79 -21 47 179 -152 -135 -195 -116 0 94 -149 -102 -43 -97 -59 -29 -193 -223 26 -140 -6 187 -85 -77 -232 234 -56 -203 23 46 58 -82 -189 -67 76 126 78 247 -132 -134 82 150 -40 -34 52 177 -187 -185 -242 -213 -153 -239 60 -166 214 -194 86 -66 -222 74 237 129 186 -141 -70 131 -226 147 -128 97 -121 87 56 -126 64 233 242 161 -155 202 -60 30 41 228 201 -63 -240 227 216 210 90 61 -204 -28 127 243 173 112 166 -171 109 231 -202 88 -13 -182 6 -7 138 -170 142 119 -238 -55 -27 53 77 -127 8 65 -208 81 -224 99 117 134 116 108 -5 240 19 192 -201 -172 73 170 139 -142 -12 144 -51 -76 191 -111 95 176 -72 -148 -41 27 -217 62 226 50 157 162 -105 -11 -118 -191 -150 199 13 105 93 -229 85 70 239 66 -9 -219 137 38 -35 -162 221 40 -244 15 -36 193 24 -133 -109 -45 212 155 224 -1 -112 -14 -179 36 -215 -71 -228 -161 194 -249 -199 -94 -218 180 -200 -75 -23 84 102 121 -247 -205 -80 200 123 172 -86 68 -68 -167 63 -46 222 149 39 235 190 92 -177 -95 -197 80 -17 49 213 143 -114 1 118 -188 175 75 151 -65 4 -74 -19 69 196 45 -248 -130 -175 -122 -209 215 48 -107 59 -103 148 28 -234 -119 -211 205 67 181 -184 -110 167 -90 188 246 154 -147 163 152 183 3 -18 236 -146 195 -83 -131 -156 -50 34 -25 -214 -24 -245 31 211 33 -227 110 -120 42 107 -190 7 111 232 -106 -151 203 -62 -250 209 -192 -44 238 -174 98 16
TEST 22 ARG:-99 6 229 -244 -8 40 207 104 -81 -210 -145 50 -170 168 85 -58 234 -20 219 167 -217 -235 196 129 99 -180 -27 116 225 -182 67 53 90 -161 180 123 -112 -73 -241 -117 -71 -240 -194 55 24 -29 0 175 27 -90 193 140 -177 142 228 29 -231 206 -237 226 212 -100 -192 37 44 133 -227 -247 58 -162 -33 -176 -158 8 87 92 185 70 -60 -138 -178 -10 209 1 -115 218 211 -23 205 84 208 -116 -203 103 -181 82 -250 -12 61 192 221 174 -15 9 32 -198 -79 -44 161 109 -129 202 190 -228 -146 -134 -144 18 -219 -75 181 128 45 -242 77 -201 -120 -205 -2 79 -195 23 41 232 -246 -136 -133 10 -214 -218 -41 -230 -19 -139 54 150 -186 81 102 -114 -47 238 151 152 26 42 96 -111 -147 176 4 -76 30 165 -69 46 203 -153 -239 170 65 -118 231 39 237 178 173 247 60 195 125 246 -55 74 -98 117 -11 93 -132 -221 -216 -166 -1 -65 244 -17 -6 57 144 -222 149 -39 21 -121 -91 162 131 188 -124 134 -16 115 110 -30 113 59 16 187 166 76 -206 -156 245 184 135 121 214 -5 -68 83 -3 -108 -97 105 -187 -159 227 210 -104 -213 -42 -137 38 -212 114 25 89 169 97 155 148 -57 223 141 -188 86 63 132 -32 -245 -128 248 -163 154 -93 -61 33 100 146 -80 101 -164 -84 236 -148 -9 164 139 -21 -167 197 35 111 -89 137 -72 -52 235 -191 49 124 66 156 201 64 -196 198 -154 240 -22 -126 -53 -13 -207 -142 159 17 -140 -103 194 -56 -236 189 -173 108 -14 -199 91 69 80 19 -45 -202 -135 204 239 -150 153 127 -35 136 -36 -208 199 120 -141 -26 48 56 224 75 -130 163 -83 -66 -197 -51 47 -70 -106 -101 15 -107 130 -37 5 -127 -168 242 78 122 -40 -34 -109 -25 -169 145 200 -223 -102 14 71 -119 -220 -95 126 -215 147 -183 34 2 -38 -229 217 230 -211 -224 222 -131 -193 179 158 -200 13 -243 160 -92 -48 -94 -226 88 12 -160 -63 -184 -7 177 68 243 -46 31 213 94 106 233 -78 -86 36 11 138 98 -171 -175 -88 7 -110 -87 241 -174 -24 -82 -189 107 112 -152 -149 43 -49 -122 -165 -67 -190 -185 -248 182 -62 -4 -85 -249 73 171 28 -113 -77 119 216 62 -155 183 143 172 -143 -96 -179 -232 -234 95 -43 -18 157 -64 -238 51 220 118 22 52 -204 -59 -105 72 215 3 191 -125 249 -28 -31 -151 -209 -54 -225 -50 -123 186 -74 -172 -233 20 -157
TEST 23 ARG:-130 56 -210 239 64 93 -175 -203 -93 -222 -192 89 231 42 227 -73 55 -235 -134 115 83 247 200 118 191 -196 22 -89 -30 -247 -238 41 -223 163 137 -245 -139 223 5 170 -152 24 104 -195 -19 -211 -169 186 -44 -127 80 2 -232 -91 -39 102 14 249 -172 196 -165 -63 51 -104 108 -36 77 -158 -146 -202 -45 16 59 -48 26 -57 -157 15 211 216 44 -176 244 193 85 -60 116 -56 -69 -118 -64 -128 -88 -80 10 156 40 -109 18 -144 138 119 -119 -75 192 203 181 -131 -96 -197 -140 -228 62 112 175 168 -162 -112 -207 110 -143 172 46 68 -189 -4 150 149 -215 185 58 98 54 -153 -94 113 141 246 226 -147 -186 230 19 -230 -180 136 79 131 241 -190 50 189 -154 210 202 -163 -6 -151 81 -14 -171 -10 -214 -234 -231 -100 -132 -90 135 107 160 190 -51 -142 99 199 20 -27 140 -167 -170 -5 -22 174 -126 -145 164 -149 72 -46 -78 -219 9 -227 -47 147 95 75 157 -98 7 248 198 221 6 -184 -226 -1 -237 52 166 121 109 167 8 -25 -50 -38 94 32 139 -17 205 106 60 -242 122 53 70 78 34 -161 -79 48 183 33 -84 155 -13 -124 -182 74 92 66 -155 -193 73 -29 -72 245 220 -225 61 -137 -224 67 -23 125 215 13 -218 -164 -21 123 127 -141 -114 -42 -65 204 -221 229 27 -246 -150 177 133 25 234 -123 37 -77 -16 207 57 243 -18 71 197 -32 179 -188 -70 148 -2 182 101 36 -58 -129 12 -240 30 162 84 -120 180 -41 -216 114 -117 -201 -12 -34 -116 -9 -198 87 -233 -26 -244 232 -83 -7 209 0 -135 -205 -85 31 -115 -122 -199 -59 -37 144 -8 225 11 3 184 153 45 233 111 206 201 126 -174 -82 -212 240 217 -66 69 -183 65 -156 76 38 161 -33 158 -179 103 -166 188 -71 -87 -241 146 142 -92 171 -204 -28 96 237 159 -194 -62 124 -76 -101 86 -15 218 -206 35 -97 -110 -49 -213 -136 -11 -248 -220 145 -53 187 154 -239 -191 -74 195 224 88 219 178 -106 -103 -185 17 -105 152 151 -125 -86 -95 63 43 -68 222 -40 -108 -209 165 49 29 -236 -43 -217 128 -160 -178 134 -61 238 -102 130 -181 -99 -24 -81 47 90 -3 91 -52 21 -138 212 -173 -177 213 -229 228 -35 -250 82 -111 176 -107 -168 -20 235 -200 -55 143 236 -31 -208 -148 117 214 -243 173 242 -54 -113 1 -67 28 97 132 120 39 23 -249 105 -187 169 129 194 100 208 4 -133 -121 -159
TEST 24 ARG:-37 -217 159 69 40 216 96 -188 207 95 -80 237 73 6 231 -224 -231 -174 -22 66 -115 -103 -35 -223 7 -248 141 44 -112 -41 -176 35 186 -87 172 -135 176 165 -171 79 30 -137 -198 223 -73 -54 74 212 81 -70 249 -168 -237 -184 -132 -145 232 -210 -238 -249 115 -193 -98 113 -79 97 -226 128 -9 -179 -220 170 47 154 246 197 238 122 103 121 -60 -158 -33 48 -2 -204 155 184 -142 160 -6 27 -53 119 55 -95 87 181 191 243 8 -240 199 151 -14 77 58 -181 195 164 144 174 78 177 -104 -162 -194 125 169 -25 143 -236 -77 108 221 230 109 2 137 -29 -63 59 50 -118 -129 -28 -203 142 -19 -102 -216 -4 -157 -43 183 217 -225 175 235 150 -122 225 34 117 25 28 16 234 53 -235 4 72 185 -105 84 131 17 -109 15 -227 67 -189 -121 -15 202 86 101 0 -16 147 -205 -106 -89 88 -242 -177 156 64 -114 -127 -59 233 -57 -47 -72 -68 61 222 242 9 118 104 -31 -180 224 99 100 -190 -81 -125 129 -62 -136 38 -78 -183 -147 -108 -65 56 32 70 1 163 -130 -208 -212 152 -228 229 -51 161 193 -230 -56 -215 110 201 -234 -13 -18 -3 -186 180 39 -85 -209 136 219 211 -244 -107 46 245 166 139 -113 214 220 120 -32 -120 -40 -99 -151 -42 -152 -213 -156 187 126 -134 130 18 94 123 83 138 91 -110 98 14 33 -36 190 -128 -76 -61 198 62 146 75 -232 240 -206 42 -143 -149 -201 -94 -163 -119 188 -126 112 54 -50 -93 116 167 -222 -45 200 19 -131 -173 -96 107 -146 68 90 5 228 36 -84 132 21 22 -124 -169 -58 208 102 -133 210 226 -52 -250 23 -202 -34 -182 204 149 12 41 26 -144 -199 -138 -219 194 157 244 -141 -178 -17 -191 209 -211 -91 -44 196 -7 -170 89 92 227 45 -48 179 247 192 -66 29 37 241 -92 -86 80 140 -167 11 -245 -55 -27 -21 -214 124 -218 -71 -49 -187 -139 -23 -64 -38 13 -75 -239 239 -46 127 -150 31 -67 -10 248 -229 -1 135 -247 -100 -90 106 -148 -26 105 -221 -200 -159 85 162 -5 158 236 20 -161 57 -233 -11 203 49 60 -83 -241 -192 65 43 153 -116 171 3 -74 -8 -165 218 -12 182 168 10 -101 -111 173 -160 -117 52 111 114 -88 -39 -155 -246 -243 -185 -153 178 -195 213 -123 145 -207 -154 -82 -196 -140 -166 71 76 82 63 -197 -24 -30 133 -20 24 189 205 -175 215 148 51 93 -97 -164 206 -69 134 -172
TEST 25 ARG:78 107 157 -121 -11 246 -166 -135 -115 -108 -19 -181 -189 -51 -193 148 -123 135 67 102 19 126 -158 -175 -128 -141 45 196 87 0 151 225 97 -140 145 204 -182 -228 158 48 168 52 192 232 -177 172 -217 -101 -245 245 -1 207 83 -31 -221 14 9 -240 -26 -225 86 92 -86 -127 -133 109 217 198 191 -106 224 -196 -116 -157 -197 205 165 170 116 134 219 60 143 -57 153 -173 -96 238 53 200 210 31 175 -227 103 -75 -224 -152 79 177 28 -56 -209 62 -203 77 -235 69 98 -22 -137 25 -202 -180 178 -63 182 174 51 -68 35 209 -28 55 221 185 -179 -247 -184 76 114 23 7 16 201 80 84 -44 27 187 181 -85 -111 -113 220 147 -105 -94 -14 95 -243 -107 -34 -25 248 115 -199 -150 -192 3 -222 -174 -73 -13 -92 213 -103 -42 -233 56 222 -250 -104 110 -70 -93 188 -47 121 -67 189 -12 12 124 244 169 -215 -109 180 199 -129 -71 -194 -201 75 132 186 -74 249 -15 131 -69 -204 118 -102 -160 136 247 40 -99 141 -61 90 -40 17 123 -6 154 -83 -59 43 -66 50 -164 -78 212 4 228 -246 38 176 -33 -238 -154 243 -143 214 37 -9 171 -84 101 -226 -155 240 -234 65 -18 -219 -211 -23 193 -220 216 66 -110 -214 -62 231 183 234 139 -210 159 140 -142 -130 -213 33 -183 1 -188 -169 29 162 -190 -50 128 42 -122 -216 -95 73 155 -132 -82 -2 -72 46 34 242 -17 -54 127 -126 237 167 202 -46 106 70 227 -88 -146 -97 54 58 125 -29 -37 -145 20 -117 -45 -232 138 -79 -187 -237 235 2 -167 -165 68 -55 -112 129 190 208 120 100 -21 -163 24 111 -218 -49 39 -118 -153 -149 99 47 81 -16 26 156 -242 195 130 -60 233 -178 239 184 146 -207 13 93 173 8 163 -114 36 -151 -3 -64 117 -8 -171 -200 226 -52 -27 -32 -41 -100 -156 64 6 -162 -159 -148 229 44 -5 119 -90 94 85 -20 -36 10 152 -208 -205 89 166 -119 203 -249 112 32 15 -53 82 113 -125 -91 104 137 -87 -206 63 206 61 144 22 211 -43 -223 197 194 -30 164 -191 -134 179 -4 -144 -120 108 49 -89 57 -38 41 122 -124 142 -172 -136 -186 72 149 -76 59 161 236 -195 11 -65 -230 -58 -176 -244 241 -147 223 96 -161 -212 -35 -229 74 215 230 -81 -239 -24 133 71 218 -39 -10 -241 -168 -248 -48 21 -7 -80 -77 88 91 -236 5 30 -138 -131 -231 -139 150 18 -198 -170 160 -185 -98 105
TEST 26 ARG:92 151 -184 118 93 -107 -98 -183 149 -165 65 -222 2 127 104 158 9 -16 -132 57 -19 186 -190 -242 195 -101 -212 -110 -231 233 29 124 156 69 0 239 -180 -12 77 -230 -247 222 -170 -141 35 -37 131 -213 8 190 -188 -151 133 -69 120 -44 -43 -2 -103 -65 105 -4 188 -92 52 -113 146 -36 -152 227 -176 164 -29 175 97 -157 144 -83 39 -249 56 49 -209 -90 81 -138 -66 189 114 73 -8 -148 184 194 -243 60 51 135 -20 -61 117 129 67 166 -182 -144 -97 -196 180 145 -25 -232 -48 196 168 -250 -240 -91 -116 -122 -88 -137 221 246 226 225 44 -111 -168 -216 -219 238 -217 18 -3 -193 -150 102 237 201 -38 -133 205 -23 -117 199 -125 113 -59 20 -154 -82 -129 30 -106 24 -40 -192 70 54 -118 137 -95 172 -198 90 -10 -174 31 -229 100 59 82 -238 -201 176 224 -140 123 -17 -194 191 94 -235 -78 15 62 -57 -108 72 -206 228 -207 169 88 240 -109 -173 -226 245 -100 204 147 -26 208 -30 37 -246 232 241 -112 143 95 174 110 193 -223 -68 -153 140 -158 -50 38 -127 -5 -203 153 115 -73 -124 -131 -96 -205 -13 -120 -31 -58 21 -70 -199 136 -147 -64 122 247 -34 -202 -84 203 -237 -33 211 26 -45 33 6 119 141 -234 -204 -181 -21 42 -142 -81 -136 -79 130 -160 66 -197 -224 -28 132 -80 74 -27 -172 183 -167 142 103 -6 46 85 -143 27 116 12 -228 220 -178 171 150 173 -169 -102 40 -164 87 157 -60 36 78 -126 218 210 -214 14 -41 126 217 -9 192 -119 25 17 -236 108 -14 -215 -248 109 -155 -54 235 -135 209 178 214 206 13 43 -18 187 76 -46 -123 -156 -53 -67 213 41 -32 -146 -93 162 4 148 160 -187 -241 244 -42 223 112 167 19 -200 219 -55 181 -94 -177 -175 50 -63 231 128 -75 28 91 -11 -195 -233 249 7 177 207 -86 61 -1 -210 1 16 212 -163 5 -245 -211 -171 202 11 3 -24 84 -225 -186 229 216 134 -121 -134 152 -130 197 -72 -77 -179 -99 68 243 121 32 80 242 215 -244 48 -149 64 -162 -47 83 182 -221 79 -22 138 34 -115 -89 45 154 111 161 125 -145 63 139 200 170 234 -220 -105 -62 86 -191 -52 101 -208 53 -218 248 47 -71 99 -87 23 -49 198 163 107 185 -128 -189 22 -114 -76 75 106 -15 -161 -104 96 236 10 155 98 -85 -51 159 -35 -139 55 230 -185 71 89 -7 -56 -166 -39 58 -159 -239 179 -227 165 -74
TEST 27 ARG:248 -227 -7 -77 71 -44 236 -220 98 175 237 -102 -107 124 -142 51 69 -97 96 -175 121 49 95 109 -106 -55 -50 156 -113 216 -193 80 -66 -143 -207 -29 -172 194 -237 183 -202 -166 -80 207 19 11 -208 227 202 -57 143 181 4 -116 1 -148 176 -242 102 64 -79 -231 -87 33 79 -146 174 -154 -201 239 204 229 -127 197 142 178 50 150 12 57 -28 3 -112 134 224 -10 206 -131 -167 -246 40 -141 -42 -186 226 -136 94 180 195 164 249 -117 -119 123 -222 233 190 -32 219 91 -98 -15 184 45 -238 38 -68 23 111 -192 165 -34 -89 214 10 -8 -47 -31 105 42 168 -240 93 -158 -53 -134 223 55 141 238 101 -94 160 58 -191 161 245 189 -3 -72 192 193 -92 -160 -182 213 61 -71 -11 -173 -219 -126 208 138 -1 -184 187 -74 -109 22 151 210 -174 -164 -24 17 -129 -63 37 243 -90 -56 -78 78 -152 234 -244 -178 -93 -155 200 -83 25 155 -133 -200 -43 36 205 84 -230 185 -196 -163 53 146 -88 -51 90 62 -17 -247 -139 70 -12 -13 -181 -209 137 82 -33 -171 182 -64 169 -23 -169 15 166 -233 -156 177 198 29 -21 139 73 0 -115 -52 125 97 119 179 -203 115 -183 26 -46 2 -216 -236 -73 -82 -81 67 133 -217 -62 228 127 -194 112 -150 -65 52 131 -235 92 220 -91 -153 -135 -197 -125 116 72 -147 -145 -185 -239 225 203 148 -123 -58 75 -25 -128 -19 66 -137 173 244 -70 -204 68 171 -210 221 -45 232 199 -2 120 -159 -165 89 -18 -215 -250 16 -111 -188 -103 129 9 8 74 153 30 -38 -228 157 106 -130 132 -218 -120 -39 -9 63 -149 76 -179 -229 13 -105 -211 -6 209 -75 -122 -124 242 -16 -49 -27 -232 54 -86 35 152 218 188 14 83 140 231 34 -180 -85 147 -76 -190 -118 246 7 -121 201 103 81 31 100 212 -40 -48 -234 -41 -249 222 -132 122 -5 -243 172 -54 48 145 -214 154 196 -245 6 110 -161 247 -84 159 -226 114 -205 230 -35 -199 -99 -114 108 -20 235 215 -110 241 240 27 85 118 56 -212 -168 -67 -22 -248 -213 -37 88 -14 41 -162 170 135 217 113 86 -96 5 162 144 -241 -61 21 -100 191 -157 -26 -140 104 -4 24 126 128 -151 -189 -225 65 -36 117 -195 32 47 -101 28 -223 149 167 -108 43 130 107 158 -69 -221 -206 46 -144 211 44 -60 -138 136 20 -30 186 -224 39 -170 -187 99 -198 -176 60 18 87 59 -95 -177 -104 77 -59 163
TEST 28 ARG:178 -156 174 170 -6 -192 -109 246 -96 -86 84 -128 30 99 160 38 -186 14 146 242 -26 -146 -168 114 8 166 172 -23 123 -94 144 -159 -202 -83 -41 28 -71 241 78 -15 -173 22 -196 -187 34 12 -224 221 -245 113 51 -237 -206 29 105 17 211 -234 4 20 153 -68 -88 -148 175 81 116 158 164 126 -198 -35 -162 -19 -169 -217 188 195 -66 -152 -113 156 79 243 167 -31 -125 32 -149 91 47 229 1 18 -178 143 119 89 -126 25 -240 142 45 191 102 26 -166 63 -184 245 169 219 -10 168 -193 21 -84 -64 -135 -14 96 -56 -116 -7 124 155 237 -12 54 -46 -101 -32 106 -75 -160 -103 157 108 27 -28 -219 204 95 -13 117 50 132 -235 -207 -89 -176 71 -50 135 60 111 19 -58 -134 -246 33 -24 -241 69 -141 -242 11 103 -42 201 -106 -208 199 194 -97 68 10 -91 215 59 -175 115 55 209 66 -57 -20 -1 -221 -236 -233 -172 -63 76 57 -61 -145 -124 -110 -225 196 205 35 64 136 41 -158 -247 -222 236 -218 -200 180 -231 -105 -49 -62 110 186 -17 -154 -199 -209 -78 -144 -92 216 -238 139 53 -81 -74 -2 83 -79 -195 -65 -54 9 85 104 -157 -223 -143 -127 -72 6 62 -87 134 -55 -130 -137 -9 -155 -194 46 -47 214 49 88 -132 112 -85 -98 92 -153 36 -212 152 -232 145 239 72 -165 149 -182 -18 80 0 184 183 -147 -33 -161 -228 98 173 -229 -60 133 217 -239 107 -77 122 -59 163 61 -243 -191 154 121 151 127 24 -248 -122 23 212 -43 -30 -197 -244 -139 137 -249 -44 -16 -108 -69 244 -138 -104 -201 -38 -111 -40 -93 -133 86 235 -214 -36 -220 -53 56 138 125 130 -205 2 40 -227 -140 -48 52 109 -5 198 3 -164 -121 247 -120 -216 -189 -250 -8 -183 -21 181 -171 -204 94 -82 -136 213 -4 238 200 -213 -151 -142 65 -210 -180 43 -80 16 -170 31 197 70 58 171 44 73 141 248 -203 147 -34 -73 42 -95 -51 240 82 87 187 -163 208 -102 5 232 -177 249 182 222 -11 -114 -119 -230 179 120 161 -112 77 -181 202 159 189 165 101 -190 233 -167 -117 -150 -226 228 -115 97 223 230 225 210 -118 150 -70 231 -188 131 -67 218 -215 -100 7 140 15 185 176 227 93 148 -90 -25 -129 74 39 207 203 129 75 226 -22 37 -174 162 206 -107 100 -123 118 -27 220 -185 224 -99 -37 192 13 128 -131 234 -179 48 -39 193 190 67 -211 90 -29 177 -45 -3 -52 -76
TEST 29 ARG:82 -101 27 -125 230 188 246 70 -222 -31 -95 -69 -184 -146 225 234 -84 143 -98 -8 129 -129 147 -170 212 -56 -155 83 154 128 52 48 118 -151 54 192 56 -14 -154 -24 -6 96 -215 221 244 -119 181 140 9 174 235 26 -88 -243 -216 -32 -142 100 68 -48 -7 109 -161 -245 -120 61 23 1 -29 102 153 232 -36 -127 30 16 -226 17 77 -159 -160 144 35 182 193 87 60 -162 -149 -148 -122 159 -113 78 -107 -229 72 -126 120 200 189 -168 196 237 213 -244 -35 33 166 43 218 204 150 236 -105 32 -143 31 -250 160 208 -223 80 195 -33 -93 231 -49 119 -240 64 -175 -141 114 149 34 -191 -182 104 51 -82 199 -183 -163 170 -181 79 2 161 -158 -67 -5 -116 241 180 220 171 14 -61 0 -217 38 207 -18 -16 85 -4 -25 55 124 211 -246 151 -64 136 138 126 4 110 113 -204 -206 -195 -92 -124 -3 -138 222 -167 -202 -58 -230 -178 -140 -111 -153 -227 148 198 -198 -41 13 135 -71 -123 40 177 -133 227 -249 -205 -85 214 97 -96 -214 37 -43 -42 -224 239 20 190 -22 -102 -185 122 -236 -28 -17 -38 -103 15 93 -65 46 -145 -130 108 -104 233 -55 139 -112 -238 210 -19 -114 -201 19 -134 -241 -232 242 215 24 187 -144 3 -147 226 -169 142 -187 -203 -128 71 -30 132 248 25 -156 -90 -97 245 -108 -132 130 194 219 -51 205 168 -37 -46 -89 217 21 -73 223 -136 -21 -52 163 -115 -75 -13 123 -225 -219 12 -131 -76 -20 152 98 -1 -44 -176 -27 -211 10 216 -173 -152 -2 65 116 -171 106 -172 -196 141 183 11 -165 203 -193 -94 -10 -54 -118 162 115 -200 145 18 -192 155 185 -78 134 69 59 -135 173 184 107 -239 39 -99 186 172 -188 137 -12 66 146 53 45 178 73 67 36 -34 133 -248 169 -86 -80 -109 -213 -177 42 -237 -212 -218 111 -194 90 89 158 -190 75 -164 -70 175 76 -231 81 -26 125 -210 -77 -72 -235 -150 91 157 247 -74 -40 131 5 206 57 50 -247 164 -79 -60 -220 6 88 47 -39 117 62 -199 249 74 -233 156 -23 -242 121 -66 101 -186 -166 179 -179 99 -15 84 -228 28 -45 -47 -157 -139 41 -121 -87 -207 -68 -63 -137 92 -174 49 201 197 -53 229 -57 224 165 58 86 209 -83 29 -110 -106 103 176 -221 167 -11 191 7 -208 -100 63 -62 -50 243 -234 240 8 -197 94 105 228 22 -189 -9 -180 112 238 44 -59 -81 -117 202 95 127 -91 -209
TEST 30 ARG:164 -54 -104 -103 237 132 143 -133 213 89 -248 -231 2 -45 14 235 184 -112 -85 200 138 -47 -108 -244 -88 -148 -11 243 59 102 212 -142 -111 -57 193 162 -49 -120 38 -239 192 3 -246 145 203 5 -125 228 -194 117 18 -135 96 214 4 163 67 183 -235 -173 121 217 -180 95 -23 -238 -232 131 -18 -241 219 -86 168 0 -249 231 -59 133 50 198 94 32 -138 -101 127 -38 44 35 27 -139 -193 196 -12 167 107 101 -98 134 81 -156 -179 232 25 -163 -102 69 -61 108 -87 26 100 -82 161 136 -198 -64 166 -167 -212 -237 -131 -66 126 88 222 -95 -197 169 197 15 -196 -190 -109 33 -4 147 -199 -13 56 -187 -92 -99 -146 -107 188 -229 -100 -152 182 -58 87 -140 -149 236 -220 -243 -188 -132 -93 52 -34 -200 51 199 124 -75 -217 -10 -27 60 187 -121 -16 130 -214 68 -222 150 226 -1 30 210 155 111 157 85 152 -5 -91 -90 63 137 176 179 -170 93 114 173 -213 -203 -221 39 -192 64 234 -2 -147 113 -171 74 144 -202 -218 -96 -35 -143 -168 -39 159 206 -119 76 -69 -73 215 211 66 -77 140 83 -37 -201 -52 78 -204 12 43 7 225 -215 -209 -33 -29 49 37 -106 21 98 171 186 191 120 221 -116 -76 -210 -130 -144 -230 31 73 -84 -71 -53 245 165 -247 -97 -157 -118 116 230 178 177 -158 185 208 -127 229 135 139 -89 181 -124 -25 223 -15 233 41 -24 -74 -36 240 82 172 -161 -51 115 -9 -43 -22 149 53 -114 -62 -122 142 189 -17 58 -233 61 -115 -162 16 91 -178 70 -182 54 195 -126 -72 180 62 45 -56 -191 -153 -137 -207 238 -65 207 -186 -172 -31 -219 -250 118 209 129 156 -228 -113 -245 239 48 154 -81 -14 224 -154 -226 153 92 -80 -141 -151 29 -181 170 -234 6 -128 -7 -205 247 218 28 9 20 -70 -110 -164 1 17 -145 -242 75 123 -32 204 86 112 103 -225 72 99 -160 47 42 -20 -79 -174 11 -83 -3 -184 -206 -165 46 84 36 -123 220 -211 8 -46 -6 119 -185 13 175 104 125 242 -155 34 227 141 106 -236 248 77 -183 128 -169 19 158 -189 110 -21 10 -176 -129 55 -224 -67 205 146 -60 105 65 -55 71 -227 -50 -19 80 241 57 -28 148 79 -40 122 -26 249 -195 -78 24 -136 90 -150 216 -30 244 -41 -68 -208 190 160 151 174 -105 -117 109 -94 22 40 -166 -8 -216 -223 -240 -175 201 194 97 -134 -159 -63 -42 246 202 -177 -44 -48 23
TEST 31 ARG:-93 111 144 1 239 -53 167 130 -206 18 -7 75 -21 44 -170 -36 -215 -27 197 117 -90 118 -78 245 70 195 -61 92 -38 -24 -182 33 -166 164 215 133 6 -55 -107 125 16 169 185 160 -81 -64 121 -195 88 -46 21 186 -208 -176 -236 -94 42 -56 220 82 -191 -131 225 30 116 166 246 -207 -120 -92 131 202 2 114 176 120 -161 -104 22 188 -246 -54 -4 -87 11 69 61 28 -74 119 -151 34 -34 45 -133 198 177 187 -173 168 -39 -71 86 -209 -22 -229 -41 -95 32 58 -226 113 -15 -124 181 49 159 204 -44 85 -188 7 -12 -218 0 191 154 -159 -89 64 -8 40 27 157 -156 -114 84 -212 139 230 -140 89 -128 171 -169 -139 91 -98 -51 203 8 102 -111 -83 183 -113 174 -200 -86 -183 -146 -187 232 -60 14 98 189 67 -153 233 -65 -237 -14 -9 -52 77 76 -30 60 50 -108 -58 -216 -42 -234 -57 -143 73 -167 178 -75 -144 94 -249 132 -141 213 -116 -211 244 -202 -193 173 29 -147 -189 -214 -50 23 -119 129 212 227 36 147 87 134 -137 237 55 31 234 -18 -194 -192 -35 38 -110 -243 -230 -227 -142 141 -203 95 209 -199 -177 101 56 115 -165 -118 63 135 231 199 -19 -99 -171 -163 247 170 124 161 110 -220 -3 -228 97 104 210 -239 66 -205 221 162 4 53 123 -47 236 -32 248 35 140 216 -186 -70 -115 -130 -240 -13 200 68 -204 -175 -148 229 -10 172 -45 142 -232 52 100 -123 47 193 -129 182 -164 -225 3 -213 -26 -49 99 -190 -82 -88 -231 13 -33 -16 -84 207 143 223 -20 20 -101 -158 105 249 19 -97 -149 81 -134 -184 -1 109 -48 51 -76 -68 -77 136 96 -31 -43 127 -62 71 -117 -162 72 93 -242 -73 137 -217 224 15 62 -79 -157 240 152 179 242 -221 128 -185 -197 149 65 -29 80 -25 243 -172 48 -17 -145 138 155 126 -2 59 -179 106 158 -235 -178 -5 -127 -223 -152 192 -250 -181 -201 -80 74 -72 146 12 10 -196 211 238 -109 -66 -168 -160 103 -85 -122 201 148 -198 17 -233 -100 78 -102 -105 -11 -222 196 218 -67 46 145 -245 -23 151 25 79 -59 -132 -238 163 26 -247 83 217 208 235 -155 -219 24 -63 90 -69 -125 205 57 112 226 184 -112 122 -96 -91 -37 -126 -138 -106 165 150 -121 41 37 206 54 222 -28 -103 107 -135 -248 -244 -150 -40 -174 5 -136 -154 194 190 9 228 241 -180 156 219 -241 180 153 175 43 -224 -210 214 39 -6 108
TEST 32 ARG:-188 160 -60 -170 -187 -197 153 152 -84 -148 19 165 -183 -249 199 -230 172 100 -105 -42 -126 18 134 -80 -205 30 -217 -181 -204 91 193 -67 158 23 79 -152 223 -146 117 -159 16 98 78 -161 61 238 60 -64 -55 -212 209 -113 208 166 170 -232 -71 -96 112 -211 119 -133 -193 -235 65 -213 94 -248 -75 168 88 -97 138 243 -109 -179 -169 41 -153 -45 -240 15 218 99 55 180 149 -29 219 -210 62 108 -30 -220 6 -54 69 -233 -116 -120 -34 240 129 93 -107 -234 102 -91 -201 -145 74 -237 239 -157 141 -8 82 147 -207 -66 -95 17 -151 -227 -92 206 -57 90 -19 -20 122 142 174 146 66 27 -31 89 -137 246 -184 -61 -180 -156 159 52 -111 136 -68 -246 -208 -192 -132 216 95 163 -89 -215 -139 220 68 127 197 -216 -53 247 106 -231 -247 -11 -236 156 14 244 76 46 -219 31 186 57 21 20 135 213 -158 229 150 -127 77 -226 110 -143 -52 205 -189 45 -5 211 -238 -130 -13 139 185 -9 -93 -50 7 25 -172 -225 132 -250 -58 225 38 2 115 -32 140 -206 173 167 -124 -46 -83 -100 195 -243 13 -4 143 63 -214 -74 92 -196 34 171 -43 42 128 -35 -23 8 -37 -186 -140 -6 -102 -195 37 -25 -131 59 -72 -22 245 -62 10 -28 118 -3 -77 -106 -17 228 -81 54 -223 -190 144 237 -185 83 -125 -160 87 187 -141 -33 204 -99 -78 101 33 -103 191 -48 73 -24 -112 120 183 -16 123 -171 12 241 235 190 -49 -136 -21 -110 -90 107 126 -142 -165 231 67 -65 4 113 124 -85 -76 85 114 -174 202 -162 -176 26 -44 -221 64 188 -245 1 227 84 -79 -163 -202 -150 109 161 192 215 200 -199 -38 -191 75 32 -147 224 196 -224 5 194 221 176 -244 22 9 103 58 -115 -175 121 226 40 -242 222 125 177 131 137 104 111 -149 248 151 -7 214 96 -108 49 -41 97 169 -177 179 184 -73 230 -168 164 50 -10 -198 -101 234 -88 -182 -12 29 -15 -173 51 -200 -241 -87 232 -47 -18 -82 -123 210 -222 242 72 -39 -114 236 11 -155 155 -167 -218 -118 -144 -59 -121 207 -239 -104 -134 71 -138 -178 162 133 -40 80 -229 -36 189 -14 48 181 43 -27 145 -154 233 182 35 53 -119 148 -2 -166 47 -128 56 24 -56 105 86 116 28 249 3 81 0 -69 -135 -209 198 203 -70 -228 -194 39 -51 130 -1 -203 -98 70 217 -94 -117 157 -63 -129 -122 201 44 212 -164 178 175 154 -26 36 -86
TEST 33 ARG:-130 -64 -11 98 -165 -6 -243 63 -7 -44 -18 181 42 54 -48 -124 118 -194 73 -203 -147 64 90 -50 -154 -137 -205 186 -20 136 94 -33 101 3 143 224 -201 -128 196 6 170 -134 134 72 179 -126 -115 35 -96 36 18 -155 161 47 -13 -248 -102 -58 -39 -166 188 -71 169 4 -139 112 55 -28 58 -47 -176 27 200 -1 183 -228 237 92 218 -34 -217 215 -117 148 -46 -160 163 -92 133 -72 -158 223 -98 -80 11 -250 -175 -140 -95 59 190 126 -163 151 0 238 -111 119 57 125 -76 -31 -236 -15 -109 62 -79 -188 -159 -107 197 -146 242 65 211 -108 -100 14 -105 208 -219 31 203 171 40 -209 -43 -32 -149 74 -225 159 -226 -4 195 -25 108 13 192 66 109 -220 43 93 -112 15 -106 68 -93 -174 -60 77 207 91 173 61 141 -9 228 -87 -218 -179 -73 129 -216 144 128 -125 209 206 50 97 96 230 -249 164 234 -171 -232 -177 -161 45 -178 17 46 -172 -162 122 -195 -118 103 20 -152 -120 114 -42 111 -116 -23 24 -91 168 165 232 28 -244 178 156 123 51 214 -241 246 146 -82 204 -53 48 -132 -180 -59 80 231 106 -8 113 185 -36 -83 205 -234 2 191 67 -123 201 155 226 -148 -54 -84 -151 187 210 52 60 -131 -67 -74 -196 83 -89 110 76 87 -212 22 -198 102 -214 -90 95 84 -55 -99 -157 -215 -127 127 -122 -133 33 75 -150 -184 41 34 -57 71 248 -62 38 -24 -168 184 21 104 249 132 175 -49 216 -238 -202 -207 -235 -29 -68 8 -143 -135 -69 30 117 -185 -37 244 -183 -145 -41 240 241 44 -211 -192 -144 225 -121 -224 247 -63 -138 -222 -104 157 -10 145 239 -182 220 166 150 -21 137 116 88 -237 -51 -94 26 89 -77 -17 -70 107 235 32 99 245 23 -97 194 149 -190 9 -110 -38 -169 -200 53 233 -233 199 174 131 -56 135 153 -206 193 -199 1 -245 140 12 -27 105 -129 37 -221 162 -75 -141 -101 213 -86 -227 -66 19 -103 -142 130 -119 -78 -239 86 217 7 -30 -2 -114 202 -85 124 236 85 81 -136 79 -45 121 147 -240 -22 -229 221 29 -242 180 -65 115 -113 -5 229 227 120 -193 189 160 -19 -164 177 -230 -208 212 -61 -204 172 16 139 -12 219 -231 -187 167 176 49 138 -189 152 78 25 -88 -14 243 182 142 70 154 -213 222 100 -191 -3 -81 69 -173 158 10 -170 82 39 56 -210 198 -247 -35 -197 -16 -167 -156 -223 -153 -52 5 -181 -246 -40 -26 -186
TEST 34 ARG:57 191 166 -159 -52 -35 -210 104 173 172 160 181 -204 -162 -164 206 -156 102 22 115 95 38 85 -163 -84 -56 111 -171 101 -96 -68 -16 -143 70 -132 16 17 109 -124 -216 -128 -33 49 80 -220 -194 236 -24 -29 -97 234 43 -190 46 163 221 -28 225 6 248 -141 -205 106 -112 65 130 76 3 -70 -172 36 -82 1 73 -126 -37 -178 24 -88 30 -242 215 184 -46 -183 -85 61 -114 8 -218 -233 0 179 156 -244 249 -62 119 188 -90 9 224 123 113 51 -176 19 -228 162 18 -248 151 33 -165 244 -226 145 141 2 164 220 -43 -207 -27 214 148 -13 45 202 182 63 -155 -137 -199 127 144 -136 139 -94 -15 128 240 -10 78 88 159 228 -92 185 147 40 -45 150 165 246 -179 -83 242 198 77 -9 -93 169 -106 -25 204 243 114 118 105 170 66 153 -144 -42 -175 161 210 -160 -197 -14 -145 -78 152 -109 -147 97 238 -215 -133 -57 -17 154 241 -79 212 -108 217 116 237 229 137 203 -6 -72 90 -49 -8 110 52 58 -129 120 245 183 -173 81 29 227 -65 -7 186 -247 -55 -229 -153 200 201 10 -18 129 -135 131 100 -200 125 -168 -60 -19 -54 -166 -104 135 -182 56 34 155 84 -148 -80 219 -91 -201 -208 -125 68 -239 168 -38 -227 28 133 -67 -41 -206 -113 117 178 -191 83 107 -150 -20 -89 25 54 121 138 -196 -36 -101 146 -105 64 74 42 96 192 -241 35 55 14 32 60 -235 -140 21 -161 13 -98 -170 211 -169 177 194 -203 -115 98 187 -81 99 189 -58 -4 89 195 94 15 -127 -243 86 -236 -195 134 -39 -249 20 -110 207 -31 23 -12 -245 -75 -111 -100 -74 -21 -102 -225 175 -234 -26 67 -22 196 -69 213 -222 -184 -186 171 -185 4 -123 -99 -139 -213 -152 -230 -187 -120 -192 -61 37 132 199 31 -224 82 -188 12 136 59 230 -86 -232 -174 -154 -246 -219 -177 -223 -158 -117 -5 -1 -146 -76 -64 -167 103 5 -231 208 44 26 218 143 239 -48 149 -151 69 140 -119 158 -221 235 50 142 -3 -240 -34 190 -198 -87 209 167 62 39 72 197 -53 247 75 222 -95 -116 47 157 93 -66 92 -11 91 -217 -209 124 27 233 -142 -71 -180 -122 -237 -189 232 -118 -2 231 -51 205 -30 180 126 -77 108 -149 41 87 122 -238 226 193 -250 -214 -131 -32 -130 -103 -212 79 -63 -121 -107 -181 -73 223 -134 -44 7 48 -138 -202 176 -193 -211 11 -157 71 112 216 -40 -50 -47 -59 53 174 -23
TEST 35 ARG:48 25 197 -98 -214 -124 -244 245 -165 101 -50 -219 190 199 -7 6 -89 147 225 146 20 102 156 244 12 16 83 -148 111 17 -186 176 -30 -162 -199 -85 -177 228 -37 -203 106 -241 97 233 240 128 -225 -108 -73 98 -153 -158 -26 -1 231 -193 -90 218 126 -229 187 -187 -14 33 35 247 -167 149 210 82 19 54 -104 -33 105 238 56 229 -25 13 183 5 78 76 -216 120 -27 28 -110 99 -122 70 -247 -242 -11 62 -51 -78 -38 182 107 75 -42 -20 -55 188 -182 219 -91 46 -243 -116 -39 -120 178 30 -221 -71 -234 152 -245 -202 157 68 142 -97 235 -117 119 -101 -184 158 -166 -215 90 202 55 -178 -4 23 212 -149 40 -172 135 91 -5 -163 51 -75 80 161 -80 -181 11 -70 191 -185 -157 61 -66 -115 153 -249 206 230 10 123 65 159 150 29 239 -168 162 -129 -145 208 -210 63 -68 154 -156 74 -28 -77 237 115 -213 117 -48 226 -141 -29 41 -56 241 -60 109 -64 -2 205 139 -95 -233 -139 -144 100 -133 34 243 57 96 84 -43 -212 -223 211 -8 -22 -164 193 -102 49 242 -36 224 155 -161 -45 -93 -44 50 -200 137 -46 52 -74 -35 103 -206 -113 166 36 8 -58 87 88 -191 43 181 174 -170 -204 -130 207 -41 66 -31 -198 94 -57 -54 -87 -209 -192 -226 -103 -208 -131 200 60 42 38 141 213 14 77 -15 95 -188 -81 -127 -21 -227 15 201 -82 -40 93 -237 -250 -114 -230 130 -76 -194 -152 118 2 -84 -235 18 1 -67 -119 -238 -121 -146 -9 -151 -217 143 -160 195 -140 -125 -100 -92 -136 -24 108 -34 -61 27 124 72 3 209 163 -47 69 24 170 26 189 53 -3 -189 215 -112 -232 246 121 -155 -99 113 232 -65 47 -19 31 -6 -218 134 -86 248 81 221 71 92 -222 -59 79 125 -83 -106 -132 129 -63 59 -123 67 -79 -248 165 -142 -174 -134 222 -207 89 -231 -126 -32 -69 220 249 168 -13 -190 -239 -176 175 177 198 -17 112 -118 32 -147 -159 116 136 164 227 7 -138 138 167 132 -62 39 -72 64 -236 173 -49 140 110 192 169 236 -196 37 144 -96 -246 -211 -195 -173 -183 -16 -175 -105 234 44 131 180 179 -154 -88 -179 -12 145 -10 -111 22 133 -197 -205 -150 -135 217 148 203 -224 -109 -171 -18 194 -128 186 172 -169 104 127 -94 114 122 184 86 185 196 85 58 4 9 -240 45 -107 216 0 -23 151 171 21 160 -137 -52 204 223 -228 -180 73 -220 214 -201 -143 -53
TEST 36 ARG:134 112 54 -4 47 99 195 -200 204 210 199 224 -98 85 147 -203 113 -115 76 235 211 -175 40 -20 -50 80 -217 -131 59 133 -206 185 -52 45 -174 94 -223 -37 176 22 128 -193 129 153 -30 42 -144 8 188 -225 -26 243 -81 -183 -35 2 -128 151 -13 50 -165 215 -34 -234 -124 -133 -198 -230 132 -78 -122 -47 -87 -73 -191 145 -240 13 -216 -220 166 -114 -12 -39 244 -116 -53 86 248 130 230 -180 105 -207 -21 74 165 6 237 161 198 3 -75 232 -113 1 75 -118 91 -147 -245 -38 55 73 -123 -120 34 213 -54 -64 53 168 -155 175 -227 -156 -33 246 167 180 160 78 -218 0 184 171 10 192 24 150 18 -142 219 -244 110 -209 -5 120 -210 41 -51 -74 -196 -62 -127 -141 -46 9 -213 5 -153 -17 241 -199 26 28 64 179 -91 25 -42 172 52 -18 92 -86 -83 -161 12 220 -41 163 -82 88 217 247 87 89 16 -80 -61 174 -134 181 31 100 223 35 -146 125 -192 -125 -45 -85 170 -109 57 -190 114 -167 245 -24 162 -130 -49 -48 30 -215 -238 -228 -197 169 139 -28 234 -229 -6 189 -224 37 -236 108 14 209 -195 83 -205 36 -136 126 48 -68 -67 -58 -14 200 152 70 -178 23 193 -166 -137 -56 38 -60 95 -107 -177 -96 242 183 207 104 197 -104 138 -158 11 -247 77 96 -22 -126 182 225 191 56 216 135 66 -250 -11 115 144 58 -138 203 79 -248 -88 -222 -221 124 -40 -173 32 123 -65 141 -194 33 238 -143 -9 -232 84 -19 156 82 -246 17 240 -181 221 -187 146 116 -182 -57 -55 -235 -90 -231 39 -7 190 -27 61 -106 -31 178 177 117 -211 103 -172 -15 233 -184 -44 -70 -212 122 -140 -77 106 -139 228 196 157 69 -101 -25 -151 201 -243 -219 27 -152 49 -163 107 -186 -29 143 62 -72 136 212 -79 -66 44 -160 -10 227 -189 -202 -239 -108 -92 187 119 -36 72 -145 -204 -208 51 -99 118 249 -169 60 -69 -71 148 202 -76 158 -103 111 -233 -59 46 -16 -63 -201 43 127 140 -94 71 -237 21 101 -23 98 -242 -112 -170 222 205 -226 154 -105 142 -129 -89 -214 164 102 15 208 65 -102 90 -8 -157 -179 206 68 97 -168 226 -164 -121 67 29 63 131 -93 218 20 -149 -43 214 -159 7 -2 229 -185 239 -95 -1 159 -148 121 109 231 149 81 -150 -110 137 -241 -32 -171 -176 -97 186 -117 93 -162 -154 -3 -188 173 -249 -135 194 155 -119 -111 -132 19 4 -100 -84 236
TEST 37 ARG:-74 169 -45 -20 103 -140 -91 -209 160 -40 -243 124 -194 -110 125 -112 152 -39 172 162 -5 132 -69 176 -99 -18 -17 -183 31 57 -147 50 97 -216 -120 -42 3 156 -8 -196 -93 -80 -148 1 206 -185 -102 -197 -85 114 -168 109 -81 144 41 -73 235 15 -59 210 133 0 240 129 174 115 26 82 106 216 186 12 89 -150 86 229 112 140 -94 59 9 113 -86 -164 -27 -156 91 -159 110 -214 141 -157 104 -116 56 -190 -125 -221 -97 181 -24 -33 -126 77 27 43 -182 136 -29 231 236 -88 209 -113 -191 224 158 61 80 -210 199 49 95 200 151 87 -54 -171 -52 -21 128 -134 25 6 -36 -212 -187 173 -28 -16 221 -50 -142 -172 -229 218 119 -211 -46 208 -161 -53 197 120 -138 -132 4 -121 -119 -101 142 -135 -249 -41 -204 -9 196 223 -109 11 92 -61 -237 -15 -222 100 42 -184 -246 -176 -186 -219 -104 166 164 -233 -165 234 188 52 204 68 -230 -14 102 232 70 -213 -226 -11 -127 -238 127 -58 -228 -173 -70 -118 -130 180 69 -13 83 233 167 183 -225 40 207 135 18 63 -100 29 192 138 -124 -180 5 165 139 -43 -149 134 168 215 -75 -95 -76 -122 -96 -131 126 219 -175 -203 84 239 178 159 -23 -207 148 -179 247 -155 79 -137 32 122 117 238 -232 -51 10 111 -236 7 -67 2 -167 -166 48 184 -22 -106 -60 21 -98 78 -35 237 99 147 -84 71 -66 222 227 19 -217 -92 -87 -205 -114 20 73 116 243 14 -31 -83 -202 108 226 38 62 -177 16 54 211 198 -68 64 163 -145 17 161 -162 155 205 -193 -244 -49 74 8 65 -227 190 -32 -19 -105 121 33 -215 101 213 118 -64 149 143 -3 -12 -189 96 -170 23 -208 -218 -199 88 -240 45 -146 -245 105 -174 98 -239 -158 -154 66 182 72 36 -153 175 -163 -151 191 81 60 157 -38 -107 217 -192 -78 -34 -37 22 -198 -248 35 179 -241 -178 -234 -206 -44 -143 -10 39 -6 137 -4 -247 -56 -82 75 -250 -108 -129 -72 150 -144 212 -200 -57 44 225 242 203 202 90 94 249 -223 28 -169 214 245 246 30 -231 46 58 93 201 220 154 -141 53 -115 -62 -103 -123 55 -89 146 85 177 -201 123 -152 47 -7 195 -188 -30 -242 67 130 37 171 -65 -63 51 -25 -26 107 -47 -77 153 241 131 -181 230 76 189 145 228 187 24 248 185 -136 -55 -133 -1 34 244 -128 -71 -220 194 -195 -160 -79 193 -48 -224 13 -117 -111 -90 170 -2 -235 -139
TEST 38 ARG:-23 151 242 -45 37 -146 -159 -110 26 -154 -191 59 -178 -61 132 -72 215 -8 183 117 62 -70 46 55 41 -131 -88 118 98 191 14 -28 -17 179 221 -130 89 122 198 5 3 -94 235 47 -163 -228 -197 23 165 -33 33 -90 128 -248 -172 -85 -11 144 -140 17 182 142 202 -139 57 -38 -81 96 -79 181 155 6 -236 104 168 -210 -152 246 20 201 -235 -74 -186 -237 -119 -25 -42 163 72 -66 140 -53 52 42 164 -183 147 -39 -222 -60 103 -56 192 137 -126 -171 68 108 249 0 -195 134 -218 244 75 -217 248 247 -229 190 -96 -58 27 -36 196 -204 -82 -244 8 -233 -111 -142 78 74 25 178 -50 70 238 175 -77 -84 -34 -193 -29 61 187 138 -48 -63 229 -136 233 66 -118 105 -158 -92 115 -194 4 -176 -166 -115 -24 -59 167 -149 7 224 -6 -198 -41 -250 173 -162 -83 -26 92 -64 -54 243 -232 172 45 -188 -174 -168 -190 189 193 56 185 -22 67 159 -121 -2 114 35 30 11 -47 38 93 53 -76 -117 -87 49 -242 139 -124 123 9 186 113 39 -65 -223 188 234 50 -71 -181 60 -175 -214 -37 -184 19 -213 219 135 -177 2 -209 -129 83 44 -200 -216 -103 -212 -13 -219 21 -78 65 -180 -62 -192 79 -99 177 -27 -127 133 -135 -246 161 94 -189 213 69 28 13 -225 -80 -55 -240 -123 -144 157 -46 -185 124 -89 -182 -134 -201 -137 102 -91 -101 32 29 146 131 -43 -247 -20 245 176 -220 24 31 10 -227 -249 130 109 43 169 212 156 226 -243 166 -32 -238 -157 -12 154 -93 82 100 240 77 148 136 40 58 174 -143 -231 125 -205 80 223 88 129 -104 160 217 153 -30 -15 85 119 -226 112 143 76 -102 180 64 -10 -203 -21 -234 214 152 -108 -97 199 -141 203 -57 -147 -138 -169 -14 232 -128 71 -51 -207 211 -31 48 -105 -49 -73 -113 -145 207 -109 -148 -112 126 -187 230 -122 -153 150 -179 204 228 158 15 218 -165 -7 -160 -68 -52 -230 171 141 -95 205 12 -241 106 -120 -35 -1 -164 237 208 -224 239 -151 241 22 116 -150 95 145 -44 -100 -5 194 -19 149 84 -208 -86 162 -98 99 -75 86 206 107 -170 -221 91 36 18 -133 121 1 209 127 54 -155 184 -173 -3 73 87 -156 -215 -196 101 225 -206 -199 222 -125 -40 220 -167 -107 200 -202 -132 195 120 227 16 81 216 -16 -211 90 51 -9 231 -18 97 111 170 63 -69 -67 -114 236 -239 -4 -116 -161 34 -106 210 197 -245 110
TEST 39 ARG:-64 141 66 223 -234 -46 -217 -83 209 184 -121 246 -112 79 240 -162 113 216 169 -149 73 142 244 146 -44 61 -52 -161 190 -133 175 -32 6 173 237 -125 -238 -173 -187 -142 166 233 -186 -191 183 -42 -239 -45 164 -145 68 95 109 -206 -157 -4 -82 -106 30 217 185 -28 151 230 129 47 192 -138 -38 110 -210 -195 -74 27 176 -84 227 -41 125 41 -236 -200 212 210 -7 114 -175 162 119 -164 -81 71 215 36 -224 -213 -3 -63 -221 249 160 224 -21 144 148 -56 72 1 -117 70 20 -140 127 94 -179 132 -122 -166 -2 229 120 -185 14 -201 -136 -75 163 143 10 -228 -132 150 103 200 11 -107 -131 52 -29 -72 -240 85 145 80 221 89 -197 15 -230 -86 -245 -69 202 -204 -99 -57 139 -160 -233 -183 197 99 -199 23 122 -68 203 53 -128 -148 81 219 205 214 -244 116 -40 -110 -103 207 -150 -165 104 -235 74 -222 -105 -192 -169 34 -227 201 131 8 -109 44 -76 196 231 177 -98 -87 -188 -51 -18 152 -184 7 63 29 31 222 159 106 -215 115 -226 -196 -47 5 12 -250 101 -66 174 161 194 -198 -159 -219 -60 123 -120 77 241 -43 42 -102 -15 54 -14 137 -190 -10 -13 -33 -108 208 -65 -181 158 -24 239 -11 195 -182 -146 -19 17 107 -111 91 -48 -176 234 204 40 -229 189 -35 -37 187 -90 65 -178 3 -115 -55 153 -9 -139 97 -127 69 -203 96 -232 170 193 -26 -25 179 -49 -246 -114 135 -50 45 -94 76 -97 112 93 28 -180 -1 228 -216 136 67 -123 182 37 -134 38 -71 -23 220 242 39 236 46 188 84 -31 35 25 -5 -80 -167 -20 -30 245 -6 -172 226 -119 -101 -205 86 -144 -104 -124 165 -174 -85 -67 90 218 211 64 2 -126 92 -171 -154 -73 -208 -202 181 235 -135 -151 98 -247 -113 247 32 -79 -194 0 157 21 -36 -27 140 156 18 50 33 147 225 62 238 -248 60 128 59 -243 -225 82 -141 206 -70 43 -78 180 9 118 155 126 172 -189 191 88 51 26 13 -95 49 -218 19 178 -17 105 -8 117 -12 -241 248 -137 -39 -214 -100 121 -211 4 -92 108 -163 24 -242 87 22 -34 -152 -129 167 -249 -61 -223 -193 -54 138 -118 55 -212 -53 -62 48 -91 232 124 -58 -207 -237 -96 -16 -177 -89 56 -143 -130 -88 130 -77 -147 -59 57 83 186 133 -93 100 171 134 -209 -170 168 -158 -153 -220 -155 198 -156 213 -22 16 243 58 -231 -116 154 -168 78 111 199 102 75 149
TEST 40 ARG:187 -145 -46 39 -111 121 197 238 206 -114 -35 82 203 46 -68 -9 -248 4 -232 -139 57 -38 233 -95 -105 138 72 12 149 217 154 247 -155 142 -4 -77 -193 215 -109 241 183 -240 -34 62 25 -13 110 -190 159 63 -137 -231 1 147 208 -237 -210 17 160 98 240 -74 -125 -185 -244 135 -92 146 -181 176 119 -134 245 15 -44 -66 -131 -208 -169 113 -219 210 -20 -136 -170 -168 162 -175 -143 221 -158 158 -36 97 -39 -14 -227 -59 114 44 136 -142 209 31 -245 -203 139 -157 -214 188 89 47 65 -130 -211 -84 -236 -51 151 -88 -65 -230 -16 180 -229 3 -23 94 20 -116 19 100 -151 8 -55 99 -188 -118 248 -135 -202 -50 96 -238 -233 -204 -194 120 -127 29 -129 21 26 -119 184 7 18 127 182 -54 199 -45 2 102 -154 -79 -200 112 0 -22 35 -33 212 -1 -83 -159 -115 22 202 -218 107 125 -198 -6 -140 -150 49 123 -15 84 -71 -195 179 237 11 14 -242 -67 92 -113 -205 60 58 -234 226 16 234 -173 218 -32 211 -162 78 90 -141 -132 -247 -147 -100 -112 -82 -186 55 186 -224 207 -221 61 -149 73 -152 124 28 242 -207 -138 156 -191 -225 56 -212 -146 -69 132 -70 48 189 -223 230 -235 -78 -220 -107 -2 220 -144 157 177 -249 185 -41 -179 195 -176 229 216 231 -167 165 213 -124 10 -25 -5 194 -18 -110 -64 -99 36 -53 -216 -243 79 -104 117 175 219 -12 190 145 228 222 214 -183 -133 -90 -19 169 -96 -30 81 -57 -81 103 -61 -7 66 74 -172 85 71 193 -217 -128 80 122 32 -182 -3 33 75 -58 -178 -213 200 164 -63 -97 116 59 244 38 -49 -91 196 167 131 174 30 88 198 -86 27 170 91 -161 24 141 -165 76 232 -94 83 -11 34 -199 -226 -93 54 -160 95 -26 171 -108 111 153 104 -17 105 108 -75 204 -102 225 -163 -48 236 133 -153 -10 -184 -239 -47 129 -166 -241 -31 -52 161 109 -85 173 178 191 64 118 6 -21 43 40 -56 -40 106 143 155 249 9 93 70 -28 150 -174 68 -187 -196 128 77 192 126 148 53 -89 -250 -42 51 -98 -106 152 5 -101 86 -126 69 166 168 -197 -209 -164 -123 -117 -246 140 -189 -215 -148 163 201 45 -72 181 130 -37 -29 205 -180 -43 13 -156 -76 172 -73 -24 -171 -27 -177 -60 239 224 50 137 -201 101 -222 227 -121 -192 134 67 23 -62 -87 223 243 -206 -80 -120 115 235 -122 42 87 41 52 37 246 144 -8 -228 -103
TEST 41 ARG:28 -38 68 -90 -2 -192 84 146 134 20 -229 27 86 -26 125 156 205 -173 -136 -85 204 -149 175 83 -248 96 -190 -72 -131 34 -25 -66 195 -200 -171 -212 -35 161 -148 71 -31 210 -237 109 -44 227 -11 -249 -164 -88 -1 -226 -82 51 54 177 132 -97 -216 216 -99 47 -96 114 164 94 123 79 -81 236 158 17 -202 25 32 -103 113 -184 226 169 -162 -142 4 -140 -186 81 -43 -141 -42 -15 -169 -172 138 -238 -183 -246 14 159 -60 82 -138 -145 -182 -14 229 173 0 57 136 37 -235 -232 -225 -4 152 -32 -68 235 21 -207 39 -41 203 -130 -51 -91 167 166 63 -210 -188 107 3 61 31 171 -46 -206 -158 -165 -153 165 -17 174 75 -95 -152 5 89 42 93 237 35 74 207 -234 99 124 -233 -61 -62 80 135 -116 11 -181 67 7 53 -108 -203 -137 129 23 97 36 -147 -111 78 -230 85 -119 18 -3 -178 -7 -176 238 -124 -98 -245 70 -5 40 66 -73 105 -241 -244 -222 -36 -77 192 120 -227 -221 183 59 119 -180 127 -22 -58 224 -123 189 56 -69 -55 -76 -100 230 249 -250 211 -194 -205 112 -159 188 -170 -150 -49 -92 179 100 -21 62 -193 98 55 239 -80 -107 221 -112 -87 48 131 218 -121 -53 220 -211 126 -67 -199 60 19 -161 103 150 -59 191 -218 168 -74 26 -217 -30 -134 -214 -204 -198 196 -195 241 246 -63 -109 -118 15 -122 233 143 -179 49 185 170 -236 -56 148 202 106 -189 180 -54 -144 -24 212 12 -154 -219 65 95 -228 -89 186 228 72 52 92 117 -125 225 115 248 208 215 88 137 145 73 -19 -33 197 187 -240 130 240 -29 -106 -167 222 139 -177 128 90 -9 -83 -84 -101 -57 199 157 -135 -20 -37 217 -117 209 -139 -23 111 200 184 -215 243 147 -47 -160 242 162 -110 -213 219 87 -94 -126 -28 1 16 -223 102 -143 -127 -8 -64 41 -128 194 110 193 10 144 201 -39 -115 234 182 -231 -156 -104 213 -175 -129 -18 247 178 -93 64 43 38 -185 -102 -120 13 153 -166 -34 -155 -243 2 -187 -239 -78 -79 45 22 190 231 8 206 77 176 108 29 232 -132 104 198 -201 76 58 149 6 244 155 -52 -12 -10 -16 214 -86 -71 -242 33 46 101 -113 160 30 -208 69 118 -163 181 24 9 -105 -70 -224 -45 -146 172 122 -247 44 -151 -48 140 -197 121 -75 141 -50 -220 245 -191 142 116 -40 -27 151 223 154 -133 -13 -174 133 -157 163 91 -209 -168 -196 -114 -6 -65 50
TEST 42 ARG:-186 120 3 19 -223 -15 174 -6 43 -95 -184 -26 163 37 151 190 42 -92 -17 -215 -138 -179 66 -198 -199 189 -89 245 202 -153 -182 215 -232 50 -51 35 21 -203 -109 -10 -53 -201 145 -40 -112 -155 219 -161 173 -62 246 -183 -130 -54 112 128 -202 38 -213 212 168 -197 191 72 195 -142 -91 -175 81 -151 -81 -235 166 123 -171 -189 -45 -8 -137 104 -135 248 158 -2 242 6 201 138 -207 243 -117 228 -244 32 -36 -19 39 10 -164 20 98 -134 186 -125 55 -115 -22 171 180 -64 -49 54 -218 67 -72 111 -16 240 -226 209 14 -31 133 70 179 204 52 -128 85 -231 172 217 -172 -76 140 86 -97 177 29 105 -75 -124 -139 -47 68 49 -118 80 125 134 -131 -173 -1 -214 -208 116 -219 -90 -156 205 -86 -129 136 188 -52 178 -7 -227 -158 224 -163 222 157 232 -99 213 144 -212 46 -93 129 -77 -80 -28 -55 154 153 79 4 74 -140 148 -58 119 -209 183 -102 -42 -24 -61 59 237 187 -116 -14 91 226 -23 -221 -152 150 -132 -224 164 -211 -105 33 16 -147 -70 -46 -166 208 -176 -145 -141 149 -68 99 -222 65 -32 -71 221 -96 -233 83 -220 -228 -177 175 117 -11 109 -79 107 197 8 -120 0 -245 34 -159 -20 25 -192 -216 -174 22 -4 78 241 102 131 -191 -101 84 -193 44 147 94 -234 88 225 77 -169 -113 92 -108 -30 -239 -157 159 137 103 220 249 239 200 -78 -65 -56 206 -110 223 -63 146 236 95 132 27 -94 214 -100 -229 141 -238 247 40 -66 -200 -249 69 106 82 101 45 185 18 -3 -149 -27 100 -29 161 23 156 31 11 71 184 9 41 167 13 -85 229 170 -111 7 -247 211 -5 -21 -187 -190 -50 53 -170 -84 -35 -154 -196 -210 -205 -146 -107 139 176 17 36 -180 -242 -43 -136 -38 233 165 121 -25 -41 -165 113 -13 -67 -167 -88 227 -133 47 155 238 114 198 -12 5 -126 56 73 194 87 -57 -83 -73 -168 -119 -74 24 230 58 181 193 182 15 -121 1 162 30 -236 126 -106 -122 -243 244 235 62 -39 76 108 75 196 -241 115 -237 -59 -248 -185 -162 122 169 130 -195 -194 90 -48 135 -144 143 -98 -217 -246 -69 57 48 -250 124 12 -230 -206 -103 -150 -225 -204 64 26 231 -60 93 -9 142 -114 -160 63 -148 61 210 -104 -87 234 110 -82 216 192 -44 199 -181 89 203 -37 160 -143 -178 -34 28 127 118 96 -240 51 152 2 97 60 -18 218 207 -33 -188 -127 -123
TEST 43 ARG:-46 -113 -15 41 27 -241 -112 16 46 -233 -225 104 -197 221 -231 -149 -228 77 18 -50 15 -201 68 -245 5 -86 151 -203 -136 -191 170 -223 81 -176 -3 -183 31 -2 -177 226 33 -11 2 -242 88 40 -162 -104 -29 58 -249 -94 117 -18 -36 -87 167 86 113 -91 -49 48 186 -192 195 -83 -131 37 -16 115 79 140 21 196 -13 235 -198 -114 -222 177 207 146 -72 -214 -52 12 219 -159 245 -173 -6 238 -89 -217 -9 90 -174 209 -154 -144 -14 -78 -122 -74 213 9 -165 -119 72 -179 143 -248 171 83 222 208 179 91 98 54 64 -92 19 -172 176 141 -20 103 8 -152 -158 -247 206 203 75 -235 184 87 -17 248 153 -107 147 -31 99 246 76 -117 3 -25 -32 -45 61 102 136 47 49 -97 -167 218 132 -44 44 107 101 -88 -40 234 -60 210 169 -21 -134 108 119 95 -160 155 240 -129 249 -108 -169 -140 63 -53 -33 -189 231 160 168 -164 -218 118 232 -204 -130 36 230 -5 -111 -37 198 180 -215 -70 -95 -224 30 223 -199 -229 194 -181 -102 -35 52 25 225 193 22 133 -139 110 131 -68 -132 -59 201 -150 220 -186 -208 -128 137 -205 14 100 -143 -195 28 -85 -171 150 -77 -73 -121 -58 -115 175 -194 -239 158 -196 182 73 109 69 114 -12 -178 135 183 -202 -210 11 197 -151 243 -230 154 165 144 -22 -64 84 217 152 59 -109 -51 236 66 55 -106 161 -79 -38 192 -126 85 128 130 204 -146 7 139 -48 200 -105 -244 10 -246 -193 42 242 164 112 20 -135 -138 -168 -98 -26 -99 -127 -166 67 212 188 228 239 -56 -1 -175 -66 -118 120 89 189 53 -80 -232 -65 116 185 -8 202 166 -180 142 51 0 -207 -170 211 148 50 -184 -103 149 57 23 205 -153 -209 163 -145 -62 -141 227 60 -54 -234 -211 -120 94 -4 -81 233 -216 -250 178 138 -61 237 80 -69 -93 35 224 -200 -219 125 -147 -101 -10 162 -190 123 -43 -19 134 -123 -100 92 -142 -76 -55 -47 191 -124 -185 -157 -41 -212 244 -221 126 -34 -236 -75 174 106 -237 247 -243 -24 -84 96 -82 -67 -240 215 -7 78 -220 157 -227 -116 172 71 -182 -30 121 -188 181 -57 24 70 190 -206 -23 241 229 -90 45 4 -213 -42 105 173 127 122 -110 13 -156 62 -187 -226 29 214 -63 93 -39 43 -163 6 -133 -28 82 -71 65 -155 187 74 111 199 1 56 26 -148 17 -96 124 145 -137 39 129 32 97 -27 34 38 156 -125 -238 -161 216 159
TEST 44 ARG:166 215 -126 -131 -215 -192 161 77 120 183 44 91 -113 74 -180 -11 222 235 73 -4 236 53 -176 -174 217 -69 12 245 -128 -142 94 -27 202 121 18 -140 -8 100 41 -73 -144 -57 47 52 30 46 137 140 -202 -25 76 -120 165 -171 125 229 23 -183 54 206 -2 -34 110 -42 48 -205 -50 2 51 -75 200 199 -160 -250 181 176 157 33 22 -237 6 -44 27 -168 111 132 156 78 -220 -249 98 79 -65 238 16 145 -59 -151 -96 -80 210 -235 113 71 -67 39 -1 -60 -91 -219 -181 32 0 14 68 -178 -5 163 186 17 144 -18 -241 -82 -213 204 -45 -26 82 -217 -152 -61 154 -74 99 150 105 -124 -187 65 -66 -245 -132 -72 -159 242 -195 -242 -150 -87 -222 124 -211 106 -233 36 -145 233 216 -90 167 -177 -155 196 -210 221 114 -170 193 -117 66 103 160 -46 243 -231 -43 -218 -108 -148 -216 -221 -81 -243 45 153 162 80 -186 -49 -6 -238 49 102 -244 35 228 240 244 -37 -64 122 -105 -208 -121 142 155 112 -85 223 151 -15 -146 -130 20 -78 208 86 187 -207 118 -194 13 218 177 203 104 10 133 -138 -157 -39 57 -203 83 107 69 -201 -234 -134 -53 -240 175 109 116 21 -55 190 -204 198 127 84 -109 -137 40 31 232 -116 89 -167 -93 178 197 -32 88 -185 -189 173 -62 90 -139 -76 115 -184 220 -158 179 3 -164 -102 -3 -98 211 -99 1 -84 -48 -214 -41 -30 -156 -70 70 -95 -122 9 -206 24 184 213 59 194 185 129 101 96 224 -40 -36 -77 168 34 135 -125 138 85 143 172 170 -198 226 -38 -239 136 25 -200 42 -79 169 -35 225 75 239 -58 -188 -7 134 237 147 -101 7 -191 8 152 -182 60 -228 -56 -68 -236 -135 -229 -179 -143 -193 -118 180 -24 -33 -20 -13 241 58 -133 119 -47 -21 139 -230 -161 231 -175 148 130 -129 -166 -110 174 67 -111 87 -149 11 -141 188 131 43 192 -248 -92 -224 -127 189 149 234 -154 214 -97 246 64 -227 -19 248 72 -190 19 -14 -17 -9 201 -107 159 -197 -196 -54 93 -147 81 -115 230 -169 -199 -89 -212 -104 182 -112 -23 -22 171 -163 146 -119 -172 -123 247 207 227 195 -162 15 -63 -225 -246 -226 -136 -31 5 -106 -173 -88 117 -10 28 -52 61 -232 -51 37 -223 -153 -100 26 62 29 164 209 141 -247 -114 -94 108 -209 95 63 50 97 126 4 128 -71 -28 -16 -29 123 191 -12 55 92 38 -86 -103 205 219 249 56 212 -83 -165 158
TEST 45 ARG:181 -95 8 231 18 2 -192 -82 121 156 147 79 -182 -138 189 -52 -118 -26 -203 -68 119 145 -116 -201 -137 30 -12 -49 55 -136 60 155 -109 -56 112 -143 136 72 194 -63 225 240 -60 105 198 13 166 65 -250 146 -163 -210 54 -21 -173 -175 113 144 213 -24 -194 239 -5 227 118 -213 -162 85 61 -139 68 -15 -189 132 169 242 -238 -135 161 -191 50 11 206 -149 236 233 -233 -74 -62 -148 203 248 235 -71 -247 114 -237 -99 -47 -145 -58 -193 -228 101 -120 164 -4 215 26 97 237 211 4 -231 159 178 -57 1 74 -229 -217 5 -181 87 -132 76 174 -31 204 38 88 129 -146 -169 37 81 3 -33 221 -111 -208 193 82 192 -236 -180 128 -174 36 6 -234 16 190 -224 -133 -121 -232 -150 163 244 -73 -106 34 202 -235 -179 -2 40 47 63 191 167 21 131 106 -17 151 67 -218 -105 228 -72 71 -126 -91 56 175 19 230 12 -32 -100 -212 -176 90 -155 -34 -206 -225 -188 41 -246 95 246 59 -127 134 -53 -172 69 -36 140 83 205 78 -187 33 -230 216 32 171 27 -165 -97 117 -141 217 -102 -198 137 176 45 220 -170 -45 139 -37 -219 -87 -35 -151 39 20 -147 234 -243 218 -131 116 -22 -123 -221 89 -190 158 46 -27 100 -115 -200 -7 44 77 -93 93 22 123 109 -199 -215 187 -204 98 184 160 222 102 -46 143 162 -107 -124 62 14 -196 183 -101 212 -110 51 -197 -227 -164 0 224 157 115 -29 24 84 57 -42 9 -216 -81 -94 -226 -239 127 -50 -25 -184 -88 238 -245 130 -84 150 173 -195 -78 138 111 -14 -64 -75 148 -125 245 -249 -144 -159 135 -11 48 -117 124 -41 -128 -186 29 152 -83 -119 104 23 73 -122 -76 195 -244 -28 -142 -80 25 185 91 -89 66 -51 180 214 -16 35 247 -38 -113 209 -6 -96 -158 42 -112 229 92 -70 -20 -8 -168 108 241 -160 142 99 -69 -220 52 -130 80 -39 120 10 -61 -19 -177 96 -65 -55 -86 -240 165 186 -92 -242 -154 182 -214 133 -9 86 -18 -152 -156 200 -1 -183 188 153 197 -205 -171 -241 49 -23 196 64 -59 31 107 207 170 -114 168 70 -207 7 179 -43 -40 -161 249 -104 -140 -248 -153 210 103 -157 -222 -178 172 -211 223 232 125 -129 -48 199 -103 -209 -77 -44 -108 122 141 -30 208 75 -185 43 -54 28 -10 243 -167 -202 94 58 15 -79 -223 126 226 -98 201 154 -134 219 110 17 -13 -90 -3 -67 177 -85 53 -166 149 -66
TEST 46 ARG:-120 -17 -67 212 -167 -55 -242 228 30 -79 -219 83 238 236 -239 -19 -151 -213 169 240 56 -9 58 -149 217 216 -128 226 -165 -59 27 -108 222 -71 223 60 -4 -18 -80 59 -157 -107 -123 -26 140 117 -92 -226 126 -171 -83 204 -194 -27 24 219 -144 -32 -188 -12 167 -146 -64 106 -212 210 49 249 71 76 211 113 -28 163 -179 151 -133 -75 -24 -163 -103 232 72 18 37 10 199 242 -119 184 -127 145 -54 0 -220 -210 29 -76 -172 -174 -98 154 -114 -207 -166 -180 -216 196 -249 82 171 220 153 247 9 191 -160 -245 -223 -177 2 201 -122 -25 -51 78 -84 -20 -238 66 -101 38 -82 95 -140 230 -78 -50 13 -202 91 -72 -14 -38 -197 -81 90 207 -94 231 -195 -56 -6 -173 -66 218 237 227 -102 123 11 -63 -227 189 190 17 -205 85 130 41 35 40 -189 26 45 31 -45 -37 5 92 4 146 55 176 118 34 159 229 -225 233 -60 -185 158 -116 -244 21 50 173 68 36 -121 81 -43 -111 109 62 -232 73 61 148 46 108 177 186 -93 -86 -200 195 168 99 132 -1 -222 3 -231 53 57 -70 -33 185 33 139 127 -36 -148 -186 124 -115 -126 1 101 209 77 -118 -241 -181 134 -29 -85 -95 -198 239 -100 -3 -250 235 -74 -105 103 203 -62 155 181 -164 -228 -16 -49 -13 32 138 111 102 98 135 -209 125 -22 -131 16 -104 110 -248 65 141 -155 -170 205 -68 -97 241 214 179 -187 -234 97 150 -142 42 -112 -141 119 -129 234 -21 -145 -91 -57 221 79 162 -77 -237 -46 215 160 143 12 22 208 -110 -143 197 246 -2 -175 43 187 -184 192 15 -134 100 122 54 -190 200 -48 -192 -113 245 47 -31 23 -106 6 -7 -161 -196 -182 84 -42 -23 -61 243 170 -235 -53 39 -243 206 131 -69 -11 48 86 175 -10 -214 166 -58 112 182 -240 -169 107 -87 70 20 -147 -109 -8 -137 -5 -211 -90 -30 -130 -162 -88 164 -96 180 -139 -135 25 -158 188 -193 -138 28 -34 149 -150 -52 -215 87 69 -136 152 88 105 -201 183 94 67 -246 225 -39 -218 198 128 -247 -73 -89 142 -230 93 -154 -183 -206 44 -125 147 -117 -15 129 -203 -191 193 120 115 -41 8 -40 144 116 -153 136 19 172 -204 244 63 80 202 -65 -233 7 -236 161 -178 74 165 -199 -44 -124 133 -176 96 -229 64 -35 156 -132 114 75 -99 52 -208 104 174 14 -156 -152 224 -47 194 178 -168 157 51 -217 -159 -221 213 89 248 -224 121 137
TEST 47 ARG:113 54 -205 -62 64 67 70 -144 -194 139 39 -13 225 147 232 156 141 181 -122 170 -186 -34 -57 236 192 -207 -44 -171 101 76 175 186 -160 -247 10 -214 214 -96 -113 -239 -159 157 -22 81 209 87 164 119 220 -2 249 22 -124 -209 143 221 207 -49 17 -90 -231 -94 -3 -102 218 -25 33 -61 -183 -92 24 -192 120 95 55 -221 -40 -187 -245 206 -93 167 138 91 -246 -31 -154 -244 -243 188 -162 -125 44 -211 -228 105 -181 59 145 7 31 79 25 6 203 -199 152 241 122 32 -28 126 -14 -67 12 -17 239 131 -170 -227 -167 -156 -191 -68 -135 86 -118 162 58 114 -236 -12 176 117 169 -182 57 216 111 -82 208 -206 -180 -166 90 -91 84 -179 204 165 49 -132 16 -223 -225 179 -117 46 -134 245 -64 153 -112 74 185 52 -43 -101 -97 235 -114 40 62 56 195 222 110 -233 123 -36 -56 -21 -77 -52 144 223 -153 102 -208 98 75 -55 155 -190 -15 -95 97 26 -74 -19 -54 128 -115 50 -24 -213 18 -47 -48 41 5 -53 174 -133 -142 -76 184 45 168 -173 194 -81 213 -175 198 -150 -229 177 -242 -250 73 142 229 -80 61 -100 -238 66 -234 21 -127 -184 -158 205 -157 -235 159 82 -27 15 140 -123 80 -161 -163 -138 -86 4 -129 238 -215 172 -189 99 109 226 189 -147 212 -109 -84 -66 133 -23 182 -217 215 -88 42 88 -78 43 -237 92 36 103 -104 202 -119 -146 178 247 -174 228 -126 108 48 -131 -35 -185 35 51 -8 187 -85 -108 -70 146 -195 -99 -38 -45 -50 23 63 -32 89 -222 150 -203 199 29 -18 112 161 -204 124 231 211 -121 85 -128 93 -241 135 -51 173 78 14 -201 134 219 -168 197 -107 -212 -83 -72 -46 71 118 -71 38 -155 72 -42 183 -137 -60 -10 106 -73 193 201 -164 34 190 -120 -37 -145 -219 -172 -220 217 20 210 -111 -240 125 -11 11 -7 -169 -188 171 -139 248 115 -69 242 -193 -106 47 37 -165 -103 -116 69 -141 -39 -63 -248 9 -151 -152 151 94 -177 200 28 -216 19 224 -196 27 -148 -226 246 100 107 -232 -87 116 -26 136 0 191 -4 -202 -140 8 2 -200 -176 -41 -249 158 -29 -1 137 -59 148 244 104 129 230 65 234 121 -33 -16 166 227 154 -210 127 13 83 -30 30 -6 -98 160 237 233 -5 163 -136 243 -79 -218 196 180 132 77 68 53 -75 130 149 -89 -224 -58 96 -198 -230 -9 -65 -143 -197 60 -105 1 3 -178 240 -130 -110 -20 -149
TEST 48 ARG:-226 -42 -129 65 186 75 -193 -81 55 -50 -175 124 52 -151 139 196 -223 -28 -220 32 163 -25 -58 -63 108 -97 -123 -173 -32 69 -130 218 -143 -40 247 -138 12 -128 -127 177 -33 -31 189 -191 70 235 194 -118 -88 -147 120 219 4 244 45 243 -224 43 97 206 87 -132 -187 -11 28 -109 224 142 -181 -82 93 128 185 -107 42 207 164 -90 237 88 -70 -23 6 44 -160 98 11 125 -45 127 -14 188 5 99 208 103 -157 -231 -243 -55 180 -153 41 179 144 27 -4 -39 227 33 -136 -76 -126 -8 -213 -212 172 -169 -47 -164 246 141 -183 198 -43 -9 39 85 76 48 -189 -240 -17 173 176 -113 -36 -52 -137 191 -74 234 145 -192 214 -140 19 -121 -110 63 210 -64 -178 -69 -215 -48 86 92 222 -144 -146 -179 -112 212 58 26 118 7 183 211 -139 228 -198 -236 24 248 213 -162 67 -71 229 -202 240 215 30 -237 -84 -200 1 236 -10 -38 17 -149 16 -211 -27 -83 -3 73 137 -155 104 -167 113 0 -20 129 -238 -99 -125 143 -12 -209 46 -119 -170 130 200 -133 -184 217 82 182 111 -210 -30 -177 23 -116 -168 -78 -15 -124 20 77 -217 232 230 146 -2 47 34 -46 197 -98 37 66 54 152 -120 -234 190 -247 -111 -248 71 133 25 -232 -180 -44 -161 62 -19 153 -117 -66 241 -165 233 -91 126 226 -72 49 -13 181 -141 -94 56 115 204 150 -216 138 202 36 -54 18 101 -204 96 -174 80 -219 60 68 -159 121 -57 -115 -135 83 -207 -203 -59 72 38 -131 -172 242 35 -222 -5 64 -185 162 -182 102 112 -156 21 155 209 -93 81 -49 -85 -79 117 -245 -41 -24 31 -196 13 195 166 -145 249 175 216 203 239 -158 171 -92 -227 -18 91 -7 -53 -150 -229 201 -195 -75 158 193 136 -62 -80 140 -205 94 -101 105 -176 100 8 205 -26 245 57 221 -95 148 -96 -194 160 -214 -246 -122 114 -114 -190 -186 -51 -142 29 -56 -188 -201 -16 134 110 116 167 90 -105 187 59 151 168 -235 -106 51 -218 -87 95 -6 184 170 -239 -21 50 -228 119 238 220 -73 149 -60 -250 -242 159 9 -221 -148 2 223 132 -171 156 135 22 -1 -108 106 53 -163 -22 174 192 -152 -197 -241 -86 165 -244 -208 -34 -100 14 -225 3 -230 -199 -249 109 225 -77 157 89 84 -104 10 178 -37 -61 169 -154 231 107 -103 154 -206 131 123 -65 79 -35 -233 40 -29 -67 -134 147 61 15 199 74 -102 122 -166 161 78 -89 -68
TEST 49 ARG:173 -29 22 -194 -14 145 -229 61 245 135 -108 191 -218 -101 -87 -86 -12 -205 -240 -143 151 -189 -32 -228 -227 -69 -203 219 -185 94 62 177 79 -82 -133 -209 -115 -184 -214 30 42 221 -242 -75 1 115 -9 96 -43 241 -188 71 236 5 -113 -6 -56 -116 -135 -124 -226 -134 -170 11 224 39 -55 18 -70 -42 -243 124 -204 -125 86 43 0 161 164 -58 -47 -66 -97 56 -34 -223 -216 185 -1 186 100 -40 -168 248 -25 109 176 -44 -182 -48 155 -207 12 111 -146 -89 -167 -94 33 -153 139 -118 -99 46 -155 -104 6 -232 50 218 203 -159 -11 -36 226 -114 232 -67 55 54 72 103 -57 -152 -179 -148 77 59 -68 -21 -165 -31 80 172 163 -192 -41 184 133 -93 60 165 -88 -239 8 38 183 -50 158 181 7 87 -13 99 -65 95 235 -162 73 -112 132 136 147 156 -217 196 58 -225 239 93 198 -157 -22 126 114 229 234 233 105 21 63 215 157 134 195 179 -151 -136 9 130 57 -219 225 41 13 -37 167 -246 -234 112 37 118 -147 238 -46 -110 75 121 90 2 -126 -23 -3 169 -132 -60 113 20 84 -96 25 -191 -28 -249 128 171 228 -163 -241 15 -53 209 -95 -62 -160 210 -175 83 -248 146 -215 129 27 74 237 -200 -109 152 16 34 36 -63 -19 -144 216 141 -206 -98 193 -213 82 49 110 -128 -171 -210 -79 120 -139 127 24 -49 160 188 26 -187 19 -77 88 -161 -26 170 246 212 -54 190 17 -39 -102 -64 -120 70 122 207 -17 194 68 -173 -27 138 204 214 -83 144 -129 -141 -33 -10 -85 -224 197 -190 -235 143 -166 48 -199 -174 -71 227 154 76 200 69 131 -140 -131 14 243 205 -202 222 -92 -196 -142 104 -35 -208 140 -103 32 174 -180 81 -51 142 -177 35 -61 117 10 -156 -72 67 -138 192 -211 -7 -233 -154 -169 -107 108 -38 45 28 106 -90 -137 223 -5 102 -16 162 -186 -78 247 92 -80 -123 31 -183 -2 -52 -222 51 -30 29 148 217 175 64 201 119 213 -230 240 97 199 -100 47 178 230 180 182 -221 231 -212 -91 -111 -4 -76 -45 -149 -150 3 -176 -197 44 -198 -119 -59 -172 168 78 -15 40 -20 137 -127 -81 208 -106 101 89 -244 98 -158 53 -164 116 -237 -238 -8 52 -250 211 66 107 -145 153 -245 206 249 85 -18 149 -74 -73 -24 91 159 -178 -195 -121 -231 -201 123 -193 -130 189 -122 244 -220 187 -236 -105 202 166 220 -117 -247 242 -181 65 23 150 125 -84 4
TEST 50 ARG:19 -6 210 157 -175 -187 67 25 -66 -224 88 -97 -19 -23 -232 203 6 2 134 -37 156 -174 -149 107 45 97 241 131 -209 -93 -86 39 -137 -205 -135 80 185 9 114 162 -206 -200 -68 216 -172 -110 -77 -78 170 -65 -132 -131 -125 -108 -203 -141 -159 111 -51 -193 -216 129 -50 -235 -177 -24 125 94 18 -160 4 -57 91 95 206 -53 -245 -88 71 48 -143 205 -2 96 76 40 155 -128 27 -63 153 87 -87 49 32 -81 -73 41 54 123 242 119 227 -45 -147 -237 -40 110 -38 -105 5 92 249 149 55 51 -210 235 -156 -176 -247 34 -242 -70 113 239 -82 -15 109 -185 35 -152 -129 138 -59 -227 183 -134 126 -207 139 133 -120 63 -241 243 -62 -69 152 -223 26 66 30 14 -96 137 23 121 -90 73 -99 -130 -195 163 -170 214 31 150 -54 -122 233 -27 -142 -74 82 11 -91 -112 52 -103 132 -157 -83 -236 -168 197 -72 -234 33 -161 -10 219 -181 -126 -197 85 225 117 7 171 143 -144 -145 -233 215 -188 0 -226 60 81 196 -246 -32 -98 103 -5 100 118 -11 20 201 173 65 -194 84 -79 -14 -17 175 99 -182 -42 -25 37 237 -75 247 142 58 -219 -222 169 116 177 198 -47 10 -229 64 13 209 -208 -61 244 -48 192 164 246 147 -123 240 83 245 128 -92 195 86 -164 93 151 47 -12 -178 -228 -102 -39 62 29 -169 220 -76 -173 -100 -202 -84 204 104 189 -118 -213 124 -217 -34 178 -36 -52 28 -117 -124 231 -127 1 217 228 194 79 -249 50 61 190 238 -196 -183 -179 145 21 -113 -186 -94 218 -191 -133 -167 -7 -18 68 120 16 -95 213 -71 211 122 -111 -106 72 154 199 8 -85 -1 75 -239 224 22 112 172 78 108 -243 182 3 -20 135 -238 -49 -121 236 208 181 -201 36 -138 174 -115 -116 -28 179 248 -119 -107 -150 -190 -154 -136 -220 -240 -199 -231 130 186 148 160 167 184 -46 -109 226 165 127 -13 -44 44 -214 24 222 -4 166 -30 144 -184 202 -3 -33 -180 200 -16 176 101 -163 188 -41 -250 -155 77 232 -26 -8 -248 106 161 -101 -192 141 -80 115 223 46 -215 -55 -189 -244 -60 -165 -29 -162 74 -211 -35 -89 207 229 234 -158 -21 -146 -140 -225 221 70 -114 193 -221 -139 -204 -58 -151 53 -198 90 212 230 -64 -104 158 180 -230 59 89 42 -153 43 136 69 191 -9 56 146 38 -212 -166 -31 -56 105 98 -22 168 12 187 17 159 -67 -43 -148 -218 15 140 57 102 -171
TEST 51 ARG:-111 -145 -94 -46 30 -180 43 -246 -202 -37 237 -141 -99 -223 189 139 -165 209 166 52 156 37 -101 -239 152 105 222 -116 169 4 13 -89 20 86 59 -9 142 101 -218 -181 -3 183 -25 -216 -170 -130 -245 198 137 -82 -221 -125 -113 223 -19 2 70 155 -45 -62 -179 18 115 41 185 60 131 -244 26 -231 75 96 48 106 175 -175 -200 -209 -42 -156 -107 -57 121 149 12 -194 87 110 85 112 25 -74 -184 35 212 -187 102 -38 -213 108 -127 -17 122 31 -55 -248 234 9 207 -93 -54 -31 143 53 160 -83 174 -52 -73 180 126 150 -79 103 -249 -47 134 -128 1 51 130 62 231 -182 -160 216 -117 15 -96 5 -30 29 -166 33 -193 -134 -40 -32 177 -11 187 -91 83 140 -95 11 -204 -171 67 239 47 248 -63 -140 238 -132 94 -15 -185 -227 27 191 -195 205 -174 73 -121 -61 -168 -20 -100 -43 -87 -143 -208 -219 -108 24 147 -169 -137 -75 -224 157 -189 226 -56 19 77 246 -78 -247 -220 -80 -51 179 241 -44 -139 221 14 -29 233 247 7 -36 -81 244 10 -35 54 -76 -192 72 -98 63 -167 -234 173 -144 84 46 -65 -211 -159 6 42 232 133 235 -215 49 204 55 89 220 -191 123 193 61 -183 -229 -205 -13 132 98 -106 245 -90 145 -236 -69 -41 -228 8 -112 -155 -120 -190 88 68 93 57 182 236 -59 -49 -129 -232 -238 184 16 -210 -102 -115 224 109 159 -230 125 218 135 -233 165 214 -104 -131 -157 69 -237 219 71 32 65 58 92 -22 -163 190 192 -152 -66 -71 -24 -7 202 -176 -103 211 146 -138 -207 -123 -23 119 -161 -135 -53 50 -250 194 -72 225 154 -197 -151 82 -133 -147 -27 228 -201 113 -105 -114 215 148 -122 56 -203 -199 178 81 162 249 74 -34 -136 118 168 -50 -110 210 -212 153 0 -196 170 120 161 -97 208 144 -235 -64 104 34 -214 129 -21 151 28 138 -124 181 -153 44 -12 64 230 -109 188 242 79 -118 -240 243 114 -10 -148 176 -5 -86 199 -226 91 45 76 -149 -150 99 124 22 -186 213 -142 -77 -28 229 158 -242 107 141 196 -177 172 217 167 206 -60 17 203 -222 -92 -70 -172 -243 -241 127 -16 36 -126 240 -88 95 -206 -14 -154 78 -164 90 66 -173 -188 227 23 186 -48 -119 100 136 116 111 197 -158 128 195 80 171 -85 -4 -8 -6 21 163 -67 -84 -39 -1 97 200 -146 -162 -217 -178 38 -58 -225 164 117 -198 3 40 -33 -26 201 -68 -2 39 -18
TEST 52 ARG:-217 -73 -20 -40 -204 238 19 112 211 -214 30 204 116 -189 -65 65 -88 -113 83 -46 13 70 -163 157 46 -105 -61 -34 -186 -132 -201 -224 76 57 -191 242 18 126 134 153 61 29 123 177 -33 -120 -200 45 132 -164 -176 -211 -208 -231 26 41 224 213 -66 -165 -98 2 -229 118 7 3 -59 21 -86 156 130 94 -237 147 189 -101 0 -146 77 201 -179 148 -153 -177 -2 25 -57 -92 -108 -152 -62 169 -6 244 64 129 -12 -209 -106 -75 91 174 -238 93 -222 106 88 -60 220 209 246 -162 187 -37 158 -24 95 -114 133 99 14 -154 -228 32 184 -112 62 239 81 -99 241 -94 -116 -119 -167 -157 219 103 -198 -235 -18 -81 -28 -226 -155 -118 -95 1 9 -192 143 154 -131 200 145 -156 208 66 -202 206 6 -35 164 -142 115 234 -184 -50 247 231 -122 146 101 142 -121 -193 28 86 111 -240 -161 151 119 4 166 217 33 222 40 -148 -246 186 -104 -129 73 -180 191 -13 -107 54 178 -215 149 -133 55 -213 56 -185 162 82 -233 51 -143 53 -159 195 -139 8 221 63 150 -243 -82 -145 192 -242 138 229 -244 37 85 -80 -124 -38 245 -170 80 -128 -225 -236 -51 -78 -247 137 -117 193 15 -32 -74 24 -218 240 -15 47 -102 117 210 -216 22 -29 5 228 -27 172 -53 -1 243 16 -25 -150 -130 -207 49 141 -168 -96 44 -23 -171 127 -197 38 79 -110 180 -84 -91 67 -195 96 -221 34 218 -203 -11 120 52 100 -187 58 -54 -87 -144 124 89 -39 -83 -93 161 104 -127 -76 168 97 -169 -220 -72 -85 -71 -188 -194 188 59 -52 159 71 -100 236 -41 207 152 -49 -147 72 -173 -42 -63 -149 176 -210 -234 -8 17 -172 84 69 42 50 -89 121 163 -230 182 -58 92 -181 -141 227 109 10 114 215 197 196 216 -196 12 232 102 78 -160 -69 223 -5 -90 -44 -31 105 128 179 -205 -64 31 165 20 125 -249 225 203 155 185 -136 212 -115 -21 -126 -190 -175 160 -45 74 -7 -199 -239 -17 -227 170 11 226 -138 183 -158 -182 -232 -241 98 -55 144 194 -151 -174 175 167 110 -36 -16 205 -26 -125 87 23 -219 235 -103 90 -140 -68 -79 122 -111 199 -67 249 75 -135 135 113 39 198 48 181 171 108 248 230 35 214 -123 -97 -19 -137 -22 -166 -178 107 202 140 139 36 -212 173 -250 -47 233 -109 -56 -223 -43 -248 -206 43 -14 -70 68 190 -4 237 -245 -48 131 -77 -9 60 -183 -30 -10 136 -3 27 -134
TEST 53 ARG:-160 130 23 -228 17 108 109 234 -171 -122 -185 -8 96 -57 156 173 -144 -138 88 113 186 -126 -86 -116 103 55 92 -218 215 3 133 -155 -66 -28 190 8 -7 102 127 224 -93 45 239 -208 -52 -24 191 -29 -35 -37 4 238 -176 39 -189 -38 30 158 -89 180 -15 -71 -79 -120 -130 59 166 120 137 -143 -54 115 142 135 134 175 -161 132 212 -72 -136 -92 -11 -12 176 -197 147 236 -25 -222 160 70 -31 -106 -118 41 99 -232 -250 -173 -70 -142 -220 65 64 -180 -200 121 -56 -216 111 -43 205 201 221 -223 225 208 214 85 231 165 14 29 -241 140 168 34 18 -166 163 48 -113 223 195 -165 -60 5 183 -117 -148 244 167 -217 -5 -49 16 -195 178 -50 46 -205 37 43 -91 211 -21 -32 63 -163 149 169 222 -242 -64 -16 110 -203 57 56 80 -85 161 -156 -127 237 213 219 202 -95 -167 136 177 241 -47 -69 -124 50 -147 197 91 243 164 13 -137 -78 -105 210 220 19 49 -246 235 -84 209 53 -168 -244 -123 170 159 -73 -81 -133 -135 76 -107 -96 -234 -30 -65 192 217 123 10 40 89 -186 -190 -169 -245 -248 157 6 -164 246 101 -82 -94 122 -184 139 203 -162 -132 -158 -201 189 -198 105 31 -61 -114 28 -134 128 150 78 188 227 -202 240 -44 -111 -4 -235 162 -224 -140 11 -225 194 81 66 83 -19 47 -170 198 38 52 124 -207 -27 -233 0 77 -90 174 -40 -102 117 -231 -48 -150 93 42 98 94 199 -159 107 -22 -215 152 204 -199 138 131 -34 62 193 119 230 249 75 -206 -39 216 155 -33 60 185 154 -243 -128 145 144 -119 196 20 -240 68 106 -183 -97 90 -238 84 -98 242 -174 -212 -3 -101 71 -221 2 -6 -172 -152 229 -41 97 -14 141 -209 74 100 1 -74 69 36 125 247 -211 21 -188 32 67 -45 184 -42 -149 -154 -153 -175 218 79 44 -13 -80 -108 -100 -20 51 182 -193 200 -75 226 27 233 9 -145 -146 -53 -131 104 153 -181 87 61 -26 -51 35 245 -9 -141 -18 -187 12 -76 72 232 143 118 171 -219 25 172 -59 -139 -191 151 -103 26 22 82 -83 179 -239 -249 206 -125 7 33 86 -179 15 -1 -237 24 -87 -210 -112 -226 -110 -236 -17 -151 95 -109 -104 181 -67 -55 129 58 54 248 -227 146 -115 -77 -230 -213 -121 -10 -177 -46 -62 -214 -229 -88 -68 -63 -247 -178 -99 -23 -204 228 126 112 114 -196 -36 116 -129 148 -157 -192 207 187 73 -194 -182 -58 -2
TEST 54 ARG:68 -196 -3 -132 -6 -126 113 34 3 62 -25 172 -236 -164 89 154 -143 -203 93 42 -217 2 155 -108 210 -171 -99 -219 67 -199 63 64 -29 -121 -134 15 226 -68 -9 -151 -48 -101 -127 211 246 -119 -7 -35 -169 32 -130 -206 -176 -158 -183 110 174 152 -79 234 -111 -250 -62 -198 -59 -20 26 179 -60 78 10 115 -157 84 108 229 -34 23 -229 28 185 96 21 120 71 -95 -221 197 -122 -71 164 56 145 -50 75 -84 -212 -74 13 -167 -239 -149 -8 -38 -70 69 -18 205 -168 150 193 159 100 167 38 -178 54 -238 142 148 -112 184 27 -237 -80 -42 -141 121 -27 -113 228 30 -166 -165 61 -233 -11 -23 105 87 -200 248 51 -209 -208 -172 230 -205 127 -248 65 -54 199 22 -30 -118 -124 241 -190 -139 -135 83 -63 166 -55 -85 192 146 177 -145 -117 -92 231 -201 33 -228 -2 219 218 79 -17 191 37 25 -159 -146 -109 -234 111 -153 107 186 -36 -216 81 57 -104 206 249 14 -91 77 -241 -150 -163 -245 -57 47 -246 156 202 135 201 -10 147 -235 153 225 237 220 -204 -137 -16 223 144 213 -1 183 50 -189 124 -103 -5 137 -174 52 -98 175 85 -197 -26 215 -90 82 221 4 -43 214 -180 35 -37 -184 -249 -40 -155 194 126 -154 -73 -77 46 -14 17 -114 198 180 16 98 212 -194 -86 95 -225 238 -65 102 -89 187 -105 -76 101 99 160 -232 -15 -222 -138 86 122 -120 -240 117 173 112 133 -195 -21 -69 -31 236 139 90 104 55 -144 -213 -160 39 18 178 190 -24 59 -142 80 -161 -242 149 -106 -33 181 -128 168 -247 -107 188 -115 -64 -47 -188 49 200 -136 -186 -116 224 245 233 -56 -191 -224 -156 -133 -81 -53 -214 209 162 -51 -67 158 74 128 -182 -207 242 45 217 1 53 169 -140 131 244 24 -223 11 123 161 29 -230 106 103 94 -226 -170 6 -45 48 235 -123 40 163 -88 170 118 -46 222 -147 151 -211 -162 91 -218 -177 9 203 0 -175 8 -244 -12 165 -52 189 132 109 182 -100 -181 -192 130 -129 138 -41 -87 -78 195 -187 -202 -210 171 136 72 20 5 129 -19 -83 -58 -96 -131 116 227 -110 239 -152 141 -13 216 -61 -243 97 232 176 41 -173 -215 -220 -179 247 -32 66 -93 -22 -82 31 -66 -227 43 143 134 -44 -148 140 44 119 -75 73 114 125 -4 -231 58 -28 7 240 -39 70 157 207 -125 -193 88 243 -94 -49 -97 92 -72 19 204 36 196 76 -185 60 -102 12 208
TEST 55 ARG:-232 -226 120 249 -207 -7 -99 -188 -118 13 210 -55 222 10 103 -96 -36 1 143 -101 107 -67 -198 173 -89 -22 111 -91 -51 -187 -169 -217 -78 132 117 -180 -152 -81 -102 52 122 68 65 -147 -181 -19 21 206 74 189 92 79 118 114 -109 -103 -228 11 78 -128 138 -21 -28 -144 160 -183 209 -219 200 100 12 -52 171 -119 -175 -179 201 -149 71 -248 -134 -69 151 -93 149 -246 70 6 -132 -31 29 159 -133 56 76 -66 108 -137 91 -37 184 -199 231 235 -71 -88 -107 -74 -54 -197 -83 96 -111 -235 187 46 -124 110 -218 241 -48 119 -59 -208 -160 123 -117 130 167 -120 97 223 54 121 35 -113 38 213 90 -155 212 145 47 221 193 192 -98 225 -236 24 -215 30 64 -194 16 174 -216 177 169 -182 -82 129 26 19 61 -32 -220 104 -139 31 141 83 195 182 218 -165 -167 150 4 69 139 -233 248 -105 228 219 -2 144 -123 155 -24 -56 -138 53 -172 -17 109 -125 -92 186 93 -49 25 162 236 -84 -166 -60 -72 217 198 -1 168 203 178 94 126 -140 -6 -191 49 -25 -14 -136 -243 207 -168 -209 136 -16 -68 -13 153 -244 7 48 -112 -114 233 8 -164 133 -8 -115 63 80 -150 -227 -190 -38 164 -203 -70 -108 67 82 -26 34 -35 -234 112 220 -30 98 204 55 -20 -73 -250 180 -10 -141 -100 -158 -79 191 247 -162 -148 -41 208 -42 229 170 66 -239 183 226 211 244 -63 -143 -176 -40 -121 240 127 2 -238 179 3 -142 -163 166 72 -23 -153 -214 199 -33 -57 62 -65 106 -189 245 185 -90 -221 20 -86 -64 190 -211 -184 41 -110 -195 172 113 -247 -116 227 230 101 87 -212 163 59 -127 156 -47 -94 152 -210 188 -242 214 75 -97 33 50 58 -178 125 -230 -213 -240 32 116 -201 161 -53 -177 134 -34 23 140 -77 -159 115 142 -4 5 205 -193 84 0 51 102 -161 232 -15 99 -3 -5 39 242 239 -171 216 40 -186 -174 -185 -222 42 -202 -122 -170 215 -200 -145 45 -18 135 -231 158 246 -75 131 -241 -11 73 -173 -61 37 154 -9 -237 17 -46 -225 -206 -126 197 157 -224 176 124 43 -76 146 -58 22 238 -229 -87 -245 57 -45 -151 -223 36 88 86 -104 148 44 -106 -135 -249 27 234 194 -146 85 147 -205 -156 28 14 -80 95 165 -39 -130 9 237 -29 -196 -204 77 18 -50 -12 137 -129 -157 89 -131 -95 81 -62 -43 181 -192 60 224 15 175 128 -154 105 243 196 -44 202 -27 -85
TEST 56 ARG:-245 -22 -100 151 -52 159 -189 -69 190 -159 36 -171 239 28 -221 210 -156 -239 -208 -151 -142 -58 161 5 233 100 -185 139 -49 -188 89 -38 85 -223 108 221 242 95 -195 228 -233 -83 246 230 224 -206 148 188 193 -198 -173 71 65 47 -105 -106 234 123 -19 -93 -55 -141 211 174 -215 93 -150 -17 160 195 55 121 -247 -33 -59 -7 -157 -60 81 -67 -132 -226 6 46 -62 142 113 -205 227 205 -153 -53 215 127 -36 218 109 11 115 52 -115 72 -203 -14 80 204 -6 135 -167 -243 -179 226 191 -84 50 240 -80 -149 -123 170 -213 82 -43 56 -152 -222 -95 163 -183 198 12 -240 -163 -21 -220 62 143 114 39 -225 29 165 59 -28 27 119 -186 -64 202 -246 122 -192 -79 111 -218 -121 184 78 -68 -241 37 -39 -155 97 -242 103 -4 162 -75 86 30 -135 238 235 -120 -20 -50 155 -29 -57 23 -165 -144 -48 60 -164 225 -70 137 18 87 -210 158 -177 -71 126 -184 77 124 171 156 3 167 125 -1 -190 -23 51 45 -143 -8 101 117 -65 245 -18 140 68 24 102 16 -133 179 219 -78 0 104 -11 58 -249 169 166 -237 149 -234 21 -74 42 -72 -12 83 -238 -228 180 133 -108 -9 70 132 74 241 96 -76 -97 7 -3 112 -16 -244 201 94 -181 13 -31 98 -147 -201 76 -124 -27 -91 -119 -126 -169 -217 -236 128 118 2 181 150 157 -140 25 -34 -148 -116 236 220 -82 -44 178 10 73 -204 31 138 -30 217 75 -136 209 147 -227 214 -125 172 -42 186 1 -96 -103 -10 19 106 33 -87 8 -161 -13 32 53 168 175 -180 -47 -176 -154 164 -117 -104 99 -99 9 14 -172 144 -191 -112 105 -166 229 -137 -209 -122 48 69 116 -90 -37 67 182 41 -45 136 131 213 34 176 145 4 -182 129 -40 -134 -175 -158 -35 -170 -139 -230 -168 26 -162 152 232 -194 -61 -66 248 177 54 -202 -214 200 66 -113 -174 -77 -224 -187 -111 -229 90 141 192 243 -51 -110 40 43 17 -128 -146 -130 187 15 -81 -197 -250 -102 -25 92 130 -118 194 107 -138 -94 -107 183 -54 -5 206 -212 84 247 -114 38 44 -101 -199 -15 -32 -211 49 -196 208 -56 173 -145 -98 -219 216 223 20 91 146 -160 -63 -231 196 -216 249 -85 -131 -232 207 -88 212 22 63 -207 -89 197 -235 154 -178 237 -200 244 -73 79 153 222 185 199 -26 203 35 -92 189 -46 57 -248 110 64 134 88 -127 -2 -193 231 -24 -86 61 -41 120 -109 -129
TEST 57 ARG:-241 180 249 168 -157 127 -103 166 170 109 42 201 -141 115 9 122 -239 -168 -79 -143 43 94 103 -218 -182 73 -34 8 91 78 139 -81 -171 210 121 155 21 234 -92 -59 179 -216 -121 66 -237 -100 29 198 -27 142 37 110 -10 154 213 12 -76 -66 87 222 46 184 -151 -190 -173 178 132 98 -177 -230 -111 74 -44 -50 -67 34 70 192 -65 -152 -56 150 -220 -172 -115 92 167 77 -192 211 -249 -5 -211 -90 126 -130 -226 244 64 -104 -51 -159 76 69 -235 -187 246 114 100 -114 -94 -60 -212 -137 -135 -207 -91 -185 80 -236 -203 -7 199 -89 27 105 -93 -113 36 38 5 117 157 -238 -138 169 -201 7 -186 -77 -219 11 -32 -2 61 41 -248 -38 -28 -165 237 -244 57 -40 151 197 -240 -70 240 28 235 -47 53 14 -231 -15 -213 -13 177 22 -112 -245 129 -225 226 -55 181 236 -29 -146 147 90 -25 -123 182 -176 159 93 146 -131 221 165 -95 207 -233 -243 233 203 171 149 247 -133 88 -82 -229 195 -37 -97 205 54 4 141 75 -136 183 131 -199 -3 102 -122 86 71 133 216 99 -21 111 -197 -119 172 224 -156 220 -161 -1 67 -69 -58 128 -184 136 227 -147 -154 112 -4 188 6 20 59 -124 -118 15 -14 -96 209 -150 -210 144 130 -19 -144 -155 -87 104 -205 125 189 -101 44 161 16 -169 2 -46 85 -54 135 56 55 116 -181 -126 -214 79 -183 -12 204 -102 52 232 193 47 -194 -72 185 140 -16 -132 50 -191 108 -9 -6 -57 65 -246 -83 -224 83 214 -48 148 191 120 202 -33 186 123 162 175 238 -193 160 -222 -204 -202 25 -62 -142 -22 158 -36 -206 -160 -208 -85 -42 -84 153 -195 -86 -71 106 68 -139 -179 231 -158 -116 -30 -88 145 219 -188 35 -105 -162 143 -198 -174 -217 -80 164 3 -223 24 -23 -189 -18 -39 -61 49 -140 217 -166 -200 245 -8 -43 84 63 -134 -75 124 228 -175 248 81 118 174 -129 -52 95 208 113 218 -64 17 1 -178 -45 -49 119 -234 0 230 -107 215 -164 -180 -128 51 30 62 40 -117 -228 96 176 -109 -242 -149 -68 -125 -250 194 33 23 -35 31 -170 -148 -163 -221 19 -120 163 -53 225 -73 -98 10 -153 58 156 243 241 107 13 -78 -74 223 -11 101 229 -24 212 -17 -227 26 -209 134 -41 196 187 242 -99 -20 -196 138 -26 -247 190 -127 97 -106 -63 39 60 32 72 -31 206 239 152 82 173 137 -145 45 -215 -167 18 48 -232 89 200 -110 -108
TEST 58 ARG:-208 -66 -127 142 95 18 91 16 228 -117 -144 -113 -218 55 70 146 185 82 163 -27 107 -29 195 -139 -161 -35 -184 -74 103 -216 -81 -155 46 -179 -131 -23 94 225 5 134 -213 212 165 -69 147 -67 -189 -108 -92 -154 -79 67 121 90 -119 -90 132 -50 -39 -201 230 246 -146 -77 -18 42 21 224 56 -245 -68 200 -137 35 126 43 -22 -104 -250 151 102 136 109 119 72 -125 -234 -8 98 -61 -21 -48 -177 159 243 210 28 170 162 48 49 235 -128 86 -188 203 -5 -102 66 120 -158 -203 -13 58 -82 -130 -46 141 -240 -136 207 33 -17 -60 -19 40 30 88 247 60 14 -162 -181 -33 -182 -195 97 -36 194 31 117 -210 -12 215 -156 178 177 111 -84 23 156 -224 -200 -197 216 -193 -171 96 128 -42 -123 93 -16 73 53 -239 122 154 0 81 -249 242 133 84 -236 179 -185 221 191 -85 -26 27 -101 -53 92 -238 -14 -157 190 -214 -176 -175 -24 -147 20 7 -75 -237 -1 -207 140 -88 -107 125 -15 -124 39 12 83 144 118 171 131 -227 245 26 148 17 -103 -228 -89 180 135 -165 234 237 101 198 197 -122 183 -230 -25 8 -225 -196 38 -4 105 -7 -215 3 206 -183 124 65 -221 -94 -95 150 -65 223 -10 157 36 219 -170 22 -71 34 -138 187 79 -244 -51 186 -226 29 113 -168 -58 -38 15 -212 -118 -247 231 4 -63 149 50 -64 -160 -3 -34 236 -148 -231 -223 175 -28 -114 192 85 -174 -220 -120 -105 -143 174 127 -6 -141 -129 71 89 -243 -9 241 6 238 1 -132 -70 -164 45 213 68 76 -152 158 -49 -78 193 -91 -110 100 227 -54 204 -153 32 -96 -242 116 -31 106 169 -55 -151 -73 13 -229 9 -59 61 129 44 -56 -192 63 -52 -205 -150 188 59 -191 -37 209 -169 -248 201 74 -87 196 -111 167 233 184 -86 -80 -97 161 -199 160 11 -202 -41 173 -246 239 -106 -126 -57 218 78 -62 -217 182 139 -112 -134 226 -173 77 -187 -45 -44 138 -211 -145 -190 19 -30 25 -163 108 130 -198 -121 176 -233 99 80 112 -43 145 -116 -206 -99 217 -241 166 168 220 114 232 214 -115 -166 41 37 -194 24 47 -235 155 -133 205 202 123 229 51 -209 -167 222 164 -93 -180 -159 189 248 -219 -40 -135 110 -32 52 64 152 -72 -2 -204 -76 -100 -222 -178 69 75 2 211 104 10 -140 143 -172 -142 199 153 -149 172 -83 -11 -186 244 87 208 -20 -232 249 57 54 181 62 115 -98 -109 137 240 -47
TEST 59 ARG:-11 -132 161 -91 -112 -208 -154 89 189 -196 -204 -62 137 50 -40 14 -97 -3 158 248 -152 3 -134 -227 -229 -103 187 173 219 42 -30 -234 -64 -176 118 100 -69 -188 222 -15 -32 246 7 -235 -25 -26 -98 -114 88 157 -72 114 -164 -110 172 -244 -66 -141 -13 0 -245 209 95 -53 125 85 11 -67 -129 149 107 -225 234 -240 159 99 -22 136 -236 -37 8 90 -99 -128 -173 -50 2 -239 192 -60 130 -220 -193 139 -178 17 101 -88 27 -39 31 166 -185 -156 -169 -49 -221 43 -83 -78 -175 244 58 197 -27 131 135 -209 22 64 210 182 167 25 221 -17 -92 -20 30 112 249 206 38 34 225 240 -190 105 21 143 231 81 181 229 -106 160 -28 -65 111 -41 138 49 97 29 239 194 57 212 -149 193 144 133 33 113 10 -206 18 -44 -243 241 -55 -232 -223 -84 -45 102 -12 -23 124 77 -157 -217 20 180 68 208 -222 -216 -195 -179 200 -70 -189 155 121 -108 190 -42 168 116 117 63 82 145 -79 32 191 4 72 184 132 211 -33 -218 164 147 224 -174 -166 128 142 -133 -165 -163 37 -181 61 235 205 12 80 62 122 -205 -19 -186 -131 -95 73 -145 245 215 -47 -113 -143 1 104 120 -18 -121 23 152 195 -35 -135 -153 -58 48 -124 -74 110 186 -162 -197 127 115 28 47 -111 174 236 -63 -46 -93 203 -144 93 -237 -242 -161 -168 169 66 -2 202 91 -56 243 183 65 9 217 15 146 -7 52 214 233 -34 -10 35 -177 -140 201 87 216 53 -231 108 51 74 75 -233 -201 71 -24 -219 -109 -249 -137 -224 -54 -172 -1 227 218 -80 -127 78 46 -138 -146 -250 129 -150 -207 207 -202 123 -248 -117 54 -247 -76 -238 -107 -77 -147 -89 -142 16 -151 -29 -122 -191 40 -31 103 -158 94 -212 175 45 230 -71 185 -214 165 -61 -160 -73 -118 -36 39 41 -21 -148 67 -136 154 141 -170 -155 -105 106 163 59 148 -192 6 -184 5 171 -203 60 -59 140 178 153 213 -38 -210 -75 86 151 92 -82 -8 -126 -115 126 223 -104 162 -81 -200 -123 -199 79 176 -68 -180 238 -100 -5 -215 -52 84 -194 -90 -116 -171 -230 228 -87 237 -198 119 -125 -167 -51 -9 -119 13 199 -48 156 150 -86 -228 -226 -120 76 -139 -94 196 177 -159 -14 -130 55 -187 -43 -183 -6 19 -211 242 24 -213 -101 -4 188 36 -57 -102 26 220 -246 96 70 -85 -241 204 134 226 198 -182 232 83 109 69 44 -16 170 247 179 -96 98 56
TEST 60 ARG:-202 -198 33 -122 -201 147 -37 -60 93 165 -105 32 -50 244 73 -98 43 51 136 42 -14 -107 107 47 102 153 -150 44 26 37 -71 -17 105 -127 -204 -83 17 66 -6 -189 229 -91 -216 -180 220 -151 247 -82 80 12 192 143 -118 158 -47 -7 41 82 24 173 249 -72 134 84 223 -116 170 124 -186 -136 -4 81 -199 224 196 29 -75 6 69 -10 -102 -143 -231 228 -194 -192 71 115 -134 151 -187 189 -200 36 186 -88 89 178 -49 -244 211 -97 210 -142 64 -70 -185 -20 -11 48 4 -171 -176 222 138 176 -46 204 -217 195 219 101 9 104 -208 128 237 -205 240 146 -169 -167 142 39 -74 -242 -117 -58 -126 231 -156 57 60 -43 50 -149 182 -80 -18 164 -38 116 15 -68 -9 171 -213 11 27 -234 236 76 -148 -27 -239 -124 139 -108 225 -170 144 -123 -101 78 -230 -221 112 202 38 -214 23 -184 7 -103 -145 45 -174 -61 2 120 96 35 -3 -120 159 150 -131 -159 -113 -36 126 133 -59 232 -161 -223 149 -181 18 187 -246 140 201 63 246 -93 148 -63 79 -73 -62 -165 -89 20 184 -139 108 -141 154 -195 0 -114 233 190 -243 -31 55 -129 -250 242 -219 5 125 -164 -67 155 -206 -53 226 -106 -15 -109 -237 -130 -29 95 -197 156 -172 -84 -119 -225 177 167 -138 -78 -209 -30 122 54 -182 163 179 137 -65 1 185 214 -21 168 -86 65 -85 -232 56 -226 -179 -178 8 -168 -128 70 -41 34 59 -111 235 118 216 145 161 21 -121 -236 -160 -222 -44 191 157 -125 141 98 -52 -23 -177 -155 -175 166 -32 10 243 -57 135 68 -56 99 -19 -144 14 58 -137 203 16 -77 -112 194 -45 160 -35 109 -33 -54 -87 -100 -64 92 234 -247 -240 169 -26 86 -183 -76 193 217 -220 180 72 121 61 3 239 -211 -166 -227 28 212 -162 -215 199 90 -94 -228 -24 -133 -42 188 -249 213 46 198 100 103 -248 -95 67 175 -99 111 -188 -238 -245 -218 117 -207 172 -90 -55 -16 -8 162 206 75 -153 245 94 -154 -39 -12 -79 83 40 -233 209 131 62 -173 -5 -25 52 127 -193 218 -158 114 183 -81 31 74 197 -135 -2 49 -157 -40 -110 13 174 77 215 208 -96 130 -69 -191 227 -190 -115 -241 123 200 -210 113 -51 25 19 -163 -224 152 -212 -147 -28 85 221 87 110 106 -1 -203 -196 248 119 -132 30 22 53 -48 -229 -146 207 238 181 132 -13 -235 91 205 -152 88 -104 -66 97 129 -34 -140 -92 241 230 -22
TEST 61 ARG:-17 219 177 206 88 -157 184 -149 76 91 -177 139 214 189 215 108 -154 -164 -97 -143 -204 132 28 233 -207 -51 -250 34 117 -134 -218 29 -8 -167 -70 109 175 205 48 -53 -37 -61 32 51 64 120 -48 170 168 -77 -147 47 5 -226 -66 -158 -229 15 -101 73 -144 -54 -100 -188 -40 -20 245 -214 63 -106 227 249 -6 160 -220 -139 23 155 178 62 -232 194 102 165 -130 -193 -169 128 133 -236 201 -241 -138 75 -14 11 72 226 -119 98 199 195 -127 96 -98 -224 -62 -200 -199 104 134 -12 -173 -24 -132 -79 183 50 -125 135 230 -4 -122 105 122 65 -3 -242 217 59 125 167 79 -163 -87 -247 154 211 204 221 -118 -45 242 -75 -28 38 -150 180 174 212 -126 -243 14 239 247 -176 -223 26 246 126 -129 -211 -121 -57 -31 -172 248 -68 130 136 -137 -198 171 -210 42 -42 -190 -96 -222 39 -165 238 107 56 31 -2 61 176 -131 70 41 -99 -180 -205 -189 69 -86 -217 -133 127 -245 -151 -102 44 -248 186 -85 182 -32 -203 190 234 192 74 33 -18 166 -182 129 93 43 -168 99 53 -184 202 -187 100 208 3 -160 35 -152 -166 193 -88 -41 67 7 241 222 210 143 60 140 -183 -234 200 216 198 10 -108 -128 -156 92 2 -231 149 52 231 -111 -246 223 -230 114 22 -191 -1 -33 -15 83 244 169 -27 21 -21 -9 150 -113 -202 97 -140 -235 -153 77 110 25 -29 237 -117 0 -107 45 -115 -212 37 159 -11 131 -16 95 24 66 9 -179 -244 224 -71 236 112 -47 -49 -192 -73 -55 89 -23 -5 158 -185 173 161 163 -93 16 -59 209 -249 -238 -233 113 20 144 220 -19 153 -84 -170 -60 152 87 243 -178 188 -81 -10 -237 -112 -196 -25 156 196 58 -78 -120 111 207 -69 1 -89 101 137 -94 218 -26 -135 -216 191 -91 4 138 157 141 -39 55 -65 -155 80 -225 187 -146 -95 -123 203 179 -213 147 116 124 -197 151 8 164 46 -80 103 71 121 213 -110 -83 -72 -148 -240 123 36 -67 -76 -161 -145 235 57 19 54 -109 -63 119 -208 -195 18 -124 197 162 229 82 -175 -64 -159 -239 -50 17 240 -43 148 181 -74 -105 225 118 78 86 -36 -114 232 68 -171 -228 27 12 85 -30 -181 -90 228 145 172 -44 -219 -13 81 -38 40 -206 -22 -142 -52 84 -136 94 115 -174 142 -201 -103 -35 -104 -116 185 -227 146 -141 -162 -58 -46 -194 90 106 -82 -92 -7 -209 -186 -221 30 -215 49 6 -34 -56 13
TEST 62 ARG:-55 -174 -172 -155 -166 -85 -248 155 122 -175 -226 -170 -235 135 -48 69 -29 133 43 30 64 105 189 -8 217 -105 123 171 232 199 -142 165 -135 -20 -133 63 -197 -236 -163 10 -121 99 214 -136 -220 -23 -117 92 119 25 -154 -202 -52 -41 -89 39 -32 -34 -167 -213 -184 206 112 -127 -68 -214 -3 -10 209 120 -164 118 195 20 38 86 -157 62 -228 52 -149 12 -118 34 -101 142 23 131 207 -234 -120 -145 -93 238 94 -86 -100 130 143 101 31 212 28 216 -173 152 80 56 225 200 -51 239 -140 66 -60 136 -231 202 -35 -128 -176 41 -241 -187 141 -80 237 -16 235 -87 90 223 -49 -229 -122 227 -47 -181 -42 154 102 59 166 82 219 16 21 -162 236 163 168 68 71 -221 -191 -147 -53 -148 85 -15 169 128 -124 -129 -24 -212 -160 36 180 -215 220 13 77 40 247 -195 -66 -227 249 -242 157 145 -152 -45 231 -99 -72 -14 89 -182 -64 -116 44 127 -222 -203 -102 -74 121 -233 -179 114 244 -17 -146 117 -171 -77 -209 24 156 150 51 -25 50 158 -104 -22 -9 53 -97 -130 -185 2 109 22 183 108 70 -223 192 100 -91 -1 79 74 -165 -207 151 81 138 33 203 -31 147 -219 -11 -57 -67 -161 -132 106 11 67 -119 125 -21 -94 -217 -110 -230 -131 -96 48 -180 -199 -177 -200 111 110 243 -95 32 -71 -84 91 193 -141 -12 5 -92 14 72 -196 210 153 -38 177 213 76 -70 218 -88 8 -115 -73 -194 -5 188 196 -143 -36 -2 6 -210 78 -237 161 107 -107 17 221 9 88 -44 83 -103 179 159 -114 -224 37 -112 245 170 -65 116 -75 54 201 -208 -109 137 -198 -50 -82 -144 -28 164 -98 198 -218 -46 95 146 -151 -78 73 234 -113 -37 -193 191 176 178 124 -232 -79 -125 -245 248 186 -246 162 104 19 -247 160 60 -205 -76 61 -43 -201 93 18 -6 57 134 197 96 -169 226 204 194 215 -39 1 -159 132 -63 129 -123 -7 148 -139 35 -83 184 55 205 -168 -189 -19 -238 -81 27 208 -250 241 -190 211 15 45 222 -62 -150 4 228 229 -108 -56 182 -90 -30 174 187 -204 139 -69 0 26 -4 -126 -206 -244 242 -243 172 -137 -138 97 113 167 173 181 46 -58 -106 140 -54 -59 49 224 175 126 115 -225 7 -192 -13 -183 -40 75 -188 240 -156 58 144 190 65 230 -18 -158 -33 -216 87 -134 149 185 29 -111 246 -61 233 3 42 -27 -186 -178 98 47 -240 -249 84 -239 103 -211 -26 -153
TEST 63 ARG:-100 -111 -105 231 245 54 90 140 65 -21 -29 244 108 -118 -208 214 -39 -244 136 187 3 0 -53 -18 38 74 220 186 -1 -120 -71 -177 61 -77 170 107 -124 -154 -109 96 -84 93 -106 75 227 -73 111 -117 -79 69 -19 120 118 191 -45 -232 -189 -233 -122 163 154 9 204 -199 128 -192 233 88 150 -37 -224 -25 188 -153 -104 -126 -129 25 201 99 42 143 135 -32 27 -102 52 246 -31 236 100 206 210 -202 224 66 72 228 123 18 -196 102 -229 -52 -54 162 155 -64 -10 95 -98 -194 82 -152 -94 -107 -249 30 202 -11 114 53 -34 63 -33 -155 2 222 -80 37 226 -67 60 -68 -30 -12 -50 144 -6 -119 249 147 -213 235 -176 160 -151 131 -95 106 229 127 -62 85 180 -48 56 -56 16 -116 -225 -88 207 -99 134 133 -241 225 241 -175 232 239 -133 109 122 39 97 12 -210 181 -70 208 32 -36 -40 -82 31 142 -169 -5 165 17 -237 -101 -148 -87 -69 -75 216 212 -198 51 -141 -166 -115 -186 -168 -242 211 -190 169 70 -74 -150 67 6 126 81 145 -178 -239 -218 -15 -230 1 -58 -9 19 -47 -180 98 197 -7 -42 -243 -212 -214 -147 104 -130 83 172 -51 -220 -60 152 -209 219 -131 139 240 -78 175 -59 248 -138 168 -66 -215 173 -38 26 -228 157 189 -206 -200 -248 130 5 121 -61 103 64 -170 174 193 -4 171 55 203 156 -217 -76 49 223 153 -81 218 112 196 -164 -184 247 11 -28 35 -135 -92 110 91 -103 -17 -23 -188 166 158 113 117 -57 33 50 73 164 -226 185 -140 -112 -127 -236 115 94 77 -125 21 -171 -235 4 -207 -144 62 238 -159 -3 -91 243 215 84 177 -27 -145 47 221 -137 -216 8 -231 200 -240 -110 -157 237 71 20 -227 -173 148 190 -134 -221 -162 -156 -49 -22 -63 161 119 101 151 125 182 -142 -123 -193 59 194 15 141 -219 -246 -97 -163 -183 68 230 -16 -161 80 43 124 -20 14 45 23 167 58 199 76 -139 -14 57 -8 78 -185 -2 209 179 -90 -165 -203 29 7 -121 137 -211 205 -114 192 -128 -160 -245 44 -179 10 -222 -96 105 -247 36 -65 -238 -132 -35 -93 213 -44 217 159 184 -46 178 22 41 -26 -201 -167 -205 176 -174 -83 -197 -187 -136 48 -55 -195 79 -181 242 -182 129 132 40 -86 -146 13 46 -113 -13 -43 138 -172 89 92 24 -191 -158 149 -204 198 -85 -250 34 -223 -41 -149 146 195 -108 116 86 -234 28 87 -72 -89 183 -143 -24 234
TEST 64 ARG:50 34 167 44 207 143 195 -60 -179 -178 -55 -19 107 -70 -1 192 86 150 97 -161 -36 -235 -5 62 7 -234 -168 217 225 247 148 179 -107 -136 59 -180 142 61 162 54 87 -27 -181 -80 80 -3 201 -202 222 -160 -51 240 -22 -74 -219 -224 -184 -96 55 133 -14 -58 73 -40 84 -68 -191 -148 46 76 131 193 214 124 72 -133 199 94 -100 198 -33 -245 -143 -214 24 12 -65 140 -28 -103 -49 -215 -45 -72 -147 -197 246 38 -54 183 158 -188 -61 88 174 17 223 -85 1 -131 122 196 160 -226 -93 187 -63 91 -238 21 208 144 19 245 155 237 43 -249 152 189 -192 -193 -119 85 -83 -150 77 -66 180 16 -9 109 141 -237 31 -23 164 126 190 58 -16 -121 -130 238 101 -98 176 -118 -204 40 211 93 -37 232 -211 -164 147 -183 -109 226 -222 13 -94 -35 69 197 -159 -108 -38 111 8 134 154 -15 47 95 -210 -91 221 159 -185 -229 -62 32 -152 27 -138 -248 218 -69 -7 115 90 -122 236 -39 139 -208 128 184 233 23 22 -125 -163 194 -207 165 -67 -140 -195 -34 -79 -139 -24 249 219 -177 -146 -26 53 -115 -128 -17 -124 120 -189 -11 -114 99 -169 -165 -53 178 -244 68 71 117 -149 224 96 36 204 -20 185 -174 4 67 63 -223 33 78 -196 -21 -243 -134 -59 -71 -236 228 149 52 163 -232 -190 186 -82 -123 57 -240 173 79 -230 -86 146 -84 -81 6 135 -104 75 121 -220 113 98 -76 92 145 172 175 -105 41 202 166 64 39 -44 138 130 209 229 30 83 136 -198 248 114 182 157 -154 14 -250 227 -42 191 119 -129 -132 241 18 -88 3 170 125 -6 212 -145 200 -242 105 -246 213 -186 -29 28 45 -241 49 100 81 -110 -126 -213 -87 -162 -101 118 244 -50 177 -227 -239 42 -182 -99 168 82 -144 -112 129 -78 -95 102 -167 -2 242 171 103 37 -212 188 -135 234 -32 -142 -153 25 132 -156 89 116 -157 -171 -102 20 -120 29 48 156 -52 -47 -247 -31 216 220 -75 -10 -221 -127 -12 -201 11 56 -218 181 -111 108 -13 -173 -203 -217 210 230 -64 5 -155 -166 -151 169 -25 -41 -233 -92 -57 -172 2 9 137 74 -158 -4 -175 -46 127 -48 -113 106 235 104 -73 -97 -141 -89 -56 15 -137 206 60 -206 203 205 239 231 -231 110 51 -30 -176 -228 -170 26 153 -209 -187 243 -106 66 112 0 65 -90 -194 -116 123 215 -117 -200 161 151 -205 70 -77 -216 -225 -199 35 -18 10 -8 -43
TEST 65 ARG:229 -144 181 -28 -223 52 107 71 35 -48 -43 186 -218 69 157 -145 -40 40 -230 24 99 -240 16 225 147 -147 -207 -1 239 220 -109 170 -113 -58 146 -155 -158 -231 -103 246 -193 -36 241 -176 156 113 -111 -71 18 -102 5 173 -190 -197 208 22 -186 -118 103 -122 -13 -236 -129 -159 60 81 213 -154 -192 -171 -112 -5 -239 -30 151 100 -204 -211 11 13 10 192 84 105 -243 -47 117 -156 197 164 -219 -119 -210 0 12 -9 -72 -44 72 -98 190 -21 -196 -29 -184 76 198 -214 -22 -126 -174 -181 34 85 126 50 -148 -14 33 39 -83 -141 -213 -221 -161 46 -149 98 -57 102 21 238 -212 162 -199 -216 30 175 -191 206 -115 116 -15 -94 188 4 -182 -246 63 -170 -173 130 -153 134 211 189 168 -86 -217 -134 135 57 97 -26 -177 -233 -108 -27 141 89 -234 14 29 -23 -195 171 43 96 -248 178 115 233 234 136 -31 -76 249 -87 166 2 -166 -56 -46 -206 -38 -88 -73 174 3 -104 -68 139 144 -150 -49 -10 -180 232 -74 149 -4 -62 114 -185 217 -232 159 -42 -189 77 -183 204 184 -188 202 93 235 59 -205 -160 201 -93 -65 148 -228 70 -172 -18 27 64 138 231 58 -24 -127 -143 -132 41 -39 -128 -53 -3 44 -238 -235 -117 78 228 -54 -84 36 167 242 221 73 110 106 123 -187 224 -167 143 1 -110 137 -11 195 -178 -244 -125 -201 -52 128 -64 -95 187 9 55 185 -79 -152 -97 26 199 37 244 62 -224 94 -164 -229 108 160 -116 219 -75 -247 200 112 -242 -241 140 245 32 -136 169 153 -45 104 127 -135 111 121 129 -165 -198 222 -33 56 -37 74 -67 161 196 95 163 177 8 -163 -220 -162 -16 -82 -20 -133 38 226 61 -63 212 223 218 -89 -123 -92 119 -237 -77 -200 25 -34 15 -105 179 237 230 142 -249 -85 -81 -169 165 -80 154 20 45 -96 -6 172 -35 131 -7 120 28 215 183 210 -151 101 132 216 -140 47 207 -106 -61 -194 -208 -250 124 7 243 -12 194 -124 -60 83 -121 75 -2 -50 49 -25 82 182 248 42 -142 145 -120 88 -59 240 209 227 -202 -91 23 203 -168 -146 90 53 247 -175 -245 -215 -209 -139 -41 176 79 109 -137 66 -78 86 92 48 -66 122 67 -99 158 -157 17 -8 6 193 19 -51 -138 -101 -100 152 150 65 180 -179 -90 -225 80 214 54 125 91 -17 155 68 -107 -130 -203 87 -19 118 -55 31 -131 191 -114 -226 -222 133 236 -227 -69 51 205 -70 -32
TEST 66 ARG:-211 102 120 111 -164 -217 167 133 75 153 -120 -65 -70 206 -73 -90 -248 -27 -238 -178 -218 164 205 241 14 31 -207 -206 -21 234 -61 -172 185 -223 54 143 32 2 163 -76 91 -86 103 -19 129 -210 8 -67 150 193 34 84 159 -63 126 174 51 146 -150 -195 89 44 105 -173 -34 -228 -168 -1 -214 60 217 -18 239 119 142 -179 -146 -221 29 230 154 243 -115 -190 224 -204 216 35 63 152 242 249 -200 -191 235 -143 -140 -57 182 3 98 -42 -100 -83 169 190 -117 -96 200 -147 94 128 64 -71 73 228 24 227 211 -10 -11 -138 -30 -153 55 -64 -182 -26 42 93 183 130 161 188 236 79 59 -131 -66 -43 194 61 -12 187 -111 176 36 -77 131 70 203 173 -116 -101 -216 -2 101 192 -22 137 -113 -109 97 225 95 -78 -17 240 -139 45 21 -194 -128 -16 229 -20 -103 226 -23 -112 222 -35 -201 -193 74 -227 -81 -91 -188 -205 -97 -155 -226 -133 -134 20 82 145 -79 -56 -152 85 -40 -156 232 110 -119 -170 -5 -114 -162 -92 196 166 197 -239 25 71 151 -215 -104 49 181 -197 -51 13 99 -125 -102 223 168 -25 -141 -208 -31 -233 113 214 172 -167 -245 149 18 -171 -4 38 -69 -149 -75 -105 160 -54 -93 198 -60 9 -161 -99 57 246 -186 -135 177 -196 147 170 -9 157 -37 -98 -212 46 -89 53 -85 -154 47 48 127 112 -41 -122 165 -59 -176 144 -213 121 207 213 -158 37 -234 -130 62 -225 -203 -6 162 106 -38 -144 -58 212 180 69 -39 16 -36 50 -46 88 30 52 81 58 -177 -47 135 -240 -24 237 -183 -189 0 -127 -202 140 -175 87 -145 -219 -33 210 65 -87 219 86 221 134 -163 -53 -174 67 -118 -181 -157 -13 124 195 -88 -137 -246 122 -247 -94 5 -84 -169 238 114 178 92 -8 22 215 -50 -29 155 68 -49 -45 -166 -250 -52 4 -192 199 208 218 80 136 244 158 -159 -62 -243 66 -15 76 -7 -236 -237 -136 -184 -124 148 -142 247 109 83 231 245 28 39 233 -28 -123 41 -209 7 15 201 117 123 -68 -151 40 -110 184 132 56 104 139 -235 26 -230 138 19 -48 115 -229 23 -32 -55 -3 209 191 6 27 -231 33 -241 -244 11 204 -126 -187 -242 78 202 -199 100 175 12 141 -198 -224 -148 179 -107 -14 90 189 -44 -220 72 -132 220 -165 1 -249 10 116 -106 118 186 -95 125 -74 -185 17 77 -180 -232 171 -160 -222 96 156 -72 43 108 -121 -80 107 -129 -82 -108 248
TEST 67 ARG:54 -229 102 -4 120 226 156 -182 -214 -137 93 225 -211 2 -172 -178 -162 -221 189 -26 -87 244 5 12 123 -52 177 13 -208 -5 68 66 219 -198 -99 -248 -143 -226 -126 -47 236 139 -184 107 246 -111 164 -194 -100 186 194 175 70 -196 248 -25 126 207 -19 -8 -232 86 148 -158 -129 -57 193 168 95 -113 203 81 98 232 -224 157 115 -132 233 -62 -149 76 -20 -12 143 31 -109 -37 -122 160 -81 -43 96 94 -142 -222 -67 -148 -65 8 -46 -124 200 129 75 106 44 -59 197 -110 -227 231 -153 -3 -151 -192 -243 -80 53 84 -160 -108 174 111 -223 27 -117 -107 -165 180 -77 -98 -167 135 221 21 41 -24 64 -216 142 -245 -171 14 149 50 -163 -112 -180 -73 29 -138 103 -220 -218 58 -38 -119 52 55 -27 -141 88 -199 34 -134 -197 -14 242 89 -120 162 -200 -97 176 -177 80 40 74 -101 -235 -41 -84 -18 -186 -179 150 -78 -234 117 128 -244 227 72 -237 83 -239 181 -144 159 -71 -35 91 -93 -103 -28 114 -90 42 85 30 153 47 196 211 209 -2 43 167 229 165 230 -195 -94 -102 -66 -225 -45 -121 -85 124 73 -125 -32 38 49 -39 -63 152 11 -210 204 190 110 127 224 -64 -175 77 144 216 145 178 192 -76 57 -56 -207 -42 234 -173 99 182 146 24 -34 -228 -193 65 199 90 -36 39 -187 222 -23 61 -236 -164 3 239 130 -82 -209 -70 -240 -176 -104 -51 56 22 0 32 17 136 -86 243 116 183 -147 104 -212 -145 138 245 -75 37 23 45 -152 33 -88 -250 212 -58 205 141 134 169 60 -30 4 -201 241 71 -169 -246 108 -89 -166 -183 -146 -249 -188 -106 -95 -50 9 -105 19 -133 6 191 15 48 -131 210 -135 -22 79 1 172 -53 132 -185 228 -247 -238 87 -241 -140 59 -154 -29 -168 247 97 -156 -215 137 238 35 -128 131 36 -161 163 -150 -13 7 -49 147 -44 118 201 -91 -190 -21 179 -191 100 223 121 -61 -15 240 109 235 -40 -68 187 -123 -16 158 122 105 -60 -217 101 -127 -6 -219 26 -203 -116 -130 -181 -204 16 20 215 -1 -118 -54 -9 25 213 112 -96 161 195 -48 -139 69 113 171 -230 -79 206 -231 -74 -157 46 78 28 217 140 166 63 -205 -159 220 119 -17 -55 -115 170 -174 202 -11 -202 249 154 -242 -33 -213 -155 237 10 198 -206 208 214 185 -233 -10 -136 188 92 151 155 -31 -170 133 -83 -7 -72 51 125 184 67 82 173 -92 218 -189 -69 62 18 -114
TEST 68 ARG:30 90 47 95 -193 240 200 125 -12 103 -233 -194 28 -141 -34 -6 168 -69 -92 -76 -32 -107 53 5 -89 78 -11 114 -180 10 248 85 86 -85 -106 -20 -250 -99 -145 79 167 -28 -48 -91 229 196 234 -95 59 -175 147 211 -202 -153 192 -93 92 242 25 -231 191 -225 -151 -183 -2 -123 153 -52 -47 -181 -242 97 102 -37 80 107 -98 166 133 -134 -77 -108 61 -35 194 -216 197 143 -218 -170 15 174 71 -206 170 -150 117 150 -51 230 245 109 177 24 209 70 199 87 7 58 -220 139 157 -71 188 -223 106 244 -148 75 -131 -209 65 202 12 -125 213 -105 236 215 -143 60 -124 -232 246 -214 -70 141 -33 160 -240 -188 -178 11 73 137 -83 -16 -97 76 -146 -53 164 -196 -201 186 222 88 134 0 -226 162 201 -23 -40 -244 -10 -61 -109 -154 -104 -31 -56 210 214 -198 193 -81 -9 128 45 -65 -5 100 -192 -88 152 -177 54 -219 247 93 91 -235 101 148 39 116 62 -184 -94 -68 -49 -179 -229 -102 8 -126 161 -171 17 -113 173 6 -182 -144 27 22 23 237 -157 -241 -238 32 127 204 219 -246 26 239 -199 -135 -103 -29 185 -112 29 -162 243 -96 -4 -165 129 -14 -160 -174 -82 -197 35 187 -237 -58 52 -13 112 -63 34 -42 104 227 -158 -243 -187 83 -127 20 38 94 241 -67 -62 42 -161 220 -149 126 -213 -79 -136 208 -138 -217 -44 -90 -129 122 4 203 123 -210 -86 -156 -248 -36 176 -155 179 -139 158 111 -100 -17 -30 -26 113 -27 18 -221 146 -38 72 -247 -224 -73 -118 37 -227 -152 -101 -164 -78 -169 -185 21 231 -208 159 155 -130 -18 -172 77 -84 -212 233 -15 -239 -168 -3 -41 182 51 154 189 99 -60 50 145 130 226 120 -74 135 44 144 132 118 66 180 40 96 207 -122 -163 -111 -7 -249 121 -115 -203 156 -167 69 -191 -80 -114 105 198 13 -189 -57 -228 -236 -166 19 108 -200 -110 -121 136 2 -21 -230 -128 115 16 -43 -117 138 131 124 -137 205 249 -190 -133 -120 -195 1 178 216 -211 -116 -45 -222 221 184 140 -159 31 -64 81 67 183 -24 171 -59 57 -132 -87 -8 -22 228 43 206 -25 -245 64 33 163 165 181 223 -39 -1 190 235 175 -119 63 9 195 -147 172 217 -50 -176 119 238 142 41 -204 -205 46 -186 48 -55 36 3 84 -72 151 224 -215 82 232 -19 14 149 98 55 -142 56 -66 110 225 218 -54 68 -46 89 74 49 169 -207 -173 -234 212 -140 -75
TEST 69 ARG:183 187 192 99 114 -230 27 150 178 39 82 -234 141 -229 173 184 -141 -112 49 -210 194 198 -178 -4 -149 -30 157 -157 232 -187 -48 158 -96 147 -240 -214 -44 138 33 -71 164 -131 -239 5 -232 -237 112 103 237 -170 -161 -29 -83 153 52 185 -86 73 -165 188 -53 211 48 92 121 -90 -28 -181 191 77 -75 19 132 -140 -106 -55 -151 -100 -118 -124 -185 162 135 221 46 126 60 -220 213 8 -186 -70 101 -226 218 -62 -206 -99 131 -201 -164 160 -92 180 227 240 -3 61 84 -88 76 -248 -113 9 -160 -91 14 54 149 66 47 -119 170 122 -244 -152 22 222 -50 195 -224 -242 -198 -191 45 -231 -12 36 -108 7 -212 -183 71 219 -194 -150 119 24 -59 89 -197 -121 -202 236 83 -129 154 -58 -190 115 177 -130 203 -45 -213 -64 113 -40 -36 -43 234 161 -10 -145 -39 -52 41 -56 -179 -195 190 -155 -225 247 -78 -196 238 -20 -15 -82 106 104 140 176 38 15 111 35 108 -94 -238 -33 53 0 -60 -69 -19 -120 241 -49 205 200 193 -109 230 69 155 216 159 -6 -114 -31 -27 212 37 -216 -219 18 -98 -80 85 201 93 65 -46 23 226 217 -247 -122 90 -125 -134 127 -32 -156 -142 -147 207 130 109 -243 -13 231 -158 86 -128 169 -73 118 -209 57 29 2 110 -227 -7 228 88 -87 -103 -57 28 -117 -172 16 50 11 -233 -215 79 -223 -24 143 -2 32 -18 -76 -208 74 214 248 97 186 80 -16 124 156 -146 171 -143 -66 -211 -34 64 17 -38 31 -132 -174 -65 25 136 166 151 94 -102 245 -1 -159 137 -167 -115 21 43 -182 40 20 225 165 -169 -14 139 208 -136 202 -188 142 107 44 224 -138 117 -67 -200 -84 -249 26 116 42 -173 -95 -47 105 34 -137 56 235 70 129 55 -41 -97 -154 -222 -72 68 1 -5 3 -250 87 12 244 -171 204 -193 239 -177 -180 -163 -110 -23 -61 -126 246 199 -105 63 -144 -175 -77 75 -63 10 -127 95 67 -241 -42 134 -85 -93 -22 249 102 -89 145 -8 100 -107 -11 98 59 210 -192 -205 133 175 -25 242 163 -189 -79 -176 172 72 189 -116 -51 168 -101 144 -133 91 120 -68 179 -111 229 -9 62 30 -35 148 233 220 125 196 -199 -207 -236 -74 182 -21 167 -104 -246 -81 174 -204 -135 -184 -218 -203 197 215 128 -148 78 181 -168 -139 81 -26 -235 96 146 -153 206 -221 -37 -17 123 223 58 152 -123 -217 6 243 -166 -228 -245 -162 -54 209 51 4 13
TEST 70 ARG:-62 -98 189 17 -15 -242 185 156 -73 47 177 -198 100 -209 -243 230 -208 211 75 -168 40 -40 -156 191 181 -142 202 243 -240 171 129 -67 -46 -196 -125 -61 37 229 207 124 -9 -27 -50 -126 173 52 45 176 -197 -7 -191 54 99 77 249 91 102 237 -8 218 -87 -1 -161 214 53 15 247 169 -195 -104 -228 35 246 -12 -144 150 -230 134 -72 -216 -63 -2 70 -229 -64 -159 168 -33 213 178 165 60 -112 90 166 239 163 66 -80 5 212 224 161 -10 -225 -70 109 80 -77 81 235 -39 -234 8 -164 27 -107 72 221 -118 71 113 223 -26 139 -139 -60 -233 -206 9 157 225 233 -245 -248 -217 240 -17 38 197 -249 170 -214 50 42 -6 -239 -204 126 21 -69 206 -127 -129 -76 -138 -90 184 160 164 28 193 -173 -96 -115 -215 24 -250 -85 -145 162 138 153 -11 -180 89 203 103 112 -237 -19 220 -136 -28 148 -131 39 95 205 149 68 -102 64 -174 -83 -20 107 -238 -108 4 174 -23 -93 192 -124 -184 105 -211 29 227 180 -31 167 196 -166 -44 -74 65 -121 -5 -53 117 11 -65 83 -203 49 30 104 151 -130 232 3 -221 -163 0 -134 79 -157 238 -213 123 48 98 -111 -36 -58 -21 -194 93 -34 -56 -178 -81 -140 69 152 121 158 18 -122 57 -52 -186 36 -247 -146 175 -200 137 -158 -190 199 -169 -154 146 -176 -155 -123 -202 86 -30 -103 -212 130 195 56 -182 133 22 -35 -172 16 76 -14 -153 231 186 13 -241 -236 131 242 -201 -137 198 59 -106 7 -18 -165 -16 114 31 -89 219 96 210 209 -4 -149 -188 1 115 32 111 12 145 187 92 234 108 55 -41 -231 -119 140 101 125 -51 119 25 143 6 132 -47 58 -105 -199 -160 135 154 14 -181 128 -189 118 -42 -162 179 -132 120 -113 -244 63 106 -101 -114 84 147 -25 -147 -54 200 -141 248 41 -45 -151 -222 -91 190 194 46 136 73 -49 2 -224 -22 -29 155 67 222 -219 -75 85 88 -94 -120 -226 241 182 -66 62 -110 -192 -13 -71 -152 -135 -205 -183 -82 244 -109 110 61 74 -55 -187 215 -235 23 -220 44 87 216 -79 -175 236 116 -227 -128 228 -48 226 19 144 -38 188 -43 -68 -32 245 -97 217 -210 -185 33 -167 82 43 -179 26 94 -133 -86 -177 -99 -117 159 -84 -246 -78 -171 -3 -170 -59 -37 34 141 -207 -88 -24 122 208 142 -223 -95 97 172 -143 78 -148 -193 10 -100 -116 -57 -218 127 201 183 20 204 -232 -150 -92 51
TEST 71 ARG:153 -44 70 208 48 -241 -246 -50 174 45 88 -208 221 235 -129 193 -182 -226 91 -2 196 28 37 17 83 171 -80 209 198 165 79 197 25 5 -191 54 104 175 49 -224 216 136 -6 -60 213 95 225 80 59 -143 -14 53 -72 -124 245 66 -186 -112 -34 -236 144 -28 -38 11 -157 241 220 -43 -234 -250 23 230 146 76 16 -127 -13 33 -29 -21 -114 77 71 -77 -48 -202 172 121 -153 -71 -5 21 -204 64 -91 3 -49 116 202 -10 -131 -188 111 7 -199 -126 130 177 -145 239 180 -75 211 -232 107 -19 -74 231 -179 -243 106 -141 68 -156 133 127 12 -215 15 -130 -119 159 -248 -177 -56 101 140 237 212 190 -123 157 160 -221 -102 -212 124 -151 155 -213 -171 188 248 -228 -25 -23 141 -247 164 44 30 -245 247 -238 223 -146 96 -99 8 -46 -106 170 186 -36 187 222 -9 -40 -108 105 43 -205 -155 24 -168 138 206 0 -152 -178 218 143 -11 -220 238 -223 74 -107 -39 -211 -45 -117 -96 39 -249 -97 109 -95 9 -189 -104 -200 85 -92 -57 125 119 -149 65 189 78 -225 98 60 -63 -115 -135 -68 97 126 -59 -136 -206 103 200 217 -62 182 34 -17 -1 -201 -15 145 -237 32 -67 42 191 -64 -210 4 122 -94 -207 -20 201 148 14 100 -79 -31 -142 -166 102 -55 -41 36 -69 92 -242 73 -8 -12 113 179 -128 61 129 -133 -86 87 137 -73 2 224 169 246 233 162 -120 -219 -78 -222 1 236 -101 -22 -70 -174 112 -138 40 -18 -192 -26 183 234 181 75 82 158 -84 228 -170 -87 -240 22 -110 114 38 -198 -132 10 89 123 185 -230 47 63 -125 -185 -148 -169 151 242 163 -244 -209 131 -233 56 176 -163 135 108 -235 226 93 142 120 51 27 -83 -140 204 203 -90 -35 90 -229 -105 207 99 -203 -52 117 55 -122 115 210 -113 -61 128 152 -33 67 -172 72 168 57 -160 35 -82 26 -4 -89 94 -66 194 -164 18 -196 62 81 19 192 150 -183 154 -162 243 -32 -165 -121 244 -181 -190 139 -54 110 58 -218 -85 -193 -27 134 -51 214 249 -111 229 52 -158 -37 -93 -147 -197 149 -187 -154 -116 20 219 -137 -175 -53 84 50 13 -7 156 -159 -180 166 31 -109 -216 173 118 -134 240 -176 69 -161 29 -184 -214 -227 -144 41 -65 227 -173 161 -24 215 -47 -167 -30 -88 -194 -98 178 -139 167 -150 -76 -118 -42 205 -103 -195 184 86 -81 -3 232 -58 -217 -231 -16 6 195 46 -239 147 132 -100 199
TEST 72 ARG:-32 180 23 78 218 -67 5 155 -180 72 228 46 116 -161 232 -1 -37 160 80 233 234 -215 -190 -75 97 -167 -212 -233 -237 196 48 10 -90 -108 16 17 -188 30 118 -87 93 247 39 157 -206 41 19 -78 -18 56 151 -214 -204 67 -92 111 209 -77 -238 104 37 -11 203 -101 -227 -229 -13 -137 167 52 -39 -30 -20 -168 -94 226 -187 -143 -106 44 -105 51 132 -202 -217 -129 79 -231 107 216 -211 -198 -38 225 -147 -234 7 236 -54 54 -7 -14 -219 -36 -84 -83 246 112 33 -173 98 26 101 -95 -224 -26 -44 47 136 121 -64 77 -144 -222 -111 191 148 -45 -242 150 249 75 94 -195 -141 175 178 32 -22 -197 -19 24 -156 90 81 -56 222 -160 -55 -33 -68 -121 -31 -136 188 -4 -12 -42 -135 -51 89 4 109 149 -210 194 87 -154 -85 169 3 -69 69 192 -17 182 219 110 -213 -172 -110 -247 -118 -21 -125 -116 158 -240 -104 -158 -145 -81 99 49 174 231 6 130 153 124 45 -91 131 -43 197 207 42 201 -157 229 -134 123 35 -140 8 -132 73 -114 -25 -103 -88 119 115 173 -72 235 -203 -126 241 -93 88 -236 113 -148 -59 60 108 92 65 -40 -165 205 -47 50 27 -113 -46 139 84 13 -16 -124 -3 -200 -151 -57 185 129 2 -152 -150 -70 -166 38 -28 103 11 221 -96 -130 125 -249 43 21 102 -133 -193 161 -8 0 -139 190 -120 36 -35 -186 -41 189 128 117 144 -246 100 -115 184 244 -52 -128 -221 -176 -79 85 -123 152 -86 -2 134 127 59 -241 -243 -179 202 162 -209 71 -142 238 28 176 183 -218 68 198 -207 -71 245 -5 58 -62 217 -102 181 172 154 -245 83 -178 -98 -184 -232 199 143 186 -34 227 -99 120 -127 9 -6 15 -181 -196 -73 53 213 122 -58 135 -66 -109 163 -146 31 -138 64 -63 223 -153 -191 -194 142 165 242 164 133 248 239 -29 82 215 -175 12 -89 -23 126 -10 -15 -80 224 91 -199 -208 -119 -117 193 137 34 14 237 -48 230 -192 206 -162 -185 -49 -174 -239 171 -155 -216 -164 177 168 187 -248 -228 96 95 57 -230 40 -131 62 74 240 55 243 -226 -24 141 -74 86 204 -182 -201 170 -244 -159 -189 76 -53 156 22 -177 208 -27 -170 -97 29 -225 114 145 138 146 -60 166 66 -61 106 20 211 -122 -183 220 -163 -250 -223 200 140 214 -235 -9 63 -205 -112 -82 -50 -76 105 -149 -65 159 70 179 210 1 -171 25 195 147 -220 61 212 -107 -100 18 -169
TEST 73 ARG:-203 62 202 -199 221 35 -76 -201 -183 -64 -89 -202 -249 -230 -45 20 31 -244 -242 -224 244 168 55 51 -243 -161 -121 -182 249 -153 95 -194 -122 77 -185 -208 -156 -21 -120 139 -101 53 -33 146 -205 106 100 -140 -65 -41 116 -50 -159 -37 -69 18 182 -142 -3 -195 72 130 -43 -10 76 -163 -55 178 -216 -196 -29 241 201 113 -97 143 -227 -128 63 -17 -94 22 -132 58 -91 98 234 47 243 -114 13 -8 -187 -2 -133 205 -171 217 126 114 -85 57 -228 -248 -105 -150 12 138 -35 -197 -191 -144 91 -84 -72 -200 -176 145 -246 96 -135 207 -204 -145 195 170 -70 -236 -147 115 -212 -74 -108 189 233 42 -235 231 -93 -99 101 215 226 175 74 -11 -237 131 -115 -60 120 -164 -180 -107 15 -175 43 196 -210 -217 -56 -188 -5 136 -139 144 -184 32 242 29 -34 -25 160 -214 123 111 220 -138 -190 -127 -24 204 30 210 59 -83 109 17 -166 181 245 -110 -157 248 -118 -92 -87 232 173 60 110 -67 -73 188 94 -211 150 -66 -177 134 208 41 -143 199 224 237 -167 149 66 84 176 223 -172 155 161 154 -124 129 38 190 86 -77 -39 135 -51 186 211 228 -44 247 -215 68 28 174 -154 71 8 -117 46 -155 180 1 -181 -198 230 -223 -169 52 -193 -233 -229 50 99 -30 -68 -222 24 203 179 167 206 83 137 -158 -239 169 -79 -134 -20 56 -32 152 119 133 89 238 -148 183 229 -58 194 -98 -226 -57 -6 197 -111 -62 -178 151 -90 -7 159 -15 44 124 -165 16 -80 70 103 4 39 -240 148 246 -168 163 -82 193 192 -206 -116 -63 -28 191 -207 -174 2 97 105 -241 25 222 -250 -137 85 80 -130 -81 26 104 -13 117 213 218 132 216 78 -14 -151 -112 -100 5 102 184 -26 -16 225 27 -71 -96 -59 -225 227 -22 -9 -220 209 -23 171 -1 6 33 -189 -247 19 -102 -186 65 236 34 162 -88 -113 166 -125 187 -238 -47 49 -149 9 -52 -160 107 122 -209 219 -179 -234 -170 -19 -36 240 -126 7 165 64 -173 -61 0 -48 -40 -245 -123 14 214 147 156 37 23 79 -53 -129 45 172 200 -119 125 -42 67 185 88 121 21 69 -146 177 87 -86 -31 -219 128 90 108 -75 3 -162 -152 -109 -136 40 -213 -78 48 112 153 36 -49 73 10 164 61 235 127 -141 -27 93 -4 -218 -131 -18 158 141 -103 212 157 -38 92 -221 -231 -12 -104 11 198 -232 142 82 239 140 81 118 -95 54 -106 -54 -192 -46 75
TEST 74 ARG:21 -185 67 220 -182 59 184 200 49 174 179 -171 -143 197 -5 248 169 22 222 24 98 92 -137 -112 -71 20 86 -177 39 -21 43 176 -80 30 -222 -155 -27 -33 -133 66 -174 34 242 231 109 32 -36 105 88 45 -202 -91 -20 183 192 42 166 -163 112 115 -232 -227 181 35 -84 -158 -220 -166 -154 96 -162 -42 73 -138 -121 83 103 -124 241 -151 151 -18 -77 170 -201 -238 -161 -114 -188 -148 -149 -83 55 -26 -152 219 71 -60 27 -49 -31 -16 158 227 -178 -211 218 190 -37 -46 -224 97 -180 -14 -63 28 80 -70 -75 -13 155 -230 -197 -40 202 -15 -216 -44 164 146 -123 -242 -181 -39 -159 124 -67 153 -11 101 -58 152 -234 204 159 -64 -186 173 229 137 120 -79 172 210 38 75 156 140 193 -237 -103 48 -54 93 -119 243 216 84 -57 236 -209 -219 -153 -175 76 4 -117 -247 139 -97 211 -82 -200 65 47 -2 26 246 -214 125 215 199 141 162 -47 -131 -23 -30 -165 -172 249 180 -187 142 148 78 -236 -28 -68 -130 1 -136 -101 235 127 -76 70 -116 225 -192 40 -105 187 -65 -43 111 -1 19 207 126 51 106 230 -115 -4 -107 -218 -87 -78 110 182 -134 -32 -164 -193 69 95 -249 -6 134 136 -128 -169 203 6 56 -212 -208 118 90 -240 168 -72 23 44 -92 8 150 -157 36 221 -140 217 -90 224 104 -142 -88 144 116 25 -205 -223 -96 157 -160 -189 -146 -7 188 79 163 61 -50 -61 178 -62 130 -195 201 122 -167 -250 196 131 -241 143 -126 89 -38 -203 -10 244 77 -93 -173 64 186 87 240 99 121 145 160 60 -141 -132 17 -17 54 209 -45 74 -204 72 206 247 117 -225 -106 -190 119 31 -215 -179 52 58 -24 -69 -48 -51 29 -235 -183 -144 -233 -85 -73 11 -120 -221 -176 -226 -59 -99 -53 5 102 -196 -199 214 62 0 50 123 -139 -95 -145 -243 7 -35 -122 205 94 2 33 -244 133 175 -19 -89 154 189 -86 114 -55 -108 -246 -213 57 -170 -104 -135 3 100 213 107 223 37 149 232 41 -191 -109 147 -184 -156 -102 -168 -81 234 -228 233 -210 -239 -3 161 18 -113 15 239 138 198 -147 82 228 185 194 177 13 212 165 208 -231 -198 12 135 129 81 -94 53 237 9 14 -66 -110 -150 -12 191 -245 -25 167 -29 -118 -41 -111 91 113 245 -206 -98 10 238 68 -125 108 195 -129 -8 63 -229 -194 -217 46 171 -74 132 226 -22 -207 -9 128 -52 85 -56 16 -34 -100 -127 -248
TEST 75 ARG:-152 43 126 -155 -5 205 89 144 -112 -142 -104 -222 -214 214 -1 -134 92 111 -57 36 -161 -224 -38 196 74 80 -151 -14 -227 226 -229 95 137 -59 -205 -97 -243 140 166 243 -239 -136 108 136 130 194 28 -10 -45 38 240 -176 -47 57 -240 35 -62 -34 105 -103 208 -180 211 -249 58 153 -208 -44 -203 77 102 -149 18 245 -247 230 37 66 169 -88 86 -39 -128 165 91 199 156 120 224 -244 56 -123 -120 173 65 -156 29 39 213 -207 -241 -42 -169 203 -146 -7 50 -31 -137 34 -223 242 164 249 -218 109 168 -46 -30 124 -193 138 159 -63 195 53 -187 -82 -83 -219 223 -100 -24 -191 12 222 62 183 234 96 7 98 -92 -28 190 54 167 -19 -215 -80 -33 99 -16 -29 -245 -119 -102 160 -242 -61 21 10 -95 128 87 235 241 -250 83 134 -76 -77 -162 154 -159 2 -110 71 20 -153 150 -221 -41 -170 -121 16 -231 5 114 139 3 116 -73 204 -127 59 49 171 -236 67 123 -27 -129 -132 -107 51 132 -86 238 -147 -17 -90 170 -226 118 -49 216 -232 -194 -235 63 180 -67 151 -174 212 88 -216 217 -217 113 22 -32 64 189 129 227 73 115 -246 127 133 215 182 -15 -84 -125 -40 -186 -115 -35 188 -143 158 146 26 25 70 -173 -158 -248 117 -117 104 -166 0 -167 -195 -65 207 247 -101 -48 209 48 193 -209 -220 -182 6 60 -190 177 232 -175 237 -130 -8 97 -105 131 -237 220 -157 172 -6 141 40 -150 201 239 27 152 -148 85 -56 -171 44 -85 145 -200 -71 41 19 69 46 32 -81 -51 -94 -201 -3 -111 -140 -12 -109 -25 -181 -177 119 -133 -54 -89 -196 -96 248 -197 -204 178 163 143 15 11 -116 84 219 -228 202 -165 -183 -124 -43 -225 -238 -106 148 -213 228 -66 -163 -55 -22 -60 -131 225 -184 107 -230 90 -37 -178 -179 -185 31 -211 13 -188 -202 -74 33 110 -26 187 -160 -212 162 125 121 79 30 9 -172 72 206 -164 75 8 -68 181 210 -9 -135 233 -199 157 81 -198 -168 122 -210 -20 142 103 -75 -192 221 -91 174 -13 147 -141 246 175 93 -11 -206 197 198 -233 191 52 161 200 -154 45 -53 -52 100 47 179 55 -58 -234 -87 23 -72 149 176 1 -21 -114 218 94 61 -78 186 -99 231 -126 -69 112 -113 155 -23 101 -50 -122 4 -4 192 82 -18 78 -64 -108 14 185 76 -189 106 -139 -118 -36 229 -144 -98 -145 184 24 135 -79 -2 -93 17 -70 68 -138 236 42 244
TEST 76 ARG:25 -156 105 -155 158 76 -6 -158 -13 -199 -49 -196 181 -202 -98 -130 -139 -52 83 146 -173 -170 206 -227 241 5 103 -44 -59 156 -191 9 243 41 -198 157 -239 -243 -175 155 122 -105 -140 195 119 -213 74 -17 161 50 228 60 109 78 192 31 54 80 81 73 85 52 -238 -223 186 164 1 200 -222 59 225 34 10 -233 -141 121 44 -161 214 51 208 237 -126 -79 106 189 -142 -15 125 -226 2 151 249 128 198 12 173 120 141 220 -162 244 7 -235 149 112 124 -26 162 -133 179 167 17 163 -164 -207 134 -31 -194 -151 -184 -212 66 -250 -153 -143 -41 -127 -148 136 215 -70 -42 -103 -129 202 90 -60 217 234 201 188 64 97 16 -179 56 48 -107 108 -230 -20 -106 27 123 160 236 -176 116 94 168 -145 -131 -102 230 104 182 -234 159 -206 197 -90 174 -78 20 -92 -80 0 -168 86 -216 222 -110 212 -27 165 22 -33 -209 -58 211 23 26 -24 -124 -97 135 113 -35 100 144 18 133 176 13 -197 -187 -74 178 -241 -174 180 -72 -136 -149 -137 140 171 -221 -160 96 210 33 77 -4 -36 -203 -195 -14 63 154 183 224 -240 79 -193 -108 69 209 150 -201 226 -186 -25 -220 -135 138 -204 -150 -34 8 -215 -188 -208 -183 -86 62 -55 -214 -166 245 240 -64 -67 -236 -154 -231 38 204 -83 110 -225 -144 170 -37 -22 126 75 -94 14 -163 117 101 153 -248 -111 72 223 -178 -232 115 -242 37 111 -8 -73 -81 -65 -247 39 -157 169 229 -182 99 219 166 -84 -169 -117 -200 -134 184 -16 107 -39 -181 -123 -99 61 -51 -246 -66 -132 232 102 -63 -5 -23 -57 248 3 -118 -122 131 196 137 29 67 87 15 30 -87 143 129 -18 -68 -30 172 55 28 193 152 46 148 -19 -95 -62 216 70 -45 82 91 58 -125 227 -91 -56 -249 -93 4 -61 53 238 -245 -40 205 -224 -138 177 -146 -244 130 -228 -2 -165 -11 -121 235 -85 -167 139 57 -96 -114 -75 45 114 -82 -185 -229 132 -101 221 -120 -171 213 -88 239 -147 199 -54 71 -48 98 -119 42 -12 147 118 -159 95 175 246 231 247 194 -53 43 -77 -219 -116 -89 145 142 218 -10 190 -71 32 233 89 -50 36 -180 -28 -172 19 -177 68 -104 191 -21 -100 -32 -113 -9 35 -115 -112 24 49 -190 -189 -211 -237 11 -1 65 93 -29 -69 207 88 -43 40 -217 242 -192 203 187 127 -46 92 21 185 -205 -3 -7 -152 6 -38 84 -128 -76 -47 -218 47 -210 -109
TEST 77 ARG:-125 -59 -140 -16 -102 -116 120 240 -82 113 107 -243 -139 -87 -221 -203 85 127 -214 -171 -169 210 -135 157 -132 192 -224 -56 165 -170 130 -12 114 -145 108 70 -25 -197 -143 -122 93 186 177 67 2 190 -138 -178 -10 -148 -183 90 -120 201 -28 -73 -110 41 8 218 -209 25 197 74 121 -227 -44 189 198 -30 234 -177 -198 9 40 -78 75 -55 147 -69 116 72 102 239 188 -250 18 -5 223 60 5 -199 224 119 -49 -134 10 -94 -32 -106 -77 87 73 53 179 -80 -89 -249 162 -85 221 -99 128 168 100 -124 62 -75 146 235 -193 -76 217 -225 -84 -4 6 173 -18 -144 22 51 -215 16 42 207 -20 174 242 -241 -81 123 -180 -220 244 30 -247 -207 230 48 61 89 -130 104 94 -165 150 82 -115 46 86 44 -98 -213 216 208 17 126 -156 45 214 -29 -186 -152 21 0 37 -53 -83 115 152 -160 24 -185 238 -105 -54 170 23 200 -196 50 241 66 92 193 132 -211 -117 -188 245 11 -238 -162 14 -239 35 169 -161 -33 39 -60 -88 84 -36 196 99 143 153 199 26 -61 29 -133 -146 -219 33 236 -149 229 -200 79 31 112 -42 -159 137 -1 122 -101 -248 -150 225 3 -24 -242 -15 180 19 -112 144 -218 -35 91 -126 -163 59 -104 -119 -147 15 220 -37 211 63 96 -50 182 -151 209 -14 171 -23 -153 -67 -142 206 167 187 -43 43 -62 -226 -187 -26 64 135 156 -164 111 -3 203 13 68 -111 151 154 249 65 -195 -114 124 81 38 -45 58 118 83 110 161 -68 -202 232 -210 -194 131 4 36 -52 -191 231 -17 -11 -237 -128 184 -93 -63 -121 78 -192 -19 -223 -40 -232 -47 80 172 148 129 -175 -95 247 49 109 -206 -57 204 117 -208 213 -158 237 -38 183 -181 -86 -189 34 -217 228 194 175 215 164 142 -244 95 160 27 105 205 -108 159 -166 1 -96 47 141 103 -51 155 -31 166 -228 -172 -107 57 -97 -168 136 55 69 212 -222 -155 140 -109 -123 -230 -205 138 -65 -70 28 98 52 181 -236 -212 -27 -2 12 -64 -235 226 -190 -173 -92 -154 54 -216 7 248 125 20 -113 -91 -46 219 -100 -127 -71 -118 76 -184 185 246 -201 88 -137 133 -240 -136 -231 -7 195 -21 -13 -48 -179 -72 -174 106 77 -129 191 -41 -58 -6 -141 163 -34 222 -229 -204 149 -39 134 97 -79 -103 -157 -176 -245 -66 176 233 -22 -246 139 227 -131 202 -167 -233 -234 -90 -8 -74 32 243 71 101 145 158 178 56 -9 -182
TEST 78 ARG:-14 156 -167 -127 24 197 179 64 -147 176 55 69 -78 228 -181 -83 96 26 159 -124 -168 -152 -63 125 180 116 214 90 29 47 133 -114 -94 -231 -32 -61 -85 -173 -116 -66 132 13 -27 230 149 183 178 -192 -3 103 -189 -67 -205 -22 227 8 -16 199 -54 -213 -201 191 -68 147 -50 -222 38 7 -218 -59 23 220 -178 -145 196 -80 -137 -64 -242 31 -65 -10 175 17 -113 -191 -36 -103 223 232 59 -31 186 134 19 -38 -207 144 219 216 -26 -235 154 195 243 -236 65 -166 160 -150 182 -246 98 128 173 70 -160 -208 -17 -98 -203 -56 -29 210 238 104 -110 46 4 -157 212 126 33 63 207 117 249 115 -8 -132 245 -130 221 12 187 -42 -188 -238 130 -164 -148 -125 239 85 204 194 20 -104 44 226 -9 109 -49 61 -60 167 181 -72 192 -250 -12 140 -136 -155 77 -33 -123 5 124 145 -30 -81 165 198 -20 16 -37 -120 -41 -52 34 -153 36 152 189 -211 168 -184 -101 79 2 -93 138 -47 -176 -74 37 -76 -204 -69 222 139 76 -182 137 -55 88 -6 -45 9 -185 49 -62 -158 25 83 15 234 110 60 -163 -143 82 27 -228 -237 201 -190 -109 247 235 -249 -241 -105 -239 -77 62 -134 -165 -229 146 225 -97 52 71 164 184 -108 74 -7 -79 157 -128 217 172 -187 -198 -115 80 106 81 113 48 -121 -248 -232 -220 -144 6 -11 213 30 -170 209 -111 -139 -2 170 211 -186 -193 -221 53 -106 -24 161 148 -172 99 0 127 111 95 -146 -70 177 -82 -46 188 -48 -135 -4 93 -195 215 114 -102 143 185 -131 -40 -34 -215 -23 123 -142 -247 22 86 -151 -169 -162 -233 237 -216 236 -73 -154 -244 155 -15 107 122 -196 -227 -35 58 72 54 -149 14 -197 -100 -90 -119 150 -209 142 21 -210 -39 42 -183 -99 -243 -95 200 135 118 -57 84 231 -71 28 -180 -5 10 129 -107 119 108 240 -84 41 -89 112 -212 131 32 -87 35 100 -53 141 -245 -18 -230 97 -234 151 105 174 158 190 163 -177 -240 248 203 -202 91 -19 -199 -141 67 -133 -224 -44 -86 246 166 -140 -25 -43 -21 -13 206 -175 171 153 -161 218 -129 -159 -75 92 -226 3 162 -179 50 136 229 -51 -138 -91 121 241 78 169 102 244 56 43 208 11 -223 87 -174 -58 -88 -118 18 -112 -28 -194 94 224 51 205 -225 -156 39 233 -1 66 -217 101 -122 1 89 -206 -126 242 40 202 -96 -92 193 -219 75 -214 57 -200 120 45 73 -117 -171 68
TEST 79 ARG:-195 91 56 172 109 -11 -226 -71 -53 -113 17 187 -57 -143 -223 96 -126 103 -120 -89 -54 -29 -4 -122 -171 99 -190 -149 94 221 152 -133 31 180 -157 -63 232 -31 -73 137 -148 -212 -140 -115 -116 65 213 230 53 97 95 -176 -123 -37 35 244 -243 78 -25 226 176 179 68 -211 -166 -249 -236 173 104 -185 106 -103 -70 -200 214 115 -30 -232 219 126 -248 -217 -82 -246 -106 -145 33 12 24 -93 -210 -101 135 49 19 52 -162 10 -64 5 23 -51 73 -214 -14 57 -205 -16 240 246 123 193 -233 -242 231 -33 -67 235 54 -15 102 -2 -144 110 175 48 218 89 8 -199 -197 108 192 -41 -147 77 189 160 59 -107 -177 -20 117 -229 -17 -12 86 -184 90 190 0 -81 220 -161 -178 238 -21 -94 -36 124 112 203 -180 -225 43 184 -182 -181 119 -167 -218 -58 47 141 -24 -50 70 42 -239 225 -235 245 69 -13 -153 -98 122 -48 -83 -88 199 72 -154 -169 148 -27 -44 -170 1 -163 114 79 28 -109 -202 239 136 64 191 -191 -189 -240 167 61 182 3 63 25 -151 -66 -39 229 67 -207 139 -160 207 129 60 -80 -155 -119 -186 -198 198 217 -247 -146 101 -74 -216 209 -38 14 130 -194 -164 140 83 206 34 44 22 -250 -32 164 -183 -85 -118 -97 -134 -245 50 -7 163 133 88 146 -156 228 -224 -79 -49 -175 -91 -150 234 121 -78 -136 -100 242 36 166 -10 -127 -139 -132 -208 -60 -19 9 -187 -52 202 -219 -227 51 -221 142 -47 -104 27 -203 149 216 222 138 116 -241 224 -201 -213 -8 82 237 223 201 -158 -188 157 -159 208 -95 -35 -45 155 162 -76 11 -22 -72 236 -9 248 40 156 -220 87 181 32 71 -5 -238 -128 -18 4 188 -111 29 30 249 -173 16 -192 7 -117 98 15 -55 158 169 134 153 -179 -131 -244 -209 150 243 211 -46 -172 -129 -77 85 39 178 -206 -121 -137 196 144 -62 -110 197 55 -125 -135 -124 186 13 -61 38 131 -43 -69 210 125 -28 -231 -96 41 2 46 241 113 118 -108 -87 170 -174 183 -6 -26 159 -141 -3 200 132 -23 84 -215 128 105 37 -92 171 154 195 145 -34 76 143 -193 151 174 -142 -68 21 -59 -138 -84 168 247 -152 227 -99 -112 -56 185 111 92 -75 -40 -90 -165 -65 20 93 80 18 127 215 66 -102 -42 212 233 177 26 -222 -86 -228 -196 -1 100 81 165 58 -230 161 75 62 -234 -130 45 -204 120 194 107 6 74 147 -237 205 -105 -168 -114 204
TEST 80 ARG:190 182 115 -121 -170 -67 232 223 122 142 146 -54 60 114 50 187 -112 -21 -18 183 68 119 5 116 -11 155 145 -25 202 89 18 234 171 198 24 46 23 -47 95 195 -103 -86 189 -104 -163 192 -249 218 98 64 6 -74 -164 -89 -237 -219 -142 163 -127 -84 -174 21 69 176 211 -2 -83 103 132 -123 -27 199 225 237 -226 238 37 -162 110 165 -23 -182 -197 -124 236 -250 -63 -46 -57 -8 -14 -151 -32 159 11 -42 128 240 -227 170 158 -5 -90 -99 197 79 55 134 172 125 44 -173 241 227 -130 -101 -231 188 141 -153 2 -29 -119 -135 -181 186 91 228 161 184 -70 206 -187 109 130 -179 -7 90 178 -87 133 102 -34 -243 -216 -190 86 -116 -155 160 -68 -69 -209 -115 -131 -172 -129 -114 153 -224 147 -9 83 -160 -134 19 -175 81 209 -144 203 -233 76 180 247 -165 105 152 22 169 139 -157 -17 -50 -148 42 126 -117 -143 -95 220 -79 -76 1 137 -61 -198 224 -140 67 57 191 -158 138 143 -105 34 65 -65 233 99 74 73 -150 -31 -147 -64 94 -201 166 -59 -133 177 -222 25 135 -100 185 -159 -178 245 204 151 219 27 -107 -20 121 15 -10 242 -215 246 -6 -113 66 63 157 -98 -102 -81 -196 -53 124 -136 29 -192 97 78 -223 -146 -73 -122 72 56 131 -13 -195 39 -88 48 28 70 -85 -246 8 -235 -78 205 -138 -125 -204 -194 175 -132 212 215 30 38 -241 -4 31 149 -120 230 -48 -166 -37 -188 -60 33 0 40 144 173 154 -126 -96 -247 -232 -193 -26 14 213 -208 -110 -106 156 -239 -66 -128 221 -202 -213 127 20 -180 59 -221 -108 75 -58 -248 88 -82 -39 -210 107 26 -93 243 -189 -35 -244 52 -77 235 49 -28 -236 -38 -167 208 -214 118 -203 36 148 -225 222 -56 96 -92 -168 12 93 101 -238 104 112 -154 4 3 43 84 229 113 -228 194 80 92 -152 106 -44 217 136 -230 -200 7 10 -229 -22 244 -217 -177 -176 179 -49 77 -111 129 71 -218 100 -242 201 -139 -97 140 16 -184 174 51 -45 54 -52 -15 -207 -199 -169 -205 87 -19 -149 -186 -71 13 -212 -185 -43 214 -40 210 -16 123 231 -72 -191 53 117 249 200 35 120 167 -12 -183 -141 45 62 -51 162 -75 -156 -161 41 -33 61 -206 -94 -41 -91 108 248 -36 193 -62 207 -245 32 -240 164 -234 -1 -24 85 58 9 181 -55 -80 -109 239 -220 17 82 216 111 226 196 47 -137 -3 -118 -171 -211 -30 150 -145 168
TEST 81 ARG:-186 44 -224 184 -46 41 216 -242 -238 -236 232 -247 -91 147 -61 241 -51 -101 -240 -216 140 -13 -24 -47 92 169 -250 -7 32 21 -173 -168 225 190 -185 -149 27 -26 164 -4 230 48 -142 -171 115 -71 116 -167 -109 64 -8 43 197 155 -213 173 181 160 249 5 -82 89 82 51 75 -130 127 -49 -177 -25 222 246 221 -140 70 -170 52 185 -144 -201 -188 78 -117 -78 -249 126 -193 -219 176 15 72 -218 -150 -211 -19 -156 -246 -221 0 -122 -209 -44 -189 -32 -124 -165 125 -198 94 194 -76 105 -65 228 236 -39 -195 -5 19 159 -14 -155 -56 146 242 -103 198 -110 -243 218 131 153 -180 -239 56 -115 -230 -42 -157 -227 -184 -84 -3 -172 -54 109 120 -29 -73 -131 69 -41 128 -248 141 79 -86 -190 202 -207 178 -88 -114 220 -18 175 93 106 215 102 -66 -62 46 -181 49 -123 67 22 71 208 132 96 206 -27 85 -1 -17 -11 248 123 -154 38 -197 -143 81 63 -134 -21 2 186 7 9 -125 -179 167 111 -202 -206 33 -58 239 25 172 -10 98 -132 23 -30 -2 -138 24 -229 -205 -59 -128 -146 196 183 144 73 -161 179 -163 100 122 86 207 -151 -36 -111 217 -235 20 -241 -231 -95 66 -107 238 -136 -40 193 -87 219 -83 95 -74 170 -15 -217 231 6 213 -38 -141 138 -60 -126 -112 -245 -174 -137 -175 -12 -43 -210 99 -116 -127 12 -232 -214 124 36 203 149 -98 -208 14 209 58 205 201 143 -45 177 180 107 61 -77 10 -90 -153 187 -34 -63 62 145 74 1 101 133 165 60 235 -187 -75 -220 -33 -199 200 57 214 -22 80 -178 55 -93 168 -79 -16 -135 229 -35 47 -31 84 -164 -147 -244 151 150 119 11 211 -196 88 226 158 13 26 154 -105 45 31 -53 -94 -169 103 130 -152 39 -67 59 121 -119 83 65 28 -23 114 108 90 -176 -129 54 -118 191 -222 -68 -194 -204 -233 118 -28 234 -80 -108 -203 -9 192 157 -215 104 -226 195 77 -192 -57 174 210 97 37 -37 8 -106 -100 68 -237 -97 40 212 -234 -145 148 171 244 -183 135 -159 137 161 -104 117 -64 240 243 42 17 227 -133 -182 -92 -102 16 -212 35 110 113 -225 139 -139 -72 237 189 -6 -20 247 166 204 4 -121 -55 112 -96 -120 163 91 199 -69 -70 136 -48 53 18 -52 -162 29 -160 182 50 224 -81 -50 -191 -99 -158 156 -148 3 223 233 -200 152 245 -113 76 188 -223 34 162 134 -166 -85 142 30 -228 129 -89 87
TEST 82 ARG:169 112 -153 -60 201 171 -205 -164 -145 4 6 54 24 226 0 177 -139 -55 -119 154 -243 -22 167 63 -122 31 200 -128 -149 96 -118 -250 180 -161 142 -26 -223 116 185 19 -214 -198 176 41 -42 -112 -162 53 71 141 -36 39 103 144 47 -186 126 211 105 -102 -150 98 -159 149 128 186 -177 50 -123 -215 33 -245 -175 -138 44 -18 -30 178 84 -19 221 210 34 123 -72 223 172 -90 -51 204 3 -136 197 85 -207 214 145 230 198 119 -53 61 -131 -54 184 -120 236 -62 191 125 213 -106 -81 -33 -75 28 132 -52 -108 89 94 -171 -192 -27 -61 -206 1 -204 -114 -43 -179 -111 88 -44 162 -202 -166 60 -185 -178 136 209 148 146 208 -31 -80 224 -231 -7 -23 -92 87 -24 -240 -38 153 12 -134 -191 168 81 -39 188 21 -121 -209 -154 147 -167 -98 -196 -189 69 -46 122 -32 11 -13 -99 23 138 -203 -63 -49 77 -218 -140 -77 86 27 239 -233 40 -95 -28 -242 107 -105 35 17 -236 70 -165 227 212 240 104 -190 243 199 -130 -103 102 95 -127 -157 -9 -50 -15 -16 -83 -239 160 -96 241 157 62 -65 159 -37 -234 -58 -107 32 83 120 -66 249 -76 -199 -133 22 118 -200 150 2 55 29 -141 195 248 97 -244 -109 187 127 -20 -113 137 13 -93 183 245 -225 129 43 -14 -25 -135 5 57 115 124 101 -1 20 166 238 135 73 79 49 -174 110 91 -45 222 -78 -146 93 -237 -125 7 131 -172 235 -213 -48 59 -101 -148 215 -228 -10 -238 68 -158 -6 130 78 -71 -70 -91 -110 -116 -57 196 -241 -47 48 -132 -41 51 140 -210 -11 143 -226 207 58 -147 109 -124 -2 -229 -67 121 173 -232 -5 156 232 -195 92 -246 -129 16 -17 10 76 219 114 -29 64 -4 244 -235 -152 133 190 66 246 152 -8 -168 82 163 203 220 242 46 174 -156 -126 -201 -3 -117 9 182 139 158 175 202 193 30 117 181 192 -85 -74 -188 155 -64 26 170 -73 -137 218 -187 8 -211 -21 -115 99 37 231 165 -170 164 161 179 205 -248 67 -221 237 -59 -247 -160 -144 -173 -216 42 -194 247 -104 -12 106 233 -88 -163 -97 18 -143 -227 216 -68 194 100 189 25 -182 -86 -230 217 14 -82 72 52 45 -208 38 75 151 206 111 -84 -212 65 -184 -219 228 -56 -69 74 134 -249 -222 -176 15 -100 113 -35 -217 -87 -79 -94 -193 -155 -224 -169 -183 -180 225 -89 -197 90 56 -34 -142 229 108 80 36 -151 -220 234 -40 -181
TEST 83 ARG:-232 213 -52 219 166 168 -55 -212 -185 -205 -11 228 133 85 -110 29 132 234 142 -132 163 247 156 -238 31 11 173 -66 180 76 71 18 -17 -175 -240 -166 148 -119 -178 -106 -118 19 -229 97 48 231 42 34 -34 -80 211 -5 10 -83 46 -92 77 45 184 147 -37 137 -163 112 186 69 -75 -199 -174 -61 0 -225 88 -235 -68 210 -191 91 113 14 -1 -79 103 -91 -48 -148 -149 -51 -202 -226 -56 -50 -165 175 -190 227 84 174 221 161 -217 -182 122 -42 -139 -107 -60 4 -187 -3 -6 -173 -195 67 223 212 -151 41 -209 111 118 -179 -33 43 -22 61 73 59 229 -155 23 6 116 80 206 165 -220 115 -70 78 -10 39 64 28 -36 -152 8 178 154 117 -46 -35 2 149 -9 -245 -81 15 -210 -115 189 -154 126 -86 197 74 55 -78 202 79 181 -104 -14 -23 62 199 241 -141 -197 38 -213 -100 195 -123 159 190 -186 100 93 226 -44 -228 158 216 -125 51 114 27 230 58 -208 129 -108 -129 -20 54 -96 -164 -21 -76 -4 -53 -19 -72 -88 57 -114 240 -87 -211 -219 -192 170 53 33 -233 171 107 9 169 102 -168 -2 -49 209 -12 187 -207 -111 220 -241 49 -63 -198 -222 90 -158 1 233 -214 -62 24 138 -90 -15 -105 -43 47 -77 21 194 110 245 -246 -127 242 -121 -144 -93 -170 160 75 -27 -109 -181 25 16 -73 -206 63 7 -169 -47 -31 -40 12 141 35 -242 120 157 72 44 -189 -122 -7 -69 -159 153 108 -248 -161 5 -177 131 128 218 -171 -84 -146 -25 -124 98 139 -145 248 94 145 -29 -230 -221 249 191 146 -128 -85 135 86 -41 192 -32 -18 -249 -102 236 123 22 152 -82 238 143 92 -39 -120 134 -65 68 50 172 -218 -200 -160 -215 -203 205 140 235 -38 121 167 32 -157 -134 -142 82 -24 -131 232 -150 176 217 65 179 224 -231 124 105 -143 83 37 20 -193 -74 -116 17 -64 106 182 87 99 222 127 -137 -201 239 -184 52 215 -59 40 70 155 -126 -71 119 -183 204 -98 246 30 -227 -8 89 -194 -113 -223 183 36 130 214 -94 185 151 -180 -140 -236 -224 164 66 -167 -243 -54 208 26 60 -130 -13 -28 56 -89 13 -135 -99 -172 150 -239 203 96 -147 -97 -162 -250 144 81 -26 -234 244 -67 177 193 3 109 -136 -117 -244 95 104 -112 225 237 -101 -176 -57 -196 162 201 -133 -45 -58 198 125 -216 -30 200 196 -95 -153 -247 188 -103 -16 -237 243 -138 -188 207 -156 101 -204 136
TEST 84 ARG:227 139 -172 131 -74 -232 -166 208 154 197 -181 -125 205 -73 166 243 207 163 176 39 36 -39 110 -145 28 142 144 165 -143 103 -210 -78 32 0 47 115 -183 -94 -20 220 120 153 164 -17 116 70 179 -163 -205 -62 -34 -65 97 -100 145 -113 140 -209 -225 98 78 151 191 -180 105 178 -127 -126 -25 193 -161 -188 45 -223 -55 -9 192 10 -88 -240 -226 -148 25 46 40 155 -248 -141 -33 -241 -175 85 133 226 5 4 -194 141 -68 13 -14 -119 104 -196 209 -178 -27 -134 242 -173 187 202 214 -176 -140 21 -167 186 8 -8 198 -207 60 -45 -116 -24 -222 159 -10 -96 -117 -121 -245 -59 -242 -23 80 -236 182 17 -235 -26 188 123 -219 210 146 -157 -71 180 -159 137 -32 96 249 -190 90 91 -162 228 -187 7 -13 111 22 237 246 -102 -177 -66 147 211 -48 235 49 -1 26 -18 15 -29 212 69 14 -228 240 -67 24 -182 66 -238 -101 76 -50 -217 11 16 195 -138 -114 222 82 156 170 128 190 41 -41 -108 -174 83 -244 136 157 -168 65 -19 -170 -4 51 -72 -52 -213 127 -110 -249 196 -75 -129 -184 -37 201 247 -104 -192 67 -112 -139 58 -165 245 -95 55 -70 -230 199 -152 125 -44 -130 -199 64 -22 -43 185 236 119 -133 169 143 -123 233 75 129 43 230 -82 152 -206 9 -208 -204 231 -158 -5 -137 -229 135 126 63 158 68 107 171 -214 248 61 216 -105 -93 106 -202 -89 50 -2 27 71 -30 -56 -150 6 -149 -57 88 177 -136 203 62 -243 -131 150 53 -234 -246 20 -77 100 -231 -36 -197 -16 113 56 -106 -11 54 -49 -42 52 35 -122 229 -92 189 23 -69 -124 37 -211 168 -51 -28 93 -86 -6 -111 18 -35 218 -47 118 92 -155 38 -61 94 42 3 30 -212 -135 194 206 1 -99 -12 -189 -239 184 -218 114 -146 204 224 -91 -250 34 -216 173 -128 217 19 -156 -115 77 -195 72 112 -151 102 -63 183 33 -233 -81 -186 149 89 95 -85 -7 -60 122 175 -54 -237 -193 -3 -153 -224 -169 -198 244 121 219 -171 -179 -227 213 -215 138 -154 239 -109 -191 -107 -98 -103 117 59 172 241 -200 -76 -97 -220 124 -40 99 -144 31 160 -53 174 161 148 -160 -118 200 -147 -58 -185 130 232 134 181 29 162 57 -221 -80 -90 -132 12 238 223 101 109 -120 132 -83 -247 86 215 87 -79 -31 81 -46 -21 -15 -64 -164 84 -87 2 74 -201 44 221 167 -142 -38 79 234 -84 -203 225 73 48 108
TEST 85 ARG:-99 55 -238 56 63 189 -43 -243 65 52 4 220 -141 -139 29 -229 231 -159 -60 -183 98 192 61 113 -113 226 -133 174 144 -200 -170 -180 148 -231 -218 116 -14 88 -135 177 -96 -118 173 34 -35 -6 -234 15 239 -190 -111 200 -4 109 -15 -176 -90 -49 -79 -50 44 227 -174 -68 -127 169 -22 -161 -136 240 -142 33 -42 50 80 214 97 38 180 -119 -47 -80 17 190 233 -166 -103 160 93 -182 49 -97 140 222 228 -188 -48 209 -70 248 -189 212 -36 118 -228 128 -39 -25 -187 -51 26 -95 -117 77 -232 71 -59 10 -101 -58 -223 -137 125 181 154 199 -74 103 -116 -46 105 -155 218 23 196 110 -219 -226 129 168 237 18 247 -78 -215 -24 131 -37 76 92 151 -221 246 -132 -245 202 241 242 123 -16 -144 -28 149 5 236 -91 -102 -156 -7 108 -241 -212 -84 -20 203 -248 0 182 -55 73 -54 -150 243 12 132 122 19 42 -240 -18 -87 -209 -201 35 -148 106 -61 43 185 142 126 -157 -250 167 -73 24 187 -88 -134 194 221 45 -69 234 96 249 1 20 -3 178 -8 216 62 213 -146 -72 -208 -40 -193 141 130 53 13 232 -211 -52 81 157 -172 224 -5 -64 -123 75 -120 16 -121 -181 207 230 150 156 -66 179 -160 -89 -53 11 198 -168 -21 37 137 99 -227 235 91 195 -30 -2 82 -34 -65 165 -222 -12 -57 124 -147 223 14 85 46 139 -112 22 -92 -110 41 134 70 83 28 95 184 158 94 27 3 117 -94 -230 86 -186 159 -105 -207 -93 100 54 66 -151 -115 -220 204 -108 -109 -153 47 -138 163 -19 -204 -62 -126 -185 152 21 -203 -152 -82 8 -122 67 -107 -125 -27 -38 -154 147 162 58 -191 -171 40 -11 -177 215 -23 -85 -162 175 6 -63 25 205 206 104 -29 -167 31 -206 2 64 244 -244 -100 -217 84 -198 183 -98 114 68 201 -145 -71 -9 -124 -130 -173 -205 166 -214 -235 -192 -178 -202 90 120 -81 155 -143 -83 -67 78 -246 -197 -163 127 208 -13 -239 -195 -236 171 -224 191 121 217 -131 219 9 193 -45 143 -114 -242 -77 115 -75 133 135 -233 -76 39 146 -106 161 119 -129 145 -56 -199 30 89 -86 172 69 -194 -184 -32 -169 -216 59 102 -10 170 -164 36 -31 101 -247 107 7 245 60 -128 188 -44 -179 -158 176 79 211 -249 -140 32 153 -210 -41 57 -237 136 225 210 -175 -1 186 -225 138 -196 72 -165 229 -26 -17 164 197 -213 87 -33 238 51 48 -149 74 112 -104 111
TEST 86 ARG:-124 24 -79 -246 77 106 -137 146 124 -43 -213 45 43 238 -13 -99 -58 143 204 -11 195 -127 112 -50 199 140 42 47 -210 49 -62 -201 -243 136 -188 -182 -40 201 -236 -183 -38 -164 237 -35 61 -30 -108 -191 -36 -180 -151 184 -34 213 -74 168 -146 -167 36 -230 -163 -87 182 155 -75 -234 -10 23 -190 -179 -29 194 -113 -221 -81 -128 -185 129 -245 8 79 -16 100 58 82 -212 109 90 -181 5 81 153 -199 80 144 38 206 108 162 34 -28 30 159 -23 -175 239 -133 29 123 84 107 -218 151 179 70 -228 -168 -200 -172 209 91 1 -83 -216 229 88 133 127 149 -1 -248 -231 -63 87 -215 96 -98 248 -240 -232 -114 26 -224 -82 74 158 -144 128 35 -72 110 62 20 -126 -15 78 225 68 114 -118 -203 -140 203 -161 120 -223 -106 187 224 -208 -192 -156 -96 52 200 -155 -229 113 65 -241 -170 -135 -166 -14 246 150 22 249 119 -27 -222 -239 2 -3 138 13 -100 -86 -39 -9 -121 -12 -104 164 190 95 94 205 75 178 -158 66 -176 27 202 175 223 -18 -102 -143 64 101 -153 54 212 -198 192 -41 233 -120 -61 -17 89 188 -249 167 37 -195 33 -76 -107 28 99 -25 4 161 -105 -178 83 228 -141 -42 -147 -148 71 -88 -49 41 -78 -123 -117 160 -194 -187 -19 55 -138 -8 -111 169 -186 -154 31 -197 -68 -109 44 -244 221 -225 -205 208 86 72 137 -119 -233 241 211 210 76 9 103 105 6 -112 -149 -97 46 -26 240 193 -171 235 165 152 -217 -95 198 63 176 48 -174 -67 -206 125 -52 -110 -125 -55 111 -116 -47 191 -189 -66 189 -59 32 -150 102 134 154 139 230 -209 236 59 -162 -142 12 220 -85 92 -24 -32 -80 183 -64 11 57 185 214 18 60 177 -73 -71 40 -69 -207 -46 -22 172 156 -6 17 -65 244 130 222 217 126 -157 -94 -242 232 7 10 15 -177 166 -247 39 93 -53 118 50 186 -250 -211 3 171 -60 147 247 216 19 -21 243 -45 -89 -5 -139 16 -56 -130 207 219 -103 227 25 196 -165 -238 73 85 -90 -136 -159 170 -91 -204 121 -77 131 234 0 -101 69 163 -202 -129 -134 -37 -226 97 145 -51 -44 -54 132 51 -193 -4 174 98 -196 -160 -48 142 -122 -84 226 -145 197 -115 157 56 67 -227 -93 181 122 -214 -169 -235 245 173 53 -33 -20 -31 141 115 -2 -57 104 117 215 14 -131 -132 242 -152 -7 -219 116 180 231 148 -173 -70 218 -184 -220 -92 -237 135 21
TEST 87 ARG:166 61 -180 -179 208 -9 124 42 -106 -120 -15 70 148 203 65 190 10 -71 227 29 -195 -17 -81 46 25 230 -95 75 103 -175 150 231 -229 -108 -105 -109 -92 236 127 174 73 -65 90 -98 -58 241 -213 37 -11 146 138 164 -82 49 31 205 239 -165 168 155 -141 -53 169 -127 -171 -236 16 -48 -70 108 -148 -96 217 -88 143 -185 -158 175 106 -144 238 53 -203 -84 -153 223 161 117 187 -169 107 -69 134 -224 -157 -125 -206 100 76 40 -139 -78 -115 -166 145 34 -27 -134 91 -233 -112 -183 -107 -202 -35 210 -131 122 180 -121 43 191 -248 -218 52 128 140 -168 186 -201 38 -21 -22 3 -146 184 68 20 -247 -164 181 110 -24 -5 -85 1 221 194 154 -204 -74 11 92 206 -117 141 -149 135 -52 24 -111 -66 132 55 139 -190 -89 -147 48 44 118 -99 244 -101 116 -32 -154 -199 185 -26 212 4 183 79 201 18 -3 27 -181 197 56 -83 22 -33 233 -215 32 -23 -79 -4 115 -225 -93 -116 8 101 -197 -210 9 -182 192 213 59 -13 74 -80 242 -123 167 -178 -47 204 158 -152 102 -19 -91 -220 113 209 162 89 -63 -122 -113 246 224 26 -25 165 6 -231 234 -29 157 -36 -244 13 -128 -20 -200 95 -132 -77 123 188 -40 189 -230 -172 119 -114 28 -16 -124 84 147 -138 -163 170 -234 171 -186 2 47 63 -7 -30 -137 -2 15 -18 -246 -142 232 77 -198 228 -237 137 235 -73 -243 -75 -10 -8 -129 -59 240 114 -140 -1 87 99 81 17 -136 178 112 156 -39 5 -208 -97 176 -188 214 226 -135 80 125 -143 -174 -209 195 -51 67 -189 196 -187 -76 -238 149 -62 83 -90 -205 -94 -145 -245 193 -31 -196 30 36 -216 -50 220 33 82 -34 -193 133 -228 -156 -14 237 86 -42 -191 -222 62 -126 7 58 211 172 -223 -217 -102 120 136 -159 -241 39 229 -133 129 -155 247 -103 12 -207 218 60 -6 -41 130 45 -240 159 202 69 -160 93 -28 -45 215 -49 -46 -167 -150 -184 -211 163 105 245 -72 -57 -173 -162 144 85 -194 216 -60 243 248 -44 21 -100 179 -38 -232 198 23 -61 126 66 152 -239 182 97 -221 54 -86 -242 72 -249 -170 207 -54 -227 41 96 153 151 98 -235 -87 -64 -177 94 109 35 -214 177 0 121 64 -67 -104 -226 -130 -119 219 -212 -68 71 78 -161 14 -151 -37 -219 200 50 51 -118 131 -250 160 -55 222 199 225 249 111 104 19 -43 -192 -110 142 88 -176 -12 -56 173 57
TEST 88 ARG:-83 181 164 -195 220 121 -133 37 -170 -70 126 -237 -184 -44 -89 115 233 86 -220 146 3 -194 74 -60 68 -159 9 227 107 106 -22 174 231 216 -36 -80 -99 -66 -147 171 246 80 -219 182 28 -250 239 -246 -63 203 54 4 -111 116 117 -82 -14 -122 95 111 -238 214 -42 137 139 147 221 156 -2 242 -233 -100 -65 19 -179 8 157 -127 -188 63 -234 166 -242 -35 38 -31 26 41 53 145 -185 55 6 -95 36 -163 -231 144 -23 -78 217 -103 -202 103 -213 236 90 30 -90 226 -84 232 42 47 16 205 173 75 -16 223 206 -165 83 218 -167 191 -94 -114 -38 -116 -153 82 -24 149 -86 169 67 -192 -178 -146 113 -183 66 15 228 69 85 -171 -46 120 45 -144 -222 48 -43 -204 -104 -145 -6 101 133 160 57 11 134 51 -228 -201 99 21 -131 -105 -182 105 -154 200 141 -232 207 -168 187 5 -152 -176 -141 235 123 -106 -221 204 -77 58 -224 -211 183 168 154 97 -249 -125 -50 -198 -243 -68 23 197 78 -140 -102 -55 186 244 32 -69 33 -227 -47 131 -148 110 20 -58 175 -177 70 -217 136 -37 29 -191 -1 81 177 142 -19 -120 185 72 -67 -196 158 35 -64 -113 76 180 198 44 -28 -11 -230 -9 -235 170 -5 -51 -87 163 -61 -72 109 178 -21 -138 162 -30 199 -101 -128 -160 -244 215 -32 -57 202 194 -112 -215 -18 229 -33 88 -53 234 -136 -175 -109 -12 62 247 176 -189 -129 65 165 -209 -157 209 -197 -169 130 60 -166 -10 -96 50 -132 128 98 190 -214 -226 -207 91 73 -162 211 138 -164 -93 -236 -135 -229 96 -173 -17 195 -225 108 -92 112 -91 -85 -73 -150 -40 27 188 0 224 -81 114 222 210 102 89 -139 179 40 -26 -79 153 -130 212 150 -75 -203 -200 208 -134 -149 -174 -248 43 192 -223 31 196 193 49 155 59 -107 79 -7 184 22 -110 -27 17 -239 -206 237 -52 77 -199 249 119 -156 240 2 14 94 201 213 -158 52 -216 -3 -118 10 -172 -8 56 -25 -4 -59 -76 -123 -161 -41 152 -143 172 241 -117 -208 -126 143 -97 100 -15 151 -20 -218 -155 230 245 -108 39 -187 225 -56 159 238 135 248 -240 140 -212 -210 -49 -74 61 -88 -247 219 64 -181 92 -98 -54 -151 -29 -119 -124 -205 -142 71 189 -193 -34 1 93 -186 -241 46 -190 118 25 104 7 12 18 24 -71 -137 129 34 243 -45 87 161 -13 148 127 -39 132 -121 -180 125 -62 124 122 167 13 -245 84 -115 -48
TEST 89 ARG:-5 -122 201 -71 -81 65 -128 -88 11 -167 117 166 46 180 209 4 52 -121 -200 -199 39 -89 27 132 153 -232 140 -68 81 -87 -130 -177 -132 -223 247 18 174 150 -126 74 13 126 45 0 -206 -129 138 -16 41 -59 -219 -249 90 -69 56 122 54 -99 -147 -123 68 157 184 -95 -119 -39 -146 -100 76 89 136 99 214 111 6 179 -35 172 -162 169 102 -231 164 15 -73 125 -34 -209 8 77 -77 -70 -226 -29 -72 160 87 35 134 -113 231 22 226 143 79 -131 162 -2 -41 -224 7 5 -133 -61 -169 215 -144 142 73 217 -76 -91 -236 -49 124 199 -84 3 -197 -24 108 -102 -120 -145 70 220 32 43 -233 -44 23 -18 91 82 -225 -216 -101 -218 241 -38 -221 88 12 -143 194 -210 -94 -245 36 -105 -54 -188 -86 25 123 170 -75 159 -111 95 135 222 38 -229 -237 69 92 -60 -96 188 -184 168 225 61 -78 -118 -142 198 -124 -115 -196 -170 182 224 229 -192 -82 30 -97 -215 -30 -92 232 187 -32 237 156 55 -74 -155 -164 173 -63 83 204 130 235 -108 242 177 -36 -227 -203 -247 -171 105 185 34 210 31 78 -204 -241 -127 14 128 230 2 -154 100 -149 -25 -90 223 -79 -51 -235 -189 -187 -220 -230 -186 -222 26 80 -17 167 -163 -116 85 219 212 112 213 149 -238 59 -4 40 -208 57 206 139 -46 -182 110 -156 211 -148 -141 -213 20 178 191 114 19 -104 246 -160 -106 -9 240 -65 -242 -166 -214 189 181 -201 -103 208 141 -234 -15 -250 147 243 -183 -45 -157 193 175 192 -50 -19 165 197 -85 113 62 66 101 -212 -22 -37 -58 202 21 -83 -112 249 103 75 -40 -174 72 -107 -57 96 -52 -205 60 -195 42 176 119 -47 -185 -11 121 -7 -26 -137 94 -110 -66 17 9 155 -243 152 -43 200 -27 146 -56 58 -159 -64 116 97 -198 -211 183 -109 -244 53 234 115 -176 33 16 186 -134 -53 -178 -48 -1 163 67 -13 63 -180 44 227 28 205 221 -207 244 -248 50 -158 144 239 -20 218 -117 129 161 84 -239 171 -135 -152 151 196 106 -31 86 137 109 -14 120 -193 10 -3 -114 98 207 29 71 51 -228 -42 248 -138 -175 228 -139 -8 -165 -80 -23 133 47 1 -191 131 -240 -140 107 203 145 -153 236 93 -136 -33 118 -217 190 -168 -202 -21 -10 238 -246 -93 104 216 -161 154 48 -181 -98 -28 -150 37 -179 -125 -67 -194 49 148 195 -62 -151 -12 127 -6 158 64 -172 245 -55 -173 24 -190 233
TEST 90 ARG:-8 125 218 -141 188 -112 -172 189 -151 30 56 -45 -215 -188 23 -247 229 25 -61 231 -88 -200 113 -189 129 -234 145 -87 187 124 190 -41 196 137 -171 175 44 89 47 39 -5 73 -236 43 136 96 84 158 171 82 -175 -222 59 182 -37 -100 220 173 217 -250 -67 245 126 93 -46 144 75 -59 -123 239 -235 -64 174 42 -237 29 121 0 199 -138 -126 184 102 -166 120 -173 167 170 -170 -4 -14 -56 37 19 -128 -115 138 -17 -18 -110 11 -130 -163 91 32 -124 -157 79 224 152 214 227 -227 103 -135 194 -74 216 -116 -91 -149 109 -107 -205 71 -22 233 -153 38 -229 135 -57 160 -12 63 200 181 -212 -38 -94 -196 88 -86 -69 -81 -35 9 46 134 66 -48 132 18 141 133 -145 -139 -243 234 80 -218 151 -122 62 22 -93 101 12 202 238 221 -186 212 -63 -120 -156 240 -150 -71 172 -245 -30 116 166 -187 -15 21 201 219 -109 -180 13 -221 -16 -78 -169 186 211 72 -42 -214 207 45 -39 117 169 -27 -31 -13 -208 -52 -160 69 -182 85 -131 -194 49 156 -232 -164 127 180 -223 235 -168 20 10 237 98 -11 -233 -43 -73 -98 1 -23 157 185 86 114 -158 122 -29 -216 -125 70 65 -219 111 128 -203 105 -202 108 -240 119 249 -103 55 -191 67 -226 165 -147 213 228 41 27 48 -21 94 164 222 159 -44 -199 -181 -95 -209 -206 -24 192 -104 87 -155 -217 -142 236 -92 142 197 223 177 225 168 208 243 58 35 7 -167 -99 68 -111 112 161 -3 178 97 -152 -127 -118 215 -238 -144 -148 -85 -161 247 198 183 -177 99 -242 162 -224 -65 -54 206 -20 -9 54 -210 -6 -96 31 -176 -32 -113 57 34 -246 78 -106 226 8 -80 -28 5 -162 -108 -40 179 -89 232 24 123 -207 -198 150 -33 -129 -114 64 146 -174 210 -159 193 15 -239 153 -183 -140 17 -132 6 -70 -90 -213 100 83 -241 -195 95 -117 143 -154 -101 131 -133 -79 76 -136 154 33 -1 104 -121 -62 -228 205 -51 246 115 -34 -197 51 -7 -244 -97 244 -178 248 -60 -49 -193 130 191 -36 -190 -249 50 -143 242 4 2 -82 60 -184 140 163 90 -68 16 155 -50 195 -47 -192 -230 53 -185 -83 148 -72 203 26 -105 36 -102 -201 -66 -53 -76 147 -2 52 14 -77 3 -55 -75 -19 -119 241 28 -84 -146 -137 -26 230 -211 149 -179 176 -225 -165 139 61 74 -10 92 -231 110 204 118 -204 -134 81 -220 40 -58 -25 107 77 209 106 -248
TEST 91 ARG:-140 93 -122 57 201 193 -31 -65 62 11 217 30 -232 -103 -44 -244 223 -159 74 221 -213 -58 -54 79 -208 -156 -158 14 -175 -177 -4 -144 243 -45 -167 182 -92 -152 -249 233 111 -87 -229 92 -63 -227 94 -76 160 239 -91 -15 226 236 159 -149 47 2 209 -23 -125 -155 -131 213 -189 -135 26 -173 -42 185 190 -88 -52 -25 113 -230 -180 -83 -162 -121 29 132 70 -19 172 -207 -226 196 98 197 158 192 -174 43 119 -185 238 -24 -220 118 139 -39 66 -222 229 -242 116 -148 153 147 59 187 53 -30 38 224 154 -70 -55 -248 -21 -97 -138 56 -22 -216 225 120 16 -118 156 183 -141 -94 195 123 -211 -60 -147 -16 -169 -193 -245 155 219 108 198 162 41 50 149 -237 -29 -164 127 245 -171 22 -81 -203 -120 100 90 205 -116 65 48 75 -134 200 -3 206 242 -95 99 -117 211 -9 131 216 44 -154 -243 3 -178 33 36 -27 191 104 -26 103 -246 168 -132 137 15 -85 114 107 -43 -233 228 -68 -72 73 77 -210 -215 -165 -111 -79 13 124 -250 -136 175 37 97 86 -2 170 71 161 27 -6 20 -51 -209 -172 -126 109 96 34 -139 -223 -32 87 -179 12 101 -5 -50 -114 -14 -217 232 23 -69 -11 -166 -234 174 83 -71 164 -74 -163 134 237 -17 58 -197 136 61 117 68 178 -218 -101 222 -96 247 207 -214 -105 17 -78 151 146 -137 -73 4 -168 -49 -38 173 82 215 31 199 -107 -202 81 -150 46 -20 -153 -146 -133 -86 -48 133 72 166 -240 88 186 -129 -142 102 138 -99 -80 32 189 -181 -47 18 67 -160 -221 -192 -183 6 231 194 227 -82 240 80 -35 -130 -77 143 122 -33 157 -206 -108 -236 -235 121 188 -28 25 150 35 10 -61 -119 85 -109 -18 126 129 -200 -182 -219 -199 89 40 -231 144 163 1 -224 -238 64 141 249 246 -110 130 -53 -113 176 -127 241 204 -104 -176 115 -151 110 78 -170 -123 169 -190 39 -34 230 -40 -41 -184 -247 9 -7 212 95 -225 184 -205 -145 -187 214 208 -157 55 -64 -1 -143 165 -204 -100 248 -59 -102 -161 -194 19 203 112 51 28 8 145 -115 7 128 244 -8 106 -198 69 0 45 -75 140 -67 91 210 -201 167 142 -90 -36 -106 179 -10 -128 5 63 52 -188 220 177 180 -228 84 -241 -84 -195 234 -56 -37 235 -112 60 -98 105 -124 181 125 202 -89 -93 -46 42 -239 21 -212 -186 54 -12 -196 -57 171 -191 49 148 135 -62 152 76 24 -13 -66 218
TEST 92 ARG:144 64 -228 -142 97 -30 -168 213 87 -180 182 -3 159 -172 241 121 108 71 224 -188 -90 137 127 -2 -178 89 -97 140 -197 120 34 -203 -107 228 -179 15 198 45 -186 215 9 50 184 8 -211 67 41 -177 68 -243 -167 -53 -12 199 116 26 -134 223 123 61 40 49 -204 -244 94 -176 -129 220 -196 239 -242 25 -111 -121 248 80 18 -238 70 -152 69 63 -205 -70 -234 -160 179 21 -193 -62 -156 245 210 -126 -157 -33 -98 -80 -232 218 -75 -66 82 -223 175 -144 -88 -89 -79 -10 138 -1 -208 -150 -222 92 102 -250 -120 202 -189 -86 98 207 -42 209 -249 16 -131 -32 -241 -114 11 105 -68 -101 -47 -235 -16 66 88 -14 -158 -225 143 -4 -219 189 -110 -227 -165 142 85 -27 22 -20 -5 -166 156 -147 173 44 3 -113 52 237 91 204 -35 132 164 -13 194 -202 -151 -7 81 174 -54 5 35 242 -76 -92 118 96 -8 -108 73 19 31 13 104 48 106 177 -141 201 247 216 160 -171 249 196 60 -137 131 206 115 -96 -132 95 -74 208 -19 54 -11 -45 -81 -135 0 181 -209 -230 -78 90 151 205 51 -31 -6 -226 188 -182 176 -136 -64 -229 -83 -116 -103 -183 -50 238 227 -46 -123 -44 62 183 -112 133 -85 -192 136 84 -67 -195 107 14 -221 152 191 -224 -148 -154 -102 -173 23 -236 -163 -34 -133 200 33 -200 178 192 126 112 -21 146 58 -233 -22 -77 232 17 -15 -127 197 185 -216 -26 171 -214 -146 78 148 236 240 -194 170 -159 129 -41 161 109 -198 222 -245 46 203 -28 79 139 -49 83 38 147 193 -119 74 221 -124 -72 157 -59 -190 187 -91 167 186 12 -61 119 -60 -115 111 233 103 -48 20 -109 -231 76 -187 36 86 -191 -36 -94 65 195 163 -139 -55 72 -100 -71 56 -39 124 155 211 59 172 243 128 -18 135 -184 -40 -128 -82 -217 110 -162 -105 -93 -87 -145 -149 -37 -130 -247 -138 212 162 165 -218 93 -181 219 10 225 158 -175 166 100 -69 -206 246 -23 130 53 244 -9 77 55 -104 -164 -161 -51 -143 190 -63 -43 57 114 -199 -174 -56 180 -220 -210 101 24 -140 -246 -155 149 134 -207 -240 235 30 2 -25 47 168 -24 150 -95 -248 145 -170 99 -215 -29 -212 217 122 75 234 -118 -153 -84 -169 42 -106 -237 -38 28 117 1 4 -201 229 -185 -117 -52 29 -73 -213 -57 -17 -122 231 -58 141 230 125 -239 39 -99 169 32 37 113 27 214 226 -65 6 153 43 7 -125 154
TEST 93 ARG:-86 129 -214 117 18 242 -48 127 103 69 -150 188 -65 -103 -186 -58 -107 88 -26 139 -87 -240 -43 144 189 220 -73 -51 39 195 222 187 202 224 -34 8 165 -76 -89 -113 13 -160 -231 243 59 -19 -167 -79 -102 231 175 87 -151 52 233 -47 -75 -82 184 -182 24 -246 -127 -224 -84 -173 89 7 -156 -126 -163 68 177 -38 174 249 102 115 46 -133 -218 169 -220 25 -216 248 -23 -68 217 205 149 110 83 124 31 155 40 -88 130 -161 -72 213 57 156 -181 -159 200 128 -95 -134 38 17 -83 212 12 105 123 94 -140 -155 -112 -60 95 -100 -187 -12 16 -32 -166 -207 22 -238 -53 167 182 -41 113 93 44 86 201 -171 -91 209 196 147 -46 -77 152 -108 227 107 173 -249 81 -124 118 -172 133 -90 62 -228 45 1 171 -130 -59 -119 204 -245 30 -198 214 -78 84 121 -4 -148 -225 -114 -25 -175 137 111 -219 9 -1 15 -154 -17 148 162 -29 48 216 6 -16 4 207 2 -139 112 166 206 -180 -99 226 23 -128 -62 -145 199 -188 -203 -242 -121 96 90 -106 -209 -200 -192 -232 -42 -35 -132 -213 72 -9 -94 234 150 63 85 145 43 -109 157 235 -49 41 237 61 101 140 56 -194 98 26 225 179 99 -158 -22 -80 29 -162 141 104 -204 193 -217 244 223 -85 64 -20 131 -208 122 -40 -142 -71 -13 32 -129 119 -120 197 -233 -64 -221 -45 82 -93 161 247 198 -215 -165 172 160 -239 183 -236 -96 54 186 -147 153 73 78 -179 28 219 -248 108 185 27 76 -61 229 74 50 -169 154 -105 -10 -56 -168 232 218 -244 35 151 -66 132 142 164 -206 -234 -125 -36 -137 -157 -118 -63 -190 239 67 168 -111 -44 10 -33 -67 0 221 246 33 -196 210 -8 14 66 -223 -184 20 51 100 -30 -243 -174 80 49 58 -135 -24 55 -185 19 -123 -176 138 -54 65 -170 -98 -57 -21 -191 -201 230 91 -195 -189 116 -178 -39 245 3 -146 -138 -177 -183 181 -2 -222 34 -141 -69 -212 -28 -153 11 126 -70 92 53 134 -237 241 -227 -131 -37 125 -202 238 -7 -210 180 208 -5 -193 -31 159 -11 -211 -3 -235 79 77 211 178 120 191 -197 -122 47 5 -152 -27 203 -6 -81 -143 -101 71 -55 37 194 228 60 -115 -52 190 -144 -18 -104 -15 70 -205 -164 106 -149 192 36 -247 -250 -116 114 163 -14 170 236 -97 158 -229 176 -74 -92 -241 109 -110 215 -199 -230 146 -226 143 240 -50 75 21 136 97 -136 135 -117 42
TEST 94 ARG:107 -78 120 -213 -216 -14 -102 83 -15 140 -217 165 227 -161 -151 -169 139 -136 -178 243 -26 -90 88 100 121 193 -6 33 173 24 -119 207 -232 -46 151 49 86 161 31 244 -60 92 -239 -88 6 -18 50 217 13 119 222 78 136 166 -187 -118 -133 -226 28 -42 -67 220 -114 19 -93 225 109 133 159 -115 -219 -155 114 160 123 158 -247 -30 175 211 223 196 93 214 -165 142 -24 -182 169 62 167 137 -125 -9 -249 -4 -134 36 241 -107 240 -223 -44 146 -48 -196 195 54 -244 -154 -207 -146 68 -49 76 209 155 -157 11 -43 -235 -202 70 -83 29 -29 -34 5 22 181 -62 189 -37 192 236 -1 -197 41 206 18 104 129 -104 -128 -167 -77 64 188 -50 0 -171 47 -218 48 -122 -246 -36 -233 -204 -79 -200 -95 -17 27 108 7 -152 203 237 -19 228 38 -94 248 -8 26 -33 10 40 -57 -147 200 111 -123 20 -69 -215 -35 -58 -38 -23 145 -105 -124 -208 -212 202 91 81 -54 226 -185 182 -92 -241 -211 -108 -63 -103 -3 232 87 238 45 -75 44 -237 132 235 224 210 183 9 8 -66 63 -230 -56 -130 -106 71 -21 23 246 99 -135 185 134 -191 122 -52 -16 72 61 164 58 -175 85 -27 14 -100 65 148 184 -222 3 51 -64 -229 -82 -194 168 -70 221 55 127 -13 190 -225 -186 84 -210 -2 -248 186 4 234 -174 106 -53 -138 -121 -240 -25 34 128 247 -180 12 -112 -76 69 144 124 90 -91 21 -162 67 98 163 197 16 -68 231 82 218 -183 130 -126 -173 -117 -81 -72 -199 -156 150 -142 -132 -129 -51 178 53 208 -206 -45 105 172 97 -205 75 -184 239 -143 156 -96 -236 -131 117 -22 -120 149 205 -141 -28 -168 103 94 -150 -203 -172 -163 -176 -127 125 213 -145 -40 -84 -39 141 115 170 46 204 -220 30 -7 143 73 -73 -245 216 219 147 176 -250 138 198 -61 17 -110 -234 -89 35 -144 77 110 -32 201 153 215 -31 -159 180 96 -59 59 -201 -177 57 -190 74 60 152 89 32 212 -11 56 -221 52 1 -12 -101 -224 -158 116 -181 -192 -166 -198 187 -137 -139 -55 80 -97 -164 -99 -148 -189 -80 -87 -195 -65 -243 -86 95 -41 -140 131 -85 174 -231 42 191 -170 -20 -238 15 -242 102 -98 233 157 -109 37 39 126 66 -160 -228 113 245 -153 179 -113 2 -47 -149 135 171 242 154 229 -71 101 249 118 -227 230 -193 -179 162 -10 177 199 25 -74 194 112 -209 -111 -5 43 -116 79 -188 -214
TEST 95 ARG:209 220 193 -175 -51 -112 -47 106 -26 47 179 -31 -130 136 -176 -65 243 177 -167 225 228 227 -139 -248 22 -12 29 19 51 211 -110 148 168 -121 -44 23 -131 -107 93 76 -214 147 82 -42 -122 130 -200 207 -203 -201 -143 -221 -240 -99 -169 39 -59 125 113 -32 -197 -234 246 -80 145 -40 -116 -76 16 4 190 35 -250 -105 32 99 192 41 84 -75 -219 -85 213 -68 188 -227 -89 -100 -96 116 156 -101 131 -5 141 -16 7 135 117 95 199 -86 -114 -236 -111 -71 -228 34 -247 74 -136 -93 142 -163 -188 72 42 -115 247 -17 -56 -233 -66 -238 121 208 -27 -153 81 120 57 11 -79 143 -204 1 -210 -202 122 165 178 98 -156 155 171 210 58 -186 -30 -231 -64 237 -97 -215 -37 94 92 40 -213 64 103 -2 154 -245 215 -159 159 219 -146 -118 157 15 -135 235 -87 214 -149 123 127 129 -244 -103 -20 144 -137 -98 -223 -88 31 -158 175 167 36 48 -212 69 -157 201 -82 -190 230 -34 21 33 52 -73 -4 202 54 189 -237 49 -150 -6 -78 -3 -60 12 160 183 -128 27 -211 90 -184 -10 38 174 14 240 218 -173 -46 217 191 -189 -220 126 71 -11 -133 -50 61 -24 20 13 -69 244 109 80 181 -90 -95 -7 -108 222 43 226 229 239 -52 231 185 115 -91 -178 -177 -217 187 -41 134 60 -162 180 233 65 -166 182 46 -104 197 242 45 -70 -181 -9 -171 132 150 -179 59 85 -194 138 -192 -18 -168 -183 161 146 -142 24 163 -74 206 68 -195 -23 108 -209 -224 -55 18 236 164 -206 44 97 -144 56 -123 -243 3 -22 -106 -120 172 2 -109 -29 55 -198 -1 205 50 119 26 -218 -35 -84 140 184 128 234 17 100 -126 77 -147 -67 78 -15 -148 166 162 -81 149 88 86 170 -57 152 -33 118 198 -25 -125 158 0 111 -205 83 -94 -191 -38 -19 195 89 96 -232 -164 -83 221 -187 -196 101 28 -165 -172 5 133 62 -151 8 151 -249 110 -28 -242 -45 104 -36 -225 -132 -229 212 -124 -138 196 200 -152 -182 238 248 -235 -141 63 -230 -207 -102 249 -58 114 -54 -48 75 -180 25 -43 173 245 -140 105 -185 10 -14 87 153 53 -113 139 216 -246 -226 30 -77 -92 -170 -216 -134 194 79 66 186 203 -239 223 -53 -241 -13 102 70 -154 -117 -127 -161 -119 241 224 -193 -72 -39 -145 107 204 -174 -21 -155 37 73 -160 137 112 67 9 124 -62 -63 91 -222 169 6 -129 -199 -49 -8 -61 176 -208 232
TEST 96 ARG:-3 5 202 -226 7 -69 208 -30 207 -85 23 -67 -44 201 59 -98 -183 76 88 -223 -209 -90 133 -68 -176 213 51 215 -48 -121 -55 145 -181 147 237 139 31 118 247 -249 30 183 168 -157 -248 -18 -139 165 -170 -17 -216 134 -172 -7 -232 42 20 -95 -154 4 -115 -196 81 -212 -203 -72 -54 198 -147 122 3 46 -22 -49 157 -40 233 -71 169 -143 -102 95 -219 66 33 -153 16 175 -135 -124 48 136 65 -23 203 -151 -155 83 -107 105 -1 -173 89 -5 -245 -116 -24 71 116 8 50 -81 0 -156 54 -141 151 1 170 -220 55 15 -194 85 -233 -82 -13 187 114 -27 -168 -25 104 2 61 154 -169 32 69 -234 246 186 125 -133 14 -109 107 -240 41 -148 -175 -222 204 -140 212 137 -195 126 -237 -166 -189 -163 131 115 -120 -91 -227 -19 -243 -184 196 185 -47 -21 205 -215 148 -37 143 -239 108 124 -206 220 234 -150 -159 167 -177 -217 -134 130 -161 29 -188 171 -31 192 -191 98 199 160 19 152 190 -92 -158 153 -88 -6 128 140 138 239 -229 222 99 -228 232 194 141 179 -137 119 -149 -160 -165 142 75 228 209 -113 172 -118 40 197 -145 162 -205 245 6 159 -12 90 -225 -45 178 231 135 149 63 37 -197 156 24 -56 82 -186 56 94 -174 -94 -50 -138 235 230 47 -123 102 241 -29 97 161 -111 -127 181 -58 58 -200 180 146 177 109 -250 127 -242 -230 -4 17 -66 195 27 -192 -77 123 -210 193 26 -129 -51 -8 -70 229 80 84 -104 12 -125 -131 -41 174 -53 -193 -16 -2 78 -247 -62 -221 -35 113 188 -86 -231 -99 21 -26 -80 121 238 -167 -207 -20 72 -235 -10 -105 34 -78 77 -117 64 22 240 96 44 182 -15 -185 173 -214 -76 111 13 -73 -187 244 211 -65 -108 -164 -119 226 -136 206 120 -110 35 -204 -146 189 -142 -100 -93 221 210 129 132 -171 -213 214 67 -52 150 92 -144 -36 18 -128 11 52 -101 60 -178 -236 249 -246 -202 -244 39 38 -43 217 68 101 -211 184 112 87 242 -182 57 -106 -96 248 25 163 176 110 100 200 91 -79 -87 70 62 -57 -241 -162 -130 -42 -132 -218 158 -238 9 106 -63 -59 -201 216 166 103 218 -89 -103 -75 243 43 -126 -11 -9 10 -60 191 224 227 236 -64 -97 86 219 164 -39 -74 93 -114 -34 -83 -198 -190 117 144 -61 -199 79 -32 223 74 -46 -112 155 45 -38 -224 73 28 -84 -179 36 -122 -208 -14 -33 53 -152 225 49 -28 -180
TEST 97 ARG:148 13 -35 -127 91 -7 -250 -206 -218 -245 146 -42 197 161 10 -121 -3 -139 19 230 -45 -157 -137 63 -55 -195 113 -27 -52 -123 -43 -154 -120 -108 67 -72 28 215 235 118 -150 110 240 149 -63 34 14 112 239 -167 -40 -76 -56 233 141 225 40 153 -217 -84 62 232 43 109 -22 -142 -210 -102 130 -128 -15 172 60 -181 165 -237 53 156 90 -147 20 151 -125 70 -37 -94 22 238 241 -78 160 -91 9 247 55 31 135 61 -62 243 41 32 -86 -77 175 -44 -183 94 76 -145 117 -6 -163 -152 217 68 -136 166 157 184 -143 188 120 193 26 -99 -213 -242 -166 -25 143 206 -74 150 -33 -151 66 127 37 -31 -5 131 195 51 -2 103 -219 -69 227 -172 72 218 15 -131 -171 36 -227 39 -153 -36 83 -114 8 136 237 167 -10 147 -144 -196 -38 -20 71 144 231 57 145 -101 -235 154 87 -110 -13 -168 -50 119 -155 114 177 216 209 -51 -117 202 -224 -96 182 -16 88 -85 245 -14 -122 221 -226 194 92 169 30 46 107 -67 228 126 29 171 -57 -80 -189 64 -179 -236 -211 128 140 -188 137 -239 -249 -11 162 -26 -109 155 234 212 121 -198 82 -90 -228 -1 -64 -12 27 203 132 -92 173 -133 -46 78 -61 -65 -54 47 3 -140 -244 1 -174 99 -209 -21 -180 2 44 -178 102 -105 -191 178 -95 49 236 -68 115 190 -203 100 -234 125 35 -202 -49 -184 -23 -66 164 -160 12 -124 -247 242 81 -100 152 181 -223 16 185 -148 249 18 205 23 7 45 -134 50 163 65 -30 -115 -47 96 111 74 -165 229 -229 25 -18 -175 -197 210 -215 11 174 -88 73 213 77 -177 -162 -119 -79 220 -240 -28 42 21 -207 0 89 116 98 -225 56 -32 -246 38 -82 222 -232 -89 142 -158 93 6 -138 179 191 -93 134 183 -71 196 52 168 -17 -129 -149 -107 -104 -41 -39 -8 75 79 -164 101 -73 223 -83 33 -214 224 -112 -116 -103 -212 -241 187 59 -248 214 -190 219 -24 208 -205 129 -176 198 -75 244 -220 186 159 176 4 -231 105 -204 199 246 -48 -87 -238 69 -81 -126 86 124 -192 200 -29 -60 -156 -221 -141 -186 -98 170 95 -97 -161 -159 226 -135 -130 84 97 201 -169 204 -199 -34 207 -58 -173 -70 5 106 122 211 54 189 -113 -182 -230 -118 24 -170 58 192 108 -233 138 -146 -9 -4 -222 139 -185 -53 -187 123 -201 48 104 -193 -106 -132 -111 -216 248 80 85 158 17 -243 -200 -208 -194 180 -19 -59 133
TEST 98 ARG:238 -56 217 41 -130 -195 -224 126 122 -160 -167 46 120 85 38 137 -247 -176 229 -249 -54 56 203 -74 140 -185 133 103 11 194 130 -40 180 5 165 177 50 79 -194 -73 -243 -248 63 -123 43 32 -141 176 92 -208 195 102 147 -42 199 -4 -165 -47 -119 -234 -87 170 -238 -25 198 127 -63 67 -29 -126 -118 -211 196 -81 -128 159 -236 -245 66 139 91 -246 -97 166 -69 -157 74 70 -112 -101 -92 225 -14 33 37 -50 -158 -91 -12 -108 -233 151 29 -146 249 -67 -137 167 188 -244 226 163 240 -117 221 202 -186 -250 -169 23 111 -229 -66 -222 184 47 31 -36 17 -9 83 -164 76 45 16 169 19 248 183 -240 -59 -207 148 214 187 -183 -18 -68 -150 156 -173 84 53 -106 -153 136 -85 -2 -57 -16 69 142 -111 186 2 81 114 10 87 218 118 210 -187 27 96 -30 105 171 -13 26 35 -179 -113 -230 18 -206 -203 -6 48 -95 -3 -86 -55 246 34 247 -5 -88 94 -226 -10 106 -140 164 145 52 236 -241 -121 -107 -22 245 -228 -232 -170 72 -46 -103 68 -116 157 -216 -52 -114 104 15 -193 -17 88 -127 206 162 -61 119 -62 228 -19 14 193 -192 49 115 205 -215 -190 -161 179 -174 97 -168 -202 6 -132 -148 -217 -196 -98 172 -58 65 -45 243 -38 116 -180 25 216 -39 112 -21 -26 -83 -53 -49 8 0 -7 175 -239 215 -210 -197 100 237 -125 146 -152 -43 -11 181 174 -75 -109 150 -100 211 -89 153 -166 -163 58 -151 99 -34 -131 -235 -27 -102 -181 -145 -133 160 93 -189 -209 -237 -65 -93 -44 -80 7 -162 -1 -72 108 149 -31 -134 182 234 77 -82 191 -99 131 -138 22 -32 107 -139 30 230 -20 -94 -15 -199 -213 141 -149 -24 51 204 200 144 21 -220 201 232 178 61 71 39 -154 128 -221 98 -105 13 90 -201 89 -8 55 135 168 42 121 209 -171 -37 -184 3 189 -23 -191 143 -200 -172 12 -48 -90 223 207 -147 173 24 212 57 64 161 -175 -135 109 80 110 36 4 -156 134 -242 -122 -225 -110 40 -77 86 -218 154 242 227 -182 239 -96 -84 244 95 152 -78 -136 -115 -33 1 75 -28 44 60 -71 78 219 9 224 -159 -144 113 -231 -70 158 -155 54 62 101 -129 231 -178 20 241 28 123 222 -177 -51 -79 -35 -124 82 125 124 -205 235 155 -227 -198 208 -204 -104 190 -188 59 132 185 138 129 197 192 -143 -212 213 233 117 -219 -120 -41 -60 -76 -142 220 -64 73 -223 -214
TEST 99 ARG:-249 -53 222 201 75 -124 3 24 177 -24 33 17 -216 147 -173 72 165 -190 -194 -221 -163 76 -132 91 80 77 87 -108 230 -234 102 186 138 -75 113 -245 99 -82 59 -209 -141 -107 104 -244 209 151 184 71 166 -175 -219 123 -106 -43 92 12 -128 47 180 220 146 89 55 -90 -97 -122 208 -59 -88 -172 -232 6 49 -9 -47 -207 95 125 187 198 240 143 -171 67 171 -38 -149 7 1 234 -150 93 -236 -136 2 190 134 84 -206 122 -26 -238 -246 -118 -89 239 -73 -158 247 100 -237 149 13 162 225 42 -23 -166 82 -130 181 195 101 -35 44 -63 189 -222 -239 -105 192 -137 -160 -164 238 -69 -66 -10 193 244 -162 -76 210 -159 -145 -135 -37 -168 20 -60 110 -125 127 -208 14 154 -40 -50 -217 -64 -138 -7 -93 227 11 52 98 64 -144 -123 -45 -157 79 -233 174 -183 196 121 111 -156 21 51 -62 -139 178 -211 37 205 -33 -169 -2 -205 -181 140 48 219 144 -92 -129 27 185 -81 169 242 -98 131 -5 -218 243 -57 -119 188 -191 -86 -85 29 -99 -25 -229 -177 31 221 173 19 248 -243 -18 54 -83 -51 228 155 142 -174 -103 -152 56 -179 118 204 -115 -29 -27 -80 -13 -71 97 -143 -46 85 -225 216 -19 -187 120 -133 -226 36 217 -230 200 -78 -199 -214 -165 43 -1 226 78 -94 -154 -21 -202 170 -120 -201 -228 90 114 73 172 211 34 183 68 -44 -54 -77 224 32 -210 -34 -131 -11 -52 158 -200 237 -204 -16 212 -198 -155 107 -6 141 -188 249 -70 -197 -102 -20 223 129 160 -148 179 156 50 -74 -185 -126 -68 9 137 -241 206 -100 57 -195 39 -14 -161 194 -235 106 30 22 152 126 -178 -41 38 -114 130 -28 112 132 -3 -65 207 8 -109 5 94 163 -8 -147 124 -42 -32 -182 117 -193 0 -12 -111 136 246 115 116 65 -140 -167 -203 -189 23 -87 213 -61 28 -4 83 -184 96 88 62 103 -101 182 -96 150 -117 168 148 229 203 -242 233 105 41 -31 231 -17 -223 236 81 175 -39 128 -48 -151 -153 63 -250 -79 -180 -192 -55 -247 215 10 -15 -170 135 -248 -113 66 197 153 70 -84 -121 235 -146 -196 159 60 -220 -72 35 232 -227 199 26 16 -116 176 -127 -104 -213 25 -134 45 241 -22 -67 157 86 218 214 191 -231 161 119 145 40 -56 -112 -110 -95 109 74 202 46 -58 58 164 18 61 108 53 -212 -91 -142 139 15 245 4 -186 69 -240 -215 -224 -30 -49 133 -176 167 -36
TEST 100 ARG:211 217 -58 -184 -2 183 199 112 -57 -192 -178 113 194 124 -230 -12 207 138 168 192 -214 3 -145 136 212 14 216 32 -48 91 -131 -122 -198 -127 -117 -241 -114 -36 -181 122 171 233 -239 225 -77 100 146 107 89 -243 -123 -90 209 193 219 -156 242 -54 -34 -220 -150 -185 87 105 160 10 97 17 -140 -160 186 -59 -246 79 132 -217 -7 -151 103 -221 102 182 -139 68 -116 187 -190 -238 -24 -218 -73 135 -6 -64 210 98 56 -157 178 -138 208 -15 -49 213 -79 -109 -23 -52 156 131 28 -183 179 -55 -125 86 44 -155 -211 -234 -207 39 231 11 -159 -208 148 -85 0 4 167 80 -94 191 -201 230 58 180 154 157 -200 27 35 241 75 45 115 -203 228 55 137 101 -212 244 198 31 73 164 -229 38 141 92 46 -169 40 7 -133 -51 -223 176 -135 34 237 -76 -112 -65 -92 -244 -164 109 249 -113 -124 142 18 134 -29 5 165 143 173 -50 -219 49 -93 62 189 47 -87 -100 -89 181 -171 -194 -187 -3 6 -191 -134 147 -91 -232 -45 114 -249 82 -71 -35 9 -245 -235 -204 -121 -41 -74 -26 245 -25 59 99 -11 177 69 155 -10 140 -80 108 1 -149 -193 -154 2 -206 234 229 78 184 -111 104 -61 -130 129 -96 -14 123 223 -242 -8 235 -110 -62 221 153 -68 -98 48 81 -13 144 -75 -152 185 85 57 -209 196 -188 -31 -197 206 51 125 -81 -240 -119 -95 -250 -196 66 -216 -102 -37 93 170 -115 12 70 71 95 -163 121 -101 -56 -176 -146 -168 -222 -213 -108 -86 218 -53 -107 -158 -4 248 -5 -39 -195 -136 -148 25 94 54 -84 29 119 -16 -43 -236 -142 204 -27 -83 152 -19 33 -105 -170 -21 96 106 -33 -153 -66 238 202 133 117 -210 -22 -40 175 139 -147 -132 172 -47 84 163 -103 226 169 -174 -18 -231 -128 151 -38 30 220 -70 26 15 -67 -129 -97 126 64 240 205 -186 83 222 24 -179 -182 -224 116 50 22 130 -202 -126 61 246 -42 -161 -106 -248 -63 214 72 150 20 158 247 37 -9 161 -99 -247 65 -215 -143 -104 -228 63 120 215 -32 76 -189 -166 118 -28 -82 110 36 -226 -20 -167 243 -17 200 -44 -144 23 -237 74 -60 -46 201 -165 -118 42 188 166 127 197 8 -199 90 53 236 -205 190 -1 43 -78 149 19 77 -88 239 174 -69 88 -175 195 232 -141 -30 60 159 52 41 -227 145 224 13 -177 -233 111 128 -173 -225 -72 162 21 -137 -162 227 -172 -120 203 16 -180 67
TEST 101 ARG:-13 -244 127 135 169 124 193 -82 -2 140 21 -127 179 31 -35 -167 130 -52 -65 247 -67 -242 249 96 199 -210 -54 13 50 134 -98 -53 -144 208 163 -136 -200 -238 198 -192 -149 -33 232 222 237 154 -29 234 123 -101 171 191 104 239 205 -156 84 -183 -147 -104 -240 177 61 189 -39 -157 -26 6 235 204 111 85 143 -111 -216 236 -58 144 -150 42 48 -213 35 17 114 148 174 9 -16 -124 101 241 110 43 -92 168 184 20 -143 139 223 -71 39 -145 129 90 -117 95 -241 200 -60 -66 240 157 -120 4 -11 -138 66 -184 -87 -202 -209 -231 -180 -190 -75 100 -154 -14 -223 195 52 173 119 212 37 156 201 218 56 155 -225 -172 -95 -250 -113 10 74 67 -245 248 226 112 26 219 86 -246 5 -142 -237 -76 -176 221 131 -230 -181 -195 213 -178 -17 -68 233 -86 15 16 214 167 -64 -51 54 -208 44 -227 -218 -46 -219 133 64 -204 238 121 36 209 -129 -22 73 -224 27 -93 49 60 220 -159 -152 202 99 41 -106 137 -28 -31 -55 147 196 -165 -236 -199 -188 38 -105 -135 -239 -161 -234 203 28 -19 81 -118 -49 150 197 190 178 70 3 -89 106 -193 91 -3 -228 -196 -198 40 -115 25 47 30 -90 -102 88 244 -77 109 103 -42 228 126 -44 -187 -134 2 -207 -15 -205 -8 -84 -249 -74 -123 -107 246 -153 136 166 105 -70 -221 83 45 -215 89 93 149 -146 -137 68 -97 206 -1 210 224 217 -173 -168 113 -100 -139 -171 116 -112 -201 97 -63 87 -185 23 215 118 79 -38 77 -6 115 -220 -128 57 -83 -182 -20 -222 186 -212 183 58 -169 78 161 -96 152 -191 172 245 22 -103 14 -94 180 0 -110 -158 -186 -88 165 -79 -34 24 -141 -5 72 -48 242 108 -114 -30 -10 33 11 -179 -18 185 -59 -80 231 -36 75 82 55 -56 -27 -133 -78 -9 230 -164 65 -174 -248 7 164 176 -108 -126 -151 -235 -233 187 145 -47 -194 98 -140 229 62 -162 1 -23 -69 160 51 -109 -203 -7 94 63 -50 -122 -163 -32 -214 181 -177 -130 182 80 225 138 -211 159 -206 -41 -175 151 243 19 71 -91 207 -166 162 125 -148 -121 46 158 -45 107 -37 227 -226 -61 -160 -229 -40 -73 141 120 8 -72 188 92 -4 -21 -155 -125 211 -132 117 -12 -170 32 53 -25 -243 -24 -81 59 69 142 122 -247 146 -131 175 29 170 -85 -116 18 -62 -189 12 34 -232 128 153 216 76 -119 -99 132 102 -43 -57 192 -217 194 -197
TEST 102 ARG:-31 38 215 113 138 -97 115 -150 -88 19 -116 -235 -89 -24 -84 -104 -231 -73 -92 123 -174 18 188 221 -241 2 117 163 -170 49 -44 -96 165 13 -54 1 178 76 184 -110 146 174 150 224 -249 119 104 -9 -152 -164 223 -193 -144 -176 -29 -215 -124 -77 -52 133 187 243 58 194 109 229 -216 -236 -62 153 -91 -35 124 75 -123 -59 -181 -95 226 -81 218 23 -178 42 24 -220 212 -38 211 -39 -11 -85 -94 -212 238 -165 -135 -16 -172 8 191 -145 147 180 -129 171 -192 -101 -169 -111 249 107 -217 159 -36 162 248 66 -58 -247 -79 196 -149 -121 -119 -163 -75 -162 -65 43 -199 10 -168 235 -242 -224 -160 -45 -191 87 -51 84 31 -196 95 -195 236 -10 -148 98 -55 134 -225 125 204 -194 -175 100 -15 -136 -30 -46 -48 -14 222 166 32 22 29 -93 -143 -102 -190 -28 -151 88 -114 45 149 94 25 240 -219 -155 209 168 47 -133 51 -166 114 167 -218 -90 -13 110 57 50 111 -34 -6 36 -80 -47 -182 205 -223 -222 79 197 73 -228 203 131 175 -37 -210 -108 6 233 -61 -240 186 173 112 140 -180 130 -185 -5 -161 -120 -22 -68 91 44 -41 -57 -105 70 -71 225 3 63 -158 135 99 60 -128 -189 148 101 4 5 -141 48 -63 28 -177 137 -183 -206 7 89 -117 -125 -140 -17 120 214 -23 -32 -246 177 227 -69 129 -138 190 -208 -203 228 39 -157 128 164 16 37 90 -118 -153 -19 -122 -238 170 15 -184 -103 237 -244 -8 26 -82 -83 232 -214 185 -3 122 246 -66 -179 241 202 172 216 55 -132 71 96 -26 85 -211 -230 -243 78 -173 46 72 69 -233 -64 -200 68 182 -154 -202 155 206 183 30 -207 21 -109 106 -167 210 157 35 -126 181 81 -115 -100 -18 245 -72 -142 -67 -107 -27 -234 154 -232 62 12 108 -187 152 74 199 -226 -134 116 -229 102 -139 56 207 213 52 14 77 242 -42 -127 -248 33 93 244 -60 169 -78 34 201 141 -106 65 -198 -186 40 -137 -112 142 208 189 -49 -221 126 17 145 200 151 -25 217 -53 -2 143 -171 -159 239 -188 -7 -70 160 0 219 80 -1 -50 -33 158 144 -205 -156 192 -76 61 -209 105 -40 132 -56 -204 -130 -12 156 64 193 97 -131 195 198 -213 136 -87 20 231 11 118 -250 83 247 -20 -245 127 -147 9 176 27 54 -227 -99 41 -201 179 -239 67 230 139 82 220 -74 121 234 92 -113 -237 161 -197 59 -98 -21 86 -86 -4 -146 53 -43 103
TEST 103 ARG:-93 -46 -42 -138 -67 89 179 226 212 -24 225 -122 104 -131 142 190 17 214 157 -245 -234 -125 34 230 181 95 100 132 -64 -22 -27 -43 -145 242 -209 218 -150 -164 219 40 21 -61 -30 -68 -48 240 -44 138 22 -117 73 -223 93 -197 -26 161 -40 229 -33 -49 19 -133 125 -57 -159 147 -116 -19 -63 193 -220 -81 -50 -233 63 -153 123 124 210 -169 -118 -230 -106 24 220 -248 47 195 234 152 -52 50 -246 -192 -47 -25 -162 -28 188 37 29 86 105 101 146 -161 175 204 -109 -250 -187 -77 -208 -10 -119 -134 77 246 -2 -174 98 -239 205 60 -38 186 80 -107 106 52 -120 -199 51 -137 -85 -108 110 62 -3 -84 141 180 -74 16 -9 -59 127 83 -15 169 -136 82 -16 -132 -141 -86 120 224 -34 68 199 49 126 109 135 -75 183 134 -196 -130 108 -70 -202 -163 65 -60 35 -236 107 25 235 156 7 97 -188 119 -66 213 -144 53 -219 237 -88 177 -189 67 -5 61 -243 222 -21 -110 44 -190 66 43 208 -121 -207 -210 -23 -56 215 -55 -140 203 -36 159 -72 -95 -17 12 -201 -222 113 -182 4 -102 -212 249 -160 75 -203 139 -229 -143 -31 -244 -37 238 84 54 170 -185 143 -176 -89 155 154 221 -146 153 151 94 184 185 -215 57 88 -97 129 -69 -103 -87 -221 90 -92 -228 241 -76 197 -180 -213 -14 92 28 55 72 13 -205 76 91 -235 182 198 244 228 -129 -71 27 -195 171 166 -128 -1 -149 -127 -227 -123 42 -148 118 96 209 -91 144 30 14 140 187 211 -172 -198 178 38 31 -158 -79 149 -249 227 131 121 -7 217 -101 71 -238 -73 202 -211 248 -183 -112 -139 -152 -51 164 74 -200 -175 114 9 -126 99 130 -83 -165 -154 -177 158 -216 -12 -206 58 191 -58 122 -98 206 -80 168 236 173 148 116 145 1 -39 -166 -191 231 33 -62 69 232 194 -100 162 -13 85 -214 -226 -179 5 -105 -20 -6 -11 64 233 87 172 239 -240 103 -94 -114 -124 -82 23 -151 3 -193 -32 223 -242 -90 -96 -194 -173 78 -247 -99 201 137 -18 46 133 243 8 -35 -181 -111 81 10 56 -29 -115 192 -8 -54 -170 70 -157 -155 -147 -168 117 -53 -204 -65 -217 20 11 36 -237 136 -231 -41 115 26 6 79 -171 -224 102 2 200 39 163 128 216 167 111 0 -45 207 -113 -178 -104 165 160 150 18 -78 196 189 -156 48 -186 247 -142 32 -184 -167 59 176 -232 -218 -135 45 -241 174 112 -4 41 15 245 -225
TEST 104 ARG:-187 -147 -168 198 86 -170 172 40 157 238 -138 -49 -155 -75 -17 192 -227 -124 117 68 -69 39 80 -197 128 -250 129 -8 31 161 171 -209 228 -224 145 135 -215 -230 -214 140 -142 -94 -21 -109 -122 203 -211 -180 13 -143 -103 233 179 -54 104 186 207 123 29 -126 5 165 -133 -46 76 -119 95 60 100 17 -65 37 149 141 20 108 107 -45 109 -13 11 78 194 -35 -201 115 82 235 220 -70 42 -210 -236 -159 75 188 134 -90 -145 -51 58 -171 -198 118 -34 -62 49 152 -240 156 -104 191 50 -123 190 2 -206 19 -41 -137 -18 -239 -156 -117 196 215 -229 244 -160 225 91 -192 116 55 -231 -238 119 -6 -36 168 249 21 -87 83 72 164 -106 46 185 73 -105 53 -146 -223 154 241 71 -175 30 -149 158 201 175 25 -189 181 -93 -19 131 -63 -2 -129 101 -167 70 -172 -216 -92 -116 -134 90 236 38 174 -73 43 -222 27 182 -115 99 -217 89 65 122 47 110 193 248 -56 -166 -97 -74 -86 -52 -82 -107 -195 -44 -25 202 -10 -154 -244 -186 132 48 -120 -55 -98 -33 -136 178 229 166 4 -190 -246 197 -153 77 -165 234 -48 97 0 -121 209 103 81 -23 -110 239 -42 -1 142 -111 -84 218 167 160 105 176 224 -233 -40 -204 126 14 -243 23 226 22 -249 -219 -148 -81 -61 -80 -108 54 -202 -200 -152 -22 -79 223 -28 -27 6 -185 51 -141 -161 -220 69 -177 -112 150 -12 -11 66 -131 148 127 -232 243 -191 -58 62 183 138 125 114 -140 200 206 213 -114 -184 204 -95 -169 180 28 -208 -37 -26 12 -174 124 -91 -4 -173 -226 237 -144 -89 -16 -96 -196 -207 24 -50 133 10 169 26 173 -183 -14 8 -88 -59 231 217 45 211 214 67 -139 64 -31 -157 113 -30 56 -242 139 -235 -9 32 159 -118 189 -3 -102 -32 36 195 120 -66 41 52 -158 18 212 -248 -68 -135 210 163 -176 -39 -83 -205 -20 92 61 162 -188 130 -130 170 -53 -234 -163 79 221 -71 -99 -164 -245 219 -225 -64 84 121 -132 -29 -78 15 -127 247 106 -221 -182 112 -179 -162 199 153 246 232 59 184 -43 227 33 102 -101 1 -128 85 240 177 63 -150 205 98 -237 -60 34 -247 -178 -15 93 94 144 137 -218 155 96 136 -5 -113 222 245 87 -228 -47 -151 -203 -194 35 7 151 -125 -67 242 208 16 147 -76 -24 146 -199 -213 -57 -193 -212 143 187 -7 88 -241 57 -77 -38 230 216 9 111 44 3 74 -181 -72 -100 -85
TEST 105 ARG:80 248 -212 -97 216 237 162 -8 -197 -180 55 -115 -133 177 -119 123 204 -143 -131 136 120 129 196 -163 -245 2 -77 -124 -120 -242 234 157 244 73 -140 99 238 -134 233 -164 -154 -161 12 246 192 1 -4 -177 39 -128 -42 -151 -7 72 -28 32 -107 -73 -127 52 -59 46 -145 226 71 160 -2 137 38 210 -205 96 168 66 -185 -189 187 45 87 65 -26 103 166 159 -49 191 -141 142 -116 -57 36 117 -137 119 -25 18 -144 124 -118 176 -224 -112 -175 75 48 224 110 -46 70 208 44 200 243 3 -34 -83 -67 -156 144 -91 94 -27 37 5 -108 -178 133 -199 -75 146 -35 -149 -217 152 155 193 -48 245 -129 -16 -187 148 165 -204 242 118 -105 93 -9 -103 -50 180 -184 -85 -36 54 83 61 28 -84 -138 31 -68 143 -72 161 101 56 -237 -14 -113 -30 -74 212 -47 227 232 -130 -188 -11 88 4 -65 20 76 -157 185 -33 195 -110 -194 -122 190 -136 173 -12 21 188 -227 -39 53 -159 67 -10 112 -117 -186 -15 -6 -248 -21 181 -104 186 78 139 156 -18 135 -171 217 -70 239 41 -111 -82 205 -203 211 -230 171 -223 57 62 -101 -29 106 -209 59 -62 183 40 -155 8 -78 -200 -52 -98 0 10 -71 -88 95 151 145 -132 174 -201 -168 203 -81 23 -202 209 -167 -215 164 228 -238 -243 -211 -231 -24 -19 219 132 -216 -41 -207 -183 -95 77 113 -55 -192 -232 -51 11 -226 201 16 -228 -193 -162 131 -63 114 26 109 -99 90 -54 221 170 19 58 -244 -139 130 -174 214 64 13 230 -64 -32 -60 122 140 225 240 63 -146 -214 249 92 -222 -179 -176 -206 104 199 107 231 126 42 125 -250 100 128 127 -158 215 -79 -45 9 -121 51 235 -170 84 -236 -220 236 182 -58 -87 98 189 30 218 -66 15 69 -22 -173 202 -247 150 -166 81 198 22 -234 179 153 -239 -100 -152 167 49 91 -40 -208 -123 -125 89 -94 -153 158 -169 -160 68 34 -182 149 -23 -13 -56 -20 -90 -191 147 -198 43 24 -150 -38 -221 -218 163 -31 -135 -195 86 207 74 35 25 -249 85 154 -240 -3 223 169 -181 -213 -190 -86 -93 -69 -96 -229 50 -172 47 111 141 29 197 222 -148 121 108 -53 27 6 33 172 -89 241 -76 -241 220 -233 229 175 247 178 -142 115 -210 -126 -106 -219 -61 79 -44 102 -43 194 14 138 17 -147 7 60 213 -37 206 -5 116 -1 -225 -109 184 -102 -80 -246 134 -165 82 105 -114 -92 -17 97 -235 -196
TEST 106 ARG:-176 224 45 -246 153 -70 -98 119 204 152 -23 169 173 -240 -163 -216 -13 -44 85 -12 90 97 -80 -213 12 65 38 247 194 212 -47 -134 77 64 128 -103 -224 75 53 -218 -125 131 -112 -170 158 -100 -72 -43 155 7 137 20 -194 172 -215 174 -59 -243 -69 216 -15 48 -129 -39 -93 -17 215 209 -229 -144 80 -162 -143 211 -188 -57 43 -222 -230 29 -119 -49 -84 -239 16 -247 -133 82 -54 235 -136 168 -10 160 -2 -175 -74 6 -24 113 61 129 -228 210 -231 233 71 -238 5 -38 223 -90 149 -206 -58 231 -99 -199 51 -202 31 -92 17 -235 -26 208 -21 87 141 -135 91 163 -192 70 22 142 104 -9 195 76 229 -114 67 4 92 -111 159 -158 8 -11 185 -120 203 207 -189 116 -141 227 120 132 96 -66 237 213 78 226 244 -88 15 -159 175 -161 74 -61 109 236 -96 106 -115 -212 -149 -241 -147 0 98 198 35 -244 88 112 11 192 -205 136 -53 -145 -204 68 -177 -154 147 18 -160 40 -200 -128 -85 -124 248 19 220 -42 103 -116 -104 -32 13 -29 110 202 134 -186 191 -185 -150 -146 -196 28 -68 188 186 -95 37 -242 -182 95 81 122 179 73 -164 -109 46 -81 138 114 234 -64 -184 21 135 -60 -165 121 206 -151 -48 -131 -110 -3 -106 26 -22 178 86 -36 94 243 -50 72 214 108 49 -227 225 156 -105 -45 170 -83 -79 -193 41 63 84 59 -55 -219 -201 -25 182 164 54 -153 79 -65 -56 -236 222 -173 -97 -187 101 -174 -140 105 89 161 83 -139 52 -249 93 -33 -89 189 232 -27 -208 200 -207 150 -62 -40 -167 171 -179 -121 -51 205 230 9 -197 -156 183 -108 102 -123 133 118 124 -183 -180 -195 56 -214 -152 -117 221 219 -67 -1 241 144 42 60 -225 177 -86 23 -91 176 -233 -223 -71 -94 -87 187 190 33 -250 2 -234 -113 69 197 -203 238 240 -122 -157 -190 -5 -169 34 151 -210 50 140 107 -138 201 -8 184 66 181 10 58 -220 -142 47 -126 199 -171 -209 100 -172 -181 162 -34 -127 -30 148 -132 30 24 -168 -73 -18 242 -46 3 117 -76 196 146 154 -20 -14 1 166 157 193 -101 111 246 -19 32 167 -155 -35 130 25 -198 -102 180 139 125 55 -148 -16 99 217 -4 249 39 165 218 -77 239 -52 27 -237 36 145 -166 -78 62 -75 228 143 14 -28 -221 44 -248 -37 -226 -130 -118 -232 -7 115 126 -137 -6 -63 -217 -245 -211 -178 -41 245 -82 -107 -31 127 -191 57 123
TEST 107 ARG:-244 -185 100 -125 4 -196 -222 248 67 149 12 -128 153 -147 112 187 -28 7 49 -156 -33 157 85 -38 194 -103 181 196 238 -84 -170 -158 -169 168 36 -236 82 224 -235 79 -168 -69 -234 129 163 -217 150 -119 -1 -122 17 69 131 164 227 -195 10 121 34 134 242 -190 -212 -142 -229 26 235 63 73 -243 45 -198 245 -152 166 -46 141 81 -17 -18 209 54 -9 24 33 154 109 -65 -26 199 -208 -250 -232 221 27 25 -74 -105 -67 -87 144 -16 -148 146 -192 -225 18 -151 -113 159 -176 -220 -161 -70 206 -61 -111 140 -30 190 184 -25 -194 177 74 -204 40 249 -191 231 -144 -56 -167 -5 102 -7 -32 237 -247 -215 86 130 -95 -68 101 23 50 139 127 -85 195 -173 -3 -91 -89 126 -200 -223 -88 -159 -92 -228 -118 65 93 223 -82 -241 -10 -150 -238 -62 228 138 103 -120 -115 -124 -39 167 230 -47 -165 55 -77 220 108 -112 -207 118 -23 234 -60 96 -187 -51 198 68 64 66 222 35 31 122 -218 -81 191 30 215 -233 -24 -132 -246 80 39 90 32 -6 172 -19 -78 -121 -211 225 -57 -97 158 152 -205 -166 57 -75 -206 217 37 38 -14 104 -53 243 -49 -135 -12 91 99 89 160 241 -80 -71 239 5 20 28 -245 219 -143 162 92 180 113 -248 135 -117 42 70 111 75 -164 -73 3 -59 136 -202 -129 -182 182 178 200 -137 201 183 106 -224 -242 -145 216 110 -22 208 -188 2 247 1 -181 -154 173 186 120 207 94 -96 137 -136 44 -219 -231 -213 -214 -197 61 212 -108 95 -13 -48 197 210 -110 -66 -58 202 41 125 171 -131 -239 170 -183 -101 -41 -36 14 72 -63 145 115 -104 105 22 -42 165 47 244 -172 -178 147 176 246 84 71 116 58 59 188 -146 -134 9 -177 -221 -43 -45 -179 -20 56 -184 -107 185 179 -90 83 229 62 -189 -209 -109 226 60 218 204 189 -98 76 175 -31 -83 -180 133 214 -34 169 -230 -140 -21 240 -139 77 107 -44 -79 232 -193 -54 8 128 132 -93 -149 192 -249 -27 -100 -94 15 -216 -138 97 48 174 151 -186 203 -199 -130 -15 -8 46 -102 19 -114 -37 43 211 -133 21 11 0 -116 29 148 213 233 -55 143 -52 87 51 -35 -174 -175 78 114 -237 -40 -141 -171 205 -203 -162 -153 -201 -76 88 -126 123 53 -64 6 98 -123 -29 -155 124 -227 -99 -106 -240 -127 52 161 236 -11 -4 16 193 -50 -157 142 155 119 156 -210 -2 -86 117 -226 -160 13 -163 -72
TEST 108 ARG:101 -39 98 27 -114 137 19 83 -125 -162 182 -182 97 56 -36 -133 -234 149 -28 204 -189 129 -246 229 -120 55 -195 22 43 -130 80 57 -172 -55 2 72 74 -108 -156 205 -71 -94 -212 -180 -168 -204 228 87 170 -173 -218 -32 86 -10 41 -19 -86 162 -53 132 26 -67 110 -161 20 230 -92 -101 -20 -51 -154 203 128 180 -73 -141 -25 212 -105 50 65 0 133 200 93 -2 -211 45 -50 -16 36 -190 -11 109 189 105 -48 -174 -22 -66 197 185 -18 142 13 91 -45 67 -1 -238 163 -37 -232 193 54 177 223 168 -79 -166 -110 35 -157 7 242 -237 40 -117 -30 -186 -35 -24 -143 -102 62 249 -80 39 181 -224 -193 58 202 -99 116 126 -91 -170 222 -6 -82 34 -46 -85 -175 -9 73 236 -127 52 123 -132 144 147 -153 49 148 -198 -75 88 157 -78 100 -184 138 241 -12 -34 198 -199 124 24 -5 -167 9 -63 -7 3 -56 -31 -236 16 95 78 214 -178 38 -90 174 188 37 -4 -149 -187 143 -250 70 -231 210 -177 -97 184 227 -84 104 30 -194 239 150 -155 10 213 -206 29 -74 -227 -96 -185 191 -214 -188 -122 -104 17 -61 89 165 125 -229 -169 47 -129 233 108 -150 -160 96 -112 196 194 -88 -240 195 -244 -23 -116 145 -179 161 -33 209 -221 -144 -81 111 -8 -113 63 -40 -72 -59 -183 -77 -201 -134 151 8 -145 103 192 1 -140 240 -226 244 -107 -239 -203 32 -111 -119 248 171 -235 176 -233 23 164 -171 5 -42 76 -196 28 48 208 -43 221 -243 -158 -64 152 -109 -219 -136 -228 84 158 -70 153 115 -76 -62 -208 113 -21 -217 -131 59 -15 186 -41 179 -121 112 175 215 94 217 -118 -103 -249 -17 246 -89 -152 71 66 -192 -139 -83 79 235 12 -100 -200 -60 4 226 -137 172 -197 211 173 -147 -220 146 -52 131 42 77 15 68 -163 -247 -115 -191 -135 -47 6 156 -138 -49 -44 33 -106 -57 130 53 -146 -98 155 -124 18 25 44 106 -223 -151 117 218 141 135 -93 11 120 199 -69 -176 -222 178 139 -38 134 121 102 -148 127 -207 114 -202 -159 -248 46 207 51 -142 31 92 245 85 -13 -14 -3 -181 90 187 232 237 167 -58 21 107 64 -27 166 -242 225 81 -213 -205 231 243 154 136 -216 -241 -164 -123 -225 -26 169 234 69 119 122 -215 220 206 61 201 219 -165 -128 -95 183 -68 -230 -209 60 -210 99 216 82 140 -65 224 -245 118 238 -87 75 -54 160 159 190 14 -126 247 -29
TEST 109 ARG:78 91 235 -1 79 154 232 -16 246 56 -246 -44 187 -142 -248 140 221 168 -188 196 -195 118 97 43 53 171 -52 -184 226 -75 -191 -32 33 243 -137 -30 -236 -107 57 241 222 109 -159 59 -8 61 117 -154 -194 -40 -228 194 -112 -149 155 -95 36 -211 -119 192 163 162 230 209 -80 -43 237 -78 -233 80 28 16 -64 -116 -205 -66 139 -77 -170 -207 50 0 -99 -63 67 157 -146 95 -176 73 -104 -240 103 -232 4 146 -86 -175 -168 -74 213 -27 -36 62 76 205 77 -24 -73 138 -117 -61 -87 -239 164 -88 -140 13 -208 -53 242 126 -129 -10 200 -103 148 -150 10 -93 207 86 191 42 -51 -162 47 -189 -94 96 175 -110 -212 -215 223 -113 -56 -130 -58 99 -145 -42 180 249 -11 -222 -169 -173 -26 18 -213 -102 -214 -101 5 71 152 -17 107 -180 8 1 -68 90 64 176 15 111 151 52 -141 82 -105 -89 45 -41 121 150 174 84 -50 165 -151 -202 206 202 220 125 219 -83 204 -96 6 87 -2 65 229 -34 75 225 156 -198 -148 -25 -97 199 -62 -59 -122 -166 172 -132 240 -196 -127 -200 -47 214 -156 -182 -218 81 181 102 -178 -114 -153 -46 35 233 218 186 159 -203 184 -98 -187 -14 -186 142 179 -6 -172 -227 100 227 44 -128 49 145 2 -20 178 98 -91 -124 -164 -143 -163 123 37 -235 115 134 127 -131 144 -206 -121 -210 141 119 -245 -144 -21 11 51 -183 201 136 -29 -79 104 -223 -71 147 -171 143 46 135 203 -165 20 89 -37 25 -92 128 228 -234 -193 129 193 -225 247 -209 32 88 -160 -108 106 -126 34 -100 83 -249 -199 133 -38 -174 -49 -111 7 108 63 60 -152 188 212 -72 -185 149 190 120 14 -134 -76 -242 105 245 234 198 -45 19 124 -197 153 -133 -39 177 208 137 -247 -12 -115 -179 -161 -118 -70 -135 -167 112 114 94 -123 -221 -4 30 130 54 -190 -33 161 239 -241 182 41 3 68 -219 215 -229 131 -220 22 55 -138 -85 -5 -84 -157 132 38 210 -7 -244 110 17 -9 236 -54 27 -55 -82 -48 -19 -18 -155 9 122 12 -139 -81 -224 211 40 -22 -216 160 23 248 -35 116 183 169 -136 26 101 -31 -28 113 -23 197 224 185 -69 167 74 -226 216 -238 -231 -125 -3 -192 24 -201 -237 69 -243 58 66 -217 -57 -230 231 31 -67 -181 -250 29 -13 -120 170 238 93 -147 -15 -90 92 72 39 244 -106 173 217 48 -158 -177 195 -204 -60 85 -109 -65 21 189 166 70 158
TEST 110 ARG:245 53 95 31 -60 221 -3 136 200 190 -168 -154 -36 133 107 181 20 -88 -67 -39 63 41 -110 -31 -37 -61 -178 50 -91 -128 -216 -158 0 233 30 103 -85 -29 201 183 -172 236 -23 223 126 -30 74 47 71 168 158 40 109 123 167 184 185 88 -167 -234 112 -184 -127 -96 -237 -111 -189 -68 -121 -122 -100 -12 -137 -232 115 -236 179 44 241 -242 -13 57 -62 83 -63 -249 54 7 -79 139 189 -150 1 -206 -93 82 -164 154 22 196 62 -72 -11 172 2 -208 -90 -57 43 -224 -130 249 92 182 -187 217 -210 66 -192 160 -22 199 219 -83 -34 227 -196 192 -230 -201 -191 -183 -8 -209 164 -117 -48 215 73 -138 10 180 -151 85 -205 142 -214 69 80 -65 108 97 -76 220 174 -231 -56 144 243 -171 -114 93 163 -146 86 -169 209 -228 -223 -6 161 -99 -82 187 -219 -38 -43 197 -47 15 -26 -77 -153 -105 232 28 118 138 27 -176 135 120 150 -199 228 222 -102 -215 24 38 16 98 -207 143 -222 -166 134 -7 55 -70 -136 -180 29 36 -118 9 -24 111 3 -64 170 195 157 -16 193 70 42 99 -45 -240 -18 177 -238 -163 -55 -21 132 -133 -198 26 -95 206 -129 -92 -170 -160 -195 -245 114 -107 202 148 -225 100 -103 91 -97 106 229 -46 212 -239 -20 145 214 -75 -156 90 175 101 102 -179 84 -200 5 -145 -53 -181 -233 -109 58 -173 230 113 -113 77 -152 128 224 213 -44 -162 198 -17 -227 59 13 65 6 125 51 37 -186 105 -197 -221 -59 129 -190 -52 141 169 -51 -71 -126 226 -174 -213 -123 19 -124 131 242 -248 -141 -89 171 -115 4 -134 -27 -112 -125 -40 208 -144 -203 -132 -80 -175 61 56 -177 218 -69 -188 122 -42 -28 -243 -1 89 151 -202 186 248 12 119 -116 -165 94 -193 247 147 216 -19 -155 234 -185 45 -4 191 -194 225 155 176 231 -32 -149 -106 153 87 156 173 210 121 239 -212 -159 204 -226 64 -78 140 -84 33 165 -246 -86 104 207 240 -49 -54 23 -140 -2 146 -204 124 -131 -50 -211 178 -87 110 49 246 14 60 194 -143 -101 -250 -229 -247 72 -10 -161 -120 96 76 -14 -81 78 67 211 -73 152 68 -35 -41 35 -108 -220 162 11 -241 -218 -139 -119 -235 52 81 -104 34 159 -15 149 127 238 203 8 117 -9 137 116 205 235 18 -98 -148 48 -94 46 -33 -74 -66 -58 -182 -142 -25 25 21 166 79 39 17 130 -5 -157 -244 244 -147 -217 237 -135 32 75 188
TEST 111 ARG:-61 23 106 229 -235 -116 155 -185 -70 -160 207 60 -65 66 -138 -132 165 226 161 105 -31 128 -18 133 62 141 186 -87 57 -178 240 48 -162 204 7 109 -11 140 73 -139 146 46 -172 55 70 34 44 147 -114 -29 -107 -193 169 31 -111 82 -37 -159 159 -146 -5 -152 -50 129 234 -54 170 35 -168 71 187 177 -66 -144 99 -221 245 -174 -134 125 110 -79 -237 -148 227 135 89 22 216 -247 205 222 139 -52 -142 3 -35 -169 -226 28 5 97 84 39 -121 -225 -49 -93 232 160 142 21 -181 -62 26 223 -157 203 59 -238 -9 -94 122 151 132 -202 -120 65 115 61 38 221 -161 -13 192 67 -110 -125 168 15 218 -166 235 10 1 -233 12 130 -217 -186 111 102 -156 -53 36 -136 242 72 69 -201 -150 -230 119 -98 -122 -118 -59 211 -17 -76 -234 233 -67 -245 195 138 178 126 201 239 103 -127 -194 198 -89 92 199 -109 -208 54 -44 136 -163 -27 154 -207 -228 -63 200 -12 209 -149 9 162 -232 -81 -210 -135 230 -45 193 194 -34 -38 247 214 41 -83 196 -203 224 148 17 83 -153 -123 79 -151 143 173 98 -2 -105 -131 163 -6 116 149 -147 -71 -190 50 -167 -7 215 -26 -16 -242 101 -33 68 -214 124 37 225 -117 43 -140 -46 16 -58 174 -249 -192 238 -206 -129 -32 -171 -246 -47 -1 -141 -78 47 -211 94 182 25 45 117 171 -51 53 189 74 -179 -219 -64 -28 -8 176 180 -21 63 -19 -213 -102 -231 -3 113 -72 -209 206 249 -143 -243 -145 51 184 -200 -212 -115 -128 -90 112 -85 217 166 85 -173 185 -14 231 -176 30 -222 -183 78 58 -191 -218 -48 175 0 -204 -180 -10 -43 -75 236 76 -165 -104 150 -250 -113 212 86 -39 75 153 -106 -4 114 -108 181 -82 172 18 241 118 96 -158 -77 -42 -30 -175 -97 81 190 32 -84 219 123 95 33 -86 -244 137 77 13 237 121 88 90 -20 -60 -103 40 -88 -24 158 -80 -223 167 -124 -92 11 42 228 191 -188 -184 108 -133 -177 -99 -112 -74 -101 127 -220 120 220 197 131 -96 134 -224 208 -215 -25 -170 -155 183 19 -187 -69 248 -40 8 56 -137 188 100 93 -73 20 -91 24 152 -189 52 6 244 -241 -126 -57 -68 -100 2 243 164 -248 4 -22 -195 144 64 246 -56 -239 157 -95 -205 -198 -227 -182 156 -196 -199 80 -15 14 -36 -240 49 -130 107 -236 29 -154 -164 145 -229 104 -119 202 27 91 87 -197 -23 179 -216 213 -55 210 -41
TEST 112 ARG:47 -248 -25 220 -98 -31 -82 234 152 239 -211 -144 69 185 -194 82 190 -112 209 -232 -220 -249 107 -190 110 97 26 28 -221 148 94 244 246 237 43 143 203 -195 245 44 111 -84 -166 122 38 -205 -218 -231 191 -151 33 91 187 174 -149 247 -217 -51 -150 30 87 194 103 206 -36 183 186 -176 -76 40 189 113 161 73 20 -120 -138 -13 -233 -23 135 -88 -161 236 -48 -18 -67 179 7 -49 232 23 -111 -100 29 -2 -39 106 -118 6 -53 67 -173 49 184 226 -152 -104 -241 52 17 11 -238 -180 -105 130 57 -109 22 192 13 -155 124 5 -113 208 249 62 -245 167 36 225 -54 -42 228 -213 155 178 -129 -122 58 -123 -102 -59 242 102 -174 74 -153 9 173 45 -77 128 145 -8 -47 -201 42 -11 -135 -80 207 55 10 -57 -28 -234 54 133 -140 112 -228 -163 219 -90 -60 -83 -134 98 -117 200 -230 61 -171 146 32 -50 -58 19 -38 -85 158 243 205 -81 202 166 -175 119 92 -101 -179 -247 198 -226 211 -172 -207 -219 -131 -20 89 -128 -6 177 -127 -34 -93 163 -181 213 -244 -94 -97 -212 -4 51 188 -154 121 -222 -130 -168 -91 241 116 136 -141 -52 79 -40 -137 -89 -73 -70 12 -164 201 -87 -192 176 -16 114 -35 157 -169 -157 221 70 -197 -215 204 71 90 -61 -199 -145 24 137 18 233 -125 -160 104 -165 99 140 -159 217 -250 -62 222 -188 -107 77 212 117 -202 -86 164 -19 2 -246 -22 105 101 181 -208 31 -177 132 229 -143 76 -119 -108 123 175 -75 -121 64 63 -148 -37 151 -95 -106 153 -116 214 160 -235 -224 4 14 180 50 -24 -110 199 65 169 -189 -32 231 -65 -68 8 48 -142 248 -183 -185 195 84 -26 -229 -14 -79 -178 -196 147 -99 171 -223 -225 56 100 -15 223 -29 -186 -72 -9 15 -240 -136 78 -21 144 -44 -71 -237 -209 -216 108 -198 39 150 -162 -139 -64 238 83 88 115 141 93 -170 1 -12 197 -30 -126 3 16 -10 -206 -124 -41 -55 -243 -78 172 -3 -242 196 -227 235 118 156 -115 182 96 -193 -236 -167 27 -56 -74 -45 -46 -146 75 224 218 -182 35 41 -133 81 -7 25 -103 72 240 162 -191 125 -187 168 -203 127 85 129 68 -114 -1 -156 227 149 -17 216 -66 86 21 66 126 138 -210 -184 -69 210 -96 -200 134 60 34 215 -132 154 46 -204 193 131 59 -158 53 -92 0 142 159 -239 165 95 120 -43 -214 -27 139 230 37 -5 109 -147 -33 170 80 -63
TEST 113 ARG:-82 166 41 -241 -162 -161 82 -58 -14 174 -221 205 -172 -89 18 222 233 96 -227 -53 -149 -194 132 168 137 187 -229 -46 184 -39 22 120 232 128 34 158 -228 160 -180 19 2 -237 209 43 -141 167 -231 -220 114 224 -81 122 -76 98 47 110 -146 119 102 159 -185 -107 211 -24 -223 229 -195 -17 -86 127 -139 -5 -87 -19 196 -121 -100 -191 -74 207 178 -96 -61 -219 -244 20 -224 -25 227 135 236 -216 179 -178 131 245 71 161 -67 4 -10 -105 -183 37 154 248 49 95 -70 103 -68 -69 138 30 193 -167 -176 64 -12 -60 70 -113 -189 116 -131 54 194 -41 237 -88 74 -134 8 -163 -98 -2 -103 -54 -159 -198 219 -50 108 -165 141 -57 -209 -207 83 -205 55 80 -32 10 -168 163 -7 -27 -117 -84 33 -214 62 -119 -147 -217 238 11 -135 -188 -1 -125 -218 216 1 -200 16 -108 144 73 -51 100 223 -29 -208 -8 -63 -110 -38 109 172 67 185 -109 191 -174 -154 -213 -186 217 112 -45 42 130 56 72 88 28 -153 -226 -73 6 -11 94 45 -158 59 -48 -148 -90 180 -33 -127 -94 -16 -75 -248 169 111 241 35 189 -166 -203 -44 12 -242 -34 27 57 -170 -120 -66 226 153 -37 92 202 208 -111 -106 228 -239 -77 5 -181 -21 -72 235 -122 -192 -47 115 -173 134 198 155 -204 -137 -160 164 213 -233 -171 29 230 76 106 -197 -59 139 129 -52 -31 244 156 -152 -175 186 -83 -230 85 148 79 243 -140 215 199 195 246 -155 24 171 -55 -245 -236 78 -132 -23 -35 32 -3 -143 -145 -190 -250 25 218 84 -247 -91 117 -243 -193 142 -65 -114 52 170 204 77 -179 21 123 -20 225 -22 36 133 -177 -118 -136 -36 240 181 -4 0 89 -93 -124 53 188 -246 51 -201 -182 23 66 173 -138 -13 -101 206 136 -202 90 239 234 -240 -42 17 39 -116 26 14 -211 -71 249 -164 190 -99 50 220 -225 99 15 13 125 -151 9 87 -18 60 -15 210 97 48 -129 -30 -56 107 -92 91 -80 197 -215 58 -142 -126 203 63 145 -6 -123 -40 -234 182 201 93 126 242 61 104 -156 -97 212 -210 113 44 -85 200 152 -222 7 68 -128 -130 -112 -206 -187 151 -235 231 247 31 150 -169 -249 147 124 -196 176 -26 -115 121 -238 -79 140 162 221 157 165 -157 -199 175 146 -102 105 -184 177 -28 81 -212 -9 65 75 101 -133 46 -144 -104 69 -150 -78 -62 149 143 86 38 192 -95 118 -64 -232 40 3 183 214 -43 -49
TEST 114 ARG:-167 -83 -174 60 47 -151 235 18 -206 87 3 -155 164 62 -116 -171 -54 237 -121 245 -60 -248 71 -88 -70 124 -232 198 -160 -40 219 -181 110 114 -84 -122 -19 31 -95 -144 -183 181 73 221 174 139 -128 -17 -130 -224 135 -241 -76 -98 10 -29 -199 -61 5 -195 -104 -189 -217 -75 118 8 -228 204 -14 -157 184 -37 96 112 -34 -10 -81 223 195 -192 -226 131 79 -32 55 161 101 86 0 146 115 246 -68 -177 -233 121 -56 -242 -21 -69 -194 68 -243 27 49 -198 -96 -180 182 120 -52 209 64 -44 48 -8 228 -41 -25 -210 129 156 -109 -65 -159 -119 -77 -113 67 243 -47 -161 169 -62 104 -169 -31 57 -207 -13 58 -136 4 205 -246 -39 -58 231 138 12 244 82 84 -191 -135 -214 201 63 247 210 -101 89 80 125 -215 -49 -120 225 207 103 -86 -43 143 126 -73 -117 1 119 30 -100 -11 206 -15 -12 217 -201 192 -146 36 224 -235 38 -163 65 -82 105 -186 -28 76 -3 190 185 236 172 -188 -219 -221 117 179 -223 -149 -46 39 -36 177 -147 92 -133 -89 -166 46 142 162 7 -175 50 -92 -50 77 226 -218 -123 91 -51 35 -78 -178 -227 145 -127 -106 -229 128 -71 -115 248 133 -143 28 168 -118 -72 -99 -129 61 20 130 215 85 140 141 -23 -27 -2 122 171 -196 -35 233 -91 123 188 154 2 -55 -211 95 -87 220 160 66 81 147 176 -48 88 239 29 -234 -156 43 -132 -200 113 137 -208 -212 -152 218 11 -205 -33 163 -184 -168 111 -45 -249 -225 -126 216 -170 -6 -173 -244 72 150 -111 199 -139 -153 151 -63 21 249 53 32 -131 25 -162 193 107 -57 34 232 17 109 13 94 -213 159 240 227 -30 -204 51 -222 -16 -90 230 202 158 97 170 52 26 132 44 238 214 189 -154 -209 37 167 -193 33 14 -203 -237 -97 69 203 -165 108 -145 134 -134 22 93 197 -114 -164 70 42 -67 -79 196 178 -59 -26 15 90 208 186 54 -80 166 175 -182 -74 180 19 -231 100 -124 -1 149 -158 -148 212 -94 153 -138 -140 241 -239 222 23 -125 40 16 -108 24 -236 -190 -18 -4 155 74 -238 -247 211 -93 45 157 -179 99 -20 -5 -85 6 -105 -110 -197 -24 -240 213 -185 -245 152 -64 -9 148 -107 -250 -112 242 83 -202 75 -66 -22 9 -172 165 -220 -230 116 102 191 136 -187 -142 106 144 78 187 59 -216 183 200 229 56 234 -53 127 -102 -150 -42 -38 -7 -137 98 194 173 -176 -141 41 -103
TEST 115 ARG:-198 -13 -49 176 -191 -143 242 -240 26 -213 -247 173 60 90 31 -201 145 220 168 -219 -223 -249 -131 -179 -180 65 -238 -61 55 213 58 -233 -166 166 200 75 -83 -156 -170 28 -121 109 171 218 -190 -115 41 -123 77 102 138 -31 -124 -23 -21 158 139 70 86 17 -63 -41 -203 20 81 -216 -110 177 193 210 11 114 -162 -173 -24 -113 -90 -220 223 -95 -148 72 -120 153 226 -111 -144 32 -122 -12 246 -54 -57 122 -112 199 35 40 -145 -133 149 -234 212 214 234 201 -25 143 -72 -181 -79 -157 67 -183 111 241 -45 -28 249 27 231 56 209 118 125 6 -80 7 217 -43 74 -22 83 -8 -109 69 88 104 -82 113 170 96 224 -70 -128 9 -205 82 1 191 -98 97 -118 45 169 179 130 -52 -172 -129 52 205 -74 127 -16 -73 42 50 2 -15 -30 219 -224 -204 121 148 34 -48 239 147 157 -248 36 -132 -44 91 -165 -184 222 -84 -187 128 215 -151 61 64 -126 180 -67 89 162 189 -119 100 233 186 203 -19 -27 112 -141 59 117 238 103 22 -164 245 -137 -171 124 19 -99 134 -9 -105 -60 137 -226 25 13 -210 -87 -174 195 -193 243 -56 -17 141 -242 232 247 -138 -232 119 110 -96 44 48 -108 -228 208 -206 181 -177 -208 3 132 204 -59 -11 23 92 -140 135 99 -46 -37 -66 -117 16 -155 -244 -86 -231 -102 -71 -94 43 -91 206 66 202 188 -58 229 -212 -217 225 116 -7 -88 85 -50 -1 126 190 -229 151 -134 -40 187 71 -14 -202 -163 93 -10 -250 -214 198 196 -245 163 230 235 33 -55 -150 39 8 183 -36 -142 160 -130 159 -176 133 115 -135 120 -104 216 -160 -29 140 79 207 -235 -222 101 -186 -225 155 4 -62 -147 211 -185 -53 -114 -194 167 -221 -127 -69 184 -32 -239 123 192 105 5 -246 -47 -153 -243 -218 129 -149 -188 -227 10 -192 -6 -116 -207 -75 -230 -146 106 152 47 228 -161 -139 185 78 95 -38 164 108 131 -103 -85 51 194 175 -175 -215 -65 87 -189 172 -20 37 -35 136 -236 -42 62 -241 30 -211 236 29 80 -154 221 -237 -182 -4 -93 142 14 144 -39 -169 -196 174 -76 244 84 53 -2 154 46 150 -107 -197 49 57 -178 -51 -3 -125 -101 -152 178 -68 -77 15 156 -195 24 -81 38 94 -64 -89 146 197 -199 161 -167 237 -159 54 98 182 -158 -92 107 -5 -34 -78 -200 -18 73 -106 -168 240 248 -100 76 12 -136 68 227 165 0 63 -97 18 -33 -209 21 -26
TEST 116 ARG:-18 149 -195 35 -100 223 201 214 -63 -215 -77 -90 238 -222 -66 97 142 156 -226 -81 202 -144 -243 -105 74 125 111 -159 41 -152 -188 66 166 -11 -21 -207 185 119 -167 -28 -131 -86 2 190 213 76 47 -138 7 158 91 85 -214 37 -150 107 124 -8 -203 -175 -187 143 -213 232 0 22 -227 102 -156 79 222 -119 -36 138 -198 19 43 30 -87 17 199 -124 177 63 12 167 83 -143 -192 -133 230 69 -84 -127 -239 -154 -29 -164 120 92 -26 131 192 -212 -95 241 1 226 184 161 -16 -134 -219 -91 204 -96 133 -76 246 235 -221 -128 -94 -74 53 -113 147 -82 -229 -126 164 -149 -123 -181 -53 196 -78 -51 71 159 38 145 -58 -155 -170 -240 59 -23 108 -237 -98 42 21 -14 -34 86 121 122 -220 58 -196 -49 -211 89 -194 -116 -5 -217 112 -191 -224 -228 136 135 -234 95 -108 240 94 -10 -6 32 -70 153 -248 -20 -64 -247 67 81 216 65 93 -249 55 100 -117 116 215 -92 -52 231 36 181 -54 115 178 -197 -35 -244 106 -231 175 173 -174 -55 -151 -125 -141 -230 -190 -79 -1 80 52 183 -69 -56 132 26 -148 14 -121 105 150 242 -85 75 -135 -30 31 103 210 221 151 45 207 -13 84 117 224 188 77 87 4 -2 -250 171 44 -199 237 98 -179 15 25 -165 -158 -200 -3 -19 -68 -210 141 -97 -12 247 6 -102 187 -205 -132 134 -245 194 -110 -39 -61 62 -157 50 -72 -80 -111 129 137 -104 -173 -218 -162 -235 123 243 -241 148 146 -32 -15 -177 -182 186 -57 155 -225 11 -33 114 -40 8 -103 127 -43 144 96 -65 249 189 -25 -153 140 236 208 -59 -216 54 191 -115 61 24 152 169 -44 -122 -236 -145 28 23 -186 -168 200 27 57 180 82 -118 118 -139 195 -112 -45 -106 5 -169 -31 -107 234 218 212 154 40 -47 220 46 163 -27 179 16 -184 3 101 -160 -46 -9 9 -22 197 -223 68 170 -4 -204 205 130 -232 29 -109 219 73 168 245 -136 -142 -17 -41 78 227 -185 33 -183 -176 60 182 104 174 128 64 139 -233 -38 -93 -50 110 -242 -89 -209 206 248 -114 48 -166 239 -193 70 229 -206 -73 113 165 -7 157 -120 -246 -171 99 225 -48 -99 56 49 -71 -163 -201 172 13 198 -42 34 -140 -83 -62 72 244 -178 -172 -137 217 176 -101 -146 -37 -189 -24 20 18 -238 160 -180 -202 -88 10 228 126 203 193 -130 162 88 209 233 109 -208 90 -129 211 -67 51 -161 39 -147 -75 -60
TEST 117 ARG:-126 -10 166 -235 -190 157 -178 67 -84 12 -5 -53 -34 80 145 86 10 102 -229 114 -33 156 196 239 213 40 87 -224 -101 -91 115 -197 -233 -74 -82 -17 65 -83 98 112 216 13 5 21 35 -94 26 120 204 -81 128 23 -24 162 -104 -173 -148 -136 9 224 -249 -211 143 226 -162 -142 33 -168 -214 -146 -6 -159 -182 15 188 -226 -147 -2 34 79 205 -130 -221 -188 91 -132 43 0 139 -123 233 -163 -222 -156 -75 -119 -60 70 -19 62 141 206 184 111 140 -202 -216 110 85 -174 58 -45 186 25 -220 176 -36 -200 232 -93 -44 -87 182 207 -77 -103 11 -38 -239 -86 208 125 -76 152 132 -73 -52 42 -46 -85 82 51 38 2 -186 -89 248 187 -121 -217 90 -124 -196 105 -66 -198 -133 135 -99 241 148 -246 -223 96 -180 -25 177 -179 39 -72 -108 127 -3 117 -167 3 -166 -96 61 230 231 164 -234 63 -4 30 144 106 94 71 -176 -184 118 151 -191 69 -177 195 133 142 229 74 -106 240 -228 20 -230 -241 -127 -170 17 -116 -11 44 32 -58 -59 55 -134 -68 -189 -7 -21 88 -215 -120 -201 -39 -206 -145 -250 -98 -128 247 -30 22 197 -141 -13 -12 -247 172 104 6 -110 185 174 -231 -245 244 -111 -139 165 -212 -62 -26 -54 150 160 170 222 -31 193 180 220 200 221 60 -56 8 -14 68 -153 -80 -242 48 -51 159 76 -175 89 -157 45 -105 -152 -138 -97 100 113 189 178 153 47 -92 109 243 201 46 -129 168 108 -248 -185 249 -203 16 -169 -208 -210 28 -107 -195 -67 -160 228 -209 149 146 -181 237 -243 215 1 -149 -240 18 -204 81 -122 50 -100 -165 219 -23 199 223 -102 -8 -155 57 -22 4 -199 -79 24 119 -171 171 36 52 203 161 56 -164 -48 -236 -20 169 -135 -32 -150 126 -63 -193 -205 -40 -112 -114 -140 -95 167 107 181 -9 14 212 116 -187 -1 124 -244 210 97 173 131 72 191 147 -15 -232 27 -194 -55 77 83 194 -65 -88 -50 -115 -35 -227 155 154 238 -143 235 -27 -41 134 78 190 -151 163 179 -218 -71 121 -16 -225 -113 137 -18 37 -118 -61 -154 -42 -137 -144 -70 31 -125 227 158 64 -161 123 -207 75 -64 242 217 103 -37 -183 -238 54 7 -192 192 59 -219 234 19 -158 183 -213 95 -43 246 -109 136 202 236 99 211 84 245 138 53 -47 198 -28 129 29 66 130 49 -237 122 214 73 -29 101 -90 41 175 -57 -49 -69 218 -131 93 209 -172 225 92 -78 -117
TEST 118 ARG:158 -68 70 -108 -244 -168 85 186 110 68 157 -95 49 -229 -199 114 -110 -211 20 187 -227 -156 -167 131 240 -225 122 160 163 41 195 67 -43 167 202 -64 146 17 -50 227 -24 189 -81 74 185 -213 -139 90 61 84 154 105 -159 217 -23 171 43 232 50 162 204 -102 -146 140 -140 -85 -181 -59 -107 247 -109 28 -182 -212 32 235 1 -184 124 -122 225 118 -157 -197 2 80 97 -188 -192 -219 205 -61 238 -49 -11 86 191 144 -186 -191 170 -15 -228 -44 -5 69 183 -136 88 38 18 -176 45 66 79 -215 -103 220 -214 -118 -26 218 242 -28 -47 219 233 -112 103 201 -171 -170 193 33 19 203 107 64 -164 135 -51 120 123 126 -125 -205 -222 -204 -27 -172 -248 91 52 -138 78 71 165 192 -161 -177 164 -226 -32 -65 -236 -35 -78 136 -12 89 156 243 134 -92 24 166 54 -54 212 -207 -195 -220 -131 3 239 -193 -71 -115 -37 -148 -93 230 94 -123 -106 -1 -8 -130 60 42 29 13 76 51 -162 117 222 95 -137 129 248 11 -175 -151 -57 -134 75 -6 21 237 10 -166 -180 221 216 26 -20 30 -4 -21 231 57 9 -16 152 125 127 151 5 -117 169 -69 58 194 244 -165 -124 200 249 229 115 63 -113 -19 -34 -87 -74 39 -58 -3 -234 119 48 -120 -129 188 53 -144 23 -149 -237 -183 209 208 -126 -41 190 128 -63 -114 206 -100 207 -245 77 -36 210 6 -111 4 145 -132 -94 -174 -202 -105 -243 108 -31 -163 55 -218 -173 181 -155 44 -179 211 46 176 100 -128 180 -201 -97 112 -135 72 -84 -98 -231 139 -203 27 62 25 37 -221 102 81 -143 -242 47 -88 113 35 142 -194 -147 -200 96 -56 -224 -154 87 8 -233 -189 223 73 -210 -30 175 56 143 -196 -77 -247 245 -2 12 199 -9 -235 92 -246 -79 -89 -250 141 137 -99 -158 104 234 -86 106 -48 -82 246 36 196 7 177 -160 -42 31 -133 -10 65 241 59 16 -178 182 -121 -17 -80 -14 197 -60 -239 -153 -187 213 -198 -76 22 -232 -223 -46 215 -66 -13 -53 -101 -25 130 184 -150 109 82 150 -190 -142 173 -169 -75 148 -206 147 0 -22 -72 -230 14 101 236 159 121 -39 -62 -208 198 -238 132 174 -40 -249 -90 -83 168 -55 226 179 40 -216 -38 -67 -29 98 34 116 -185 -18 -209 -127 99 111 15 -70 133 149 -241 224 172 -104 153 214 -119 -145 -45 -73 -96 83 228 161 -33 178 155 -217 138 -91 -141 -116 -52 -152 -240 93 -7
TEST 119 ARG:11 99 -231 -99 136 -247 166 -106 -179 -109 4 117 -150 -2 -3 -19 -242 -1 -31 -195 159 77 -209 164 -233 -38 142 111 22 67 181 -249 -201 206 -117 127 191 94 -107 236 200 -189 157 8 244 121 144 83 -216 52 -17 9 245 -27 -90 -60 -30 -228 -232 247 -63 25 205 149 187 -186 -53 -145 59 152 -71 129 -152 198 140 48 153 -81 -192 5 -220 98 -143 -153 29 -173 228 -97 70 -4 237 96 -156 -12 118 -170 -217 -206 66 -212 65 6 115 3 211 -7 -184 204 -77 47 -83 -11 146 160 148 55 -238 14 100 215 -128 26 -174 -245 -66 -219 60 -62 -144 196 -59 239 87 21 226 -237 -69 -198 240 36 -130 -22 218 145 169 130 -234 -119 -56 131 242 -125 -178 -129 103 69 -74 -148 171 199 1 32 183 -149 -21 -203 -132 219 -93 -223 176 -104 123 -172 -155 -202 -55 -8 -207 -114 43 133 233 86 138 -41 88 -73 134 -15 -147 230 180 -161 -166 173 182 -67 62 223 -92 -168 -230 -141 -95 189 2 -193 12 76 -18 227 80 -215 -64 -37 92 -94 201 7 209 13 185 109 51 -243 -185 197 74 -116 30 249 63 -9 124 137 190 -110 -200 -136 139 126 -246 -196 -197 172 150 56 116 -16 -65 -101 -121 -224 -158 -91 195 -96 132 248 203 -5 -111 -24 84 220 -50 221 -39 89 162 -244 120 16 -204 -34 174 135 -139 -154 202 184 57 -44 46 -48 177 10 -105 -218 -226 -45 -127 42 -58 -49 -167 -240 -100 224 188 -115 -80 -235 168 -205 -151 -180 20 234 -14 156 71 -86 -57 246 -239 207 151 -28 170 -112 241 -52 -70 113 -133 104 79 -51 -43 128 -175 -82 -241 -159 208 222 82 37 -177 175 -210 54 -229 -32 -183 -171 -134 225 -165 -113 -221 50 73 85 125 -176 -87 -236 -138 0 18 44 -42 19 -85 186 216 -47 141 -89 -140 78 53 213 -79 64 15 -88 -227 -84 -157 17 119 75 -131 154 -6 -20 -135 -188 -108 107 108 -118 -160 90 -182 33 105 212 106 -124 -78 -162 -25 -222 -26 49 161 -98 28 -248 27 45 238 214 61 -126 81 -208 -164 165 -76 -181 231 -213 167 -120 -33 143 210 -103 158 -190 179 -13 -61 122 91 163 -68 -191 -36 110 68 -187 -72 -194 102 23 -46 -123 93 -214 235 41 -137 -142 147 58 -54 97 192 35 155 -29 -225 34 -199 -75 -163 -250 193 -35 38 40 24 -10 194 243 39 229 178 -102 -40 -146 114 101 217 -122 232 31 95 -169 112 72 -211 -23
TEST 120 ARG:-78 -144 -115 -175 130 -155 -204 54 1 28 9 19 -198 249 97 -64 -52 -67 237 236 226 75 213 -217 189 -165 -136 -92 180 47 -14 -17 43 44 -15 -138 -75 -133 -28 118 158 -149 3 -153 -44 -37 182 70 -174 196 231 -220 -234 -79 102 30 -179 -93 -164 26 -114 45 -166 -169 -84 -1 217 29 -227 -223 32 -66 108 -47 109 -143 49 228 -101 152 -243 212 142 98 -173 -196 -45 80 -68 85 202 15 7 46 187 227 -16 81 229 -19 -142 164 -26 -74 -199 -118 -141 -39 -145 90 -104 147 104 -55 141 193 64 171 -32 -30 12 246 -108 -63 -191 36 -233 -7 138 156 -181 -20 63 199 244 -123 -21 51 -224 -116 2 -106 -98 198 -65 148 161 -231 143 -229 119 -209 160 -130 -163 -237 159 87 -57 50 -96 -94 -214 -249 -185 -69 211 -34 114 103 140 27 112 -41 -62 -87 162 -177 96 204 208 -12 194 -97 99 40 -125 -18 -160 191 69 79 107 -232 232 58 -135 -189 60 155 -194 84 -202 93 197 73 94 190 -10 -129 56 -242 -81 -127 -248 -246 209 123 -186 -61 -183 245 -25 128 74 24 21 41 -159 -42 -38 -54 33 167 242 -238 -99 31 -5 -43 -171 200 224 -105 106 -188 111 48 188 192 201 185 -230 210 -211 131 -9 -201 116 195 -91 243 34 22 -110 71 -4 240 -8 23 -225 -197 -100 175 -245 239 -157 235 121 -77 110 -172 177 149 241 8 -193 157 -2 181 55 -121 -190 145 16 127 238 168 76 -212 -126 -168 169 -59 218 -60 -51 37 135 -36 -90 -112 42 139 53 -107 216 -49 -151 -222 13 -203 -158 248 -215 68 -58 154 -206 -213 -221 207 174 186 220 -53 -22 -95 -219 -76 151 -176 -11 39 105 125 92 62 -161 153 132 6 124 163 203 -83 -13 230 14 219 133 -139 184 120 113 82 129 -48 -72 -71 -228 95 -170 -200 -80 -23 72 -178 -152 -140 -89 -154 222 -208 -117 -226 -239 136 -56 -124 -182 -146 -46 77 4 126 -109 78 -132 165 144 223 166 -119 -113 -88 66 -205 17 -247 225 -184 117 -236 -180 -29 -134 -85 -131 57 101 -162 -50 61 -156 -86 89 233 86 221 -82 0 -122 -24 -27 150 -70 205 -192 137 -40 -148 -244 215 -31 -128 -187 20 100 67 -33 -6 146 10 -235 -3 -35 178 214 -207 59 -216 25 173 -73 206 115 -150 -137 11 -111 -102 176 -250 35 -120 234 183 -218 -147 18 52 170 247 122 -210 -195 -241 38 5 65 -167 -103 134 83 179 91 88 172 -240
TEST 121 ARG:-101 -145 156 66 114 -61 151 -161 -199 42 -212 -36 -219 165 98 222 246 219 193 -10 -215 -178 -159 -95 88 96 -89 -241 -238 146 -202 7 131 89 -99 -194 -74 16 -114 83 173 181 -234 -226 -26 -169 -217 127 97 243 235 90 -3 -200 -175 -105 108 244 -46 241 6 -203 -111 224 -243 -83 -60 -94 -58 -40 203 -115 177 228 34 231 -90 221 -43 -18 116 -208 -246 202 -65 -129 38 -98 178 -142 -230 172 191 36 186 195 33 -77 27 -51 245 216 111 -71 -34 105 -134 -158 168 -21 -29 45 -127 -147 -166 -42 -122 -128 115 -136 -78 -176 -50 137 182 32 135 -81 188 -32 58 28 134 -209 25 10 213 -62 113 -7 -195 -218 109 -11 223 -84 -12 -85 19 79 -172 106 112 -56 194 82 72 -236 -186 -220 -120 -184 125 237 37 -174 -177 -235 44 81 48 -31 155 138 22 40 240 -37 129 166 73 227 4 -156 99 217 212 204 -17 75 -104 120 -59 197 -80 176 -198 -67 100 152 -205 91 -135 -6 -233 -25 167 -187 -240 107 -180 -148 -118 -250 80 -157 -33 -27 136 -204 232 15 220 -170 215 126 -133 124 -160 225 145 -22 30 -239 -183 170 139 161 9 -106 147 -9 -131 150 -196 50 148 -242 -193 -14 226 -237 211 -19 141 -8 -39 -245 210 -1 31 -223 -48 -24 121 157 230 133 5 206 159 -227 163 -231 62 59 -73 -88 61 -124 128 92 -149 -45 -141 -117 -132 87 -49 104 -23 160 23 103 153 -75 -190 47 14 95 55 -38 162 -69 3 -91 49 -244 175 -153 158 142 -55 190 -144 -13 86 123 84 -82 -152 43 118 184 122 239 69 76 144 77 -103 110 -211 214 -188 -92 -66 234 209 51 60 -125 -123 -68 -44 183 101 -151 249 -192 -247 17 192 -2 -76 -197 205 -164 -47 -41 0 64 -225 20 130 140 -207 208 -112 -162 85 171 57 67 247 46 200 -4 -72 29 70 71 -63 185 -143 93 198 -214 -181 174 117 199 -228 -224 13 78 143 -108 -79 229 -191 -119 -173 207 24 74 -155 -97 -182 189 179 -163 56 -138 -140 -113 -100 -16 218 -167 -201 39 -168 54 -57 35 248 -110 -15 -179 53 -232 102 -20 164 -185 169 -139 -154 -70 -52 -28 -206 -216 -165 -54 180 12 -150 -248 -102 -213 26 68 -87 -86 -130 236 65 1 201 -189 -116 242 -93 -249 -5 8 -229 -121 233 52 18 132 -171 -107 149 94 -137 -146 11 2 -222 187 154 196 -126 -210 -96 -30 -35 21 -109 -53 63 238 -64 -221 119 41
TEST 122 ARG:-116 1 135 -61 -62 -169 -135 195 -155 63 65 190 -138 56 161 84 -21 -99 2 -16 -81 47 -23 204 -32 -178 -240 -185 -9 -58 124 7 184 248 9 -192 171 189 -202 67 -153 -118 -97 154 76 -183 -35 -15 41 -198 91 152 -96 126 64 207 23 -231 59 -133 140 -174 132 20 205 101 219 -49 92 122 -29 68 -69 147 -27 55 -91 14 -149 -175 99 -50 -37 -189 12 -36 50 206 -222 -63 79 57 237 45 17 -206 121 231 137 -173 93 -107 144 145 81 -127 -54 32 -102 -144 243 -238 169 -214 -111 228 74 -146 185 95 -46 22 170 -216 -94 -167 -77 179 213 15 160 -221 -131 -112 -24 193 -230 125 -103 -78 -86 182 87 166 31 200 -13 44 -242 -128 110 -163 -2 186 -71 -76 -113 187 -30 -245 173 -3 -250 240 -170 -218 118 249 197 6 -100 -241 78 -194 -123 165 61 199 11 104 58 -191 128 24 181 116 28 27 -201 21 -90 -204 -39 113 -215 -168 180 215 62 230 -219 119 48 -88 139 176 -72 212 34 210 -193 -8 -207 -19 238 -60 -209 220 -110 247 -75 163 -48 218 115 227 111 174 -59 97 -159 232 226 -220 39 -126 -140 -93 -14 -66 -120 -125 198 0 117 202 -92 71 138 -132 -237 131 -188 54 183 -148 -142 221 151 188 -38 -164 72 -25 158 -6 134 19 -129 -157 192 43 82 -225 129 -246 -83 -184 5 -187 162 245 -239 -234 209 114 -101 38 -65 155 120 -229 -117 108 133 201 102 -31 156 13 -176 244 -248 -87 -18 -147 53 175 -45 -105 159 -33 -151 216 -80 229 -64 -119 -57 -4 -186 -124 194 4 29 109 -34 -243 -196 -208 -145 106 -134 148 -160 -7 -228 -108 -156 -136 214 -233 -172 70 -180 224 -199 96 -211 236 157 141 60 223 -217 -53 -212 -10 112 -5 -114 123 77 -51 -162 -197 49 -106 16 130 222 -143 234 73 -203 -226 -73 37 -89 -40 203 -55 25 -190 100 -95 46 8 241 80 -41 -171 -141 196 51 10 149 150 235 -104 -74 242 168 -181 239 -115 -247 18 -56 246 211 -11 -236 -52 -47 -224 -22 -42 146 -210 -1 -70 -179 -26 143 42 153 -195 136 -182 52 33 -205 98 35 191 233 -130 -249 178 -166 142 -161 -139 -121 -137 -200 -84 -154 -223 75 -67 -165 90 217 105 30 -227 94 -244 3 -152 -158 -213 88 -68 -82 69 -43 -79 107 83 -12 -109 89 164 36 -235 26 -17 86 172 -44 -177 -20 85 -98 66 167 -85 177 -122 208 225 103 127 40 -150 -232 -28
TEST 123 ARG:15 -195 211 180 115 152 106 -230 -78 -208 -176 -19 240 -125 212 192 -143 163 -234 5 -233 37 -229 -51 169 162 38 -193 -204 -21 249 236 -114 -155 -92 -29 126 189 -206 4 182 190 143 -53 218 187 135 3 102 233 -209 26 6 -3 -117 -138 -133 117 186 -59 -83 -185 21 66 156 172 -16 -31 -72 53 51 9 -91 -36 171 -164 65 1 205 -45 194 193 45 -32 -30 -212 -110 61 -202 74 -248 -180 229 -100 23 -77 50 97 -43 -10 -226 -76 -62 -104 94 -39 153 -107 -200 -172 14 -166 -111 -129 138 -73 -17 216 -64 -85 -122 57 151 31 -158 -238 -179 -214 -177 -13 232 13 -121 72 -197 -98 56 157 -97 185 -65 239 145 -74 -236 -128 196 -113 -134 64 199 -96 245 -40 -227 -173 -175 22 170 -115 -48 -167 242 235 -108 -55 -245 100 -69 -101 -87 248 176 95 42 -154 -41 165 -178 83 215 -244 -239 201 133 -2 132 27 -44 -90 -123 -203 59 -7 -9 230 -192 147 85 -93 -136 -124 -243 155 139 -250 206 -181 35 -68 -182 -35 -232 -58 -223 -126 213 10 -8 58 225 234 188 -11 228 91 -187 202 86 20 184 12 -120 82 17 161 127 -228 -42 150 111 -198 121 198 195 129 203 116 -157 -210 177 68 144 -188 246 -149 -147 -103 -160 -18 70 204 -191 28 183 -52 -5 -235 -102 -89 -70 7 80 -237 141 179 87 167 118 49 62 209 -246 -84 109 104 174 -217 -109 -199 -174 178 226 164 -24 124 90 -105 -23 52 -170 -106 -22 24 -75 122 25 -211 -99 -196 -63 -130 -112 -137 237 -140 238 16 39 76 -60 -168 -61 69 -184 -141 131 71 -127 219 -86 134 78 -88 158 -241 -54 114 -95 60 63 207 -183 98 125 101 168 -25 -139 119 41 48 -145 81 214 79 -213 -66 208 33 36 44 55 120 -80 148 2 -144 8 18 -162 84 54 -47 0 123 29 140 -218 175 -225 191 43 -222 -220 -49 -159 -132 -20 19 223 -4 241 -94 231 159 137 -33 105 136 -151 93 88 -6 67 224 -34 -189 220 -131 103 -156 221 154 -161 -56 -207 -215 -165 -79 40 -46 -205 -37 -240 -247 73 -163 -224 -231 243 -186 244 -15 -81 -216 113 92 -194 -169 99 30 130 -12 -242 -116 -27 107 -28 146 -146 128 -118 -148 34 -135 149 -142 11 142 247 227 -119 108 160 96 210 173 -201 -152 181 -171 77 -67 -219 217 -150 -249 -57 -14 166 112 32 -153 -50 -1 -38 -82 200 110 75 197 47 -71 89 -26 -190 -221 222 46
TEST 124 ARG:187 -49 7 243 -150 -24 -131 140 234 201 199 33 211 -196 -151 -71 132 29 125 -28 -60 69 -51 191 222 117 -185 -100 91 204 -77 41 47 -87 -143 -1 -88 -224 61 -207 214 159 -58 44 137 -238 -175 219 73 -215 -129 -31 108 -187 -174 -234 112 138 -57 80 -133 56 -210 175 -81 -110 -144 186 160 84 215 42 -70 52 -149 22 126 -29 -194 -243 -247 1 220 104 -180 -66 178 -229 146 -142 -52 -6 168 188 118 -94 131 98 58 119 -103 -97 -170 -197 -145 -92 -22 -188 113 -160 -18 74 -132 101 -96 -208 -250 -34 24 172 -85 -109 247 134 114 13 -74 -248 -159 110 129 -90 192 15 218 -135 197 177 229 53 167 72 233 23 -78 147 -114 -33 -113 164 -219 -4 -244 57 170 -223 -228 -75 -42 -213 76 5 -236 94 -50 -25 -26 123 66 -192 246 36 -127 2 -16 180 -193 -199 -169 83 68 128 -3 -115 -47 -141 63 25 -21 -123 0 156 -62 -206 35 -68 85 77 -181 -45 -230 -195 11 -102 -12 190 166 206 -173 -209 210 20 -10 -162 -37 70 -122 99 37 225 136 -201 -240 14 50 -225 48 169 163 198 212 -55 -211 217 -202 -2 -198 141 -161 209 -249 161 75 -130 28 144 89 236 -218 -184 -7 -134 -232 109 -136 12 -241 139 62 -8 10 26 189 248 -157 -72 -35 95 111 194 171 -20 -200 -59 -104 -82 -163 -203 17 -107 -126 105 162 96 19 230 -204 130 226 65 103 45 -167 142 -15 -27 -125 151 -137 157 -139 -128 213 223 -48 -38 34 195 87 21 150 88 122 143 -242 -152 149 -23 -147 -105 55 -5 102 27 127 -246 93 -108 176 239 -32 -54 59 71 228 203 116 -93 -76 106 -40 237 196 -226 -119 -9 193 -148 -56 133 -186 145 -19 32 232 179 38 31 -178 241 181 -189 -116 -140 -153 -99 240 82 18 208 205 51 227 100 -65 -80 242 -235 -63 -69 120 -112 46 -177 107 158 173 -46 216 60 152 221 153 124 -118 -222 -154 -30 -176 -13 -168 -86 184 -212 -67 -172 30 -84 -158 9 -191 92 -183 245 -11 -120 97 -73 -61 67 -182 -39 -124 -117 39 -41 64 43 -171 -164 49 -83 -14 -231 8 200 148 6 -214 -179 207 -217 -111 -216 185 202 86 -36 -221 165 238 182 -138 -239 -53 -121 78 81 249 244 -95 16 3 40 54 -155 -146 224 231 -89 90 -64 -220 -43 -91 -190 -245 135 -156 -101 174 -233 -165 154 115 -205 183 -79 -98 155 79 121 -106 235 -44 -227 -237 -166 4 -17
TEST 125 ARG:-244 249 -226 94 -121 39 50 27 -43 -162 148 204 -92 -137 -2 -96 45 -241 -20 -173 170 0 53 -190 -236 -30 240 -41 126 -89 96 89 -138 64 106 178 90 225 122 91 -213 -74 -48 -209 -152 -185 -39 114 -165 143 -60 236 17 203 -86 121 138 -184 67 109 -187 168 123 108 -62 -54 153 -100 -182 -24 -148 -228 95 -44 -200 -18 149 -6 55 -218 -157 111 224 87 85 -63 235 -203 -91 -76 191 21 -197 44 144 31 -243 -196 -201 52 -35 35 -216 20 -104 162 -250 -83 62 100 222 -55 -235 25 152 -224 -117 192 177 -130 -206 -75 -214 -154 186 -208 -161 102 -73 -32 72 81 -191 125 131 199 165 -215 209 181 172 176 -8 146 57 -231 139 -46 -47 206 -143 10 -141 56 -144 159 221 -139 83 43 -237 -33 116 239 -109 -36 -110 -140 -166 160 201 223 -246 -229 -3 26 42 93 142 104 -183 -13 37 -133 -103 -222 -120 11 -188 158 15 -61 -56 24 218 244 -111 -233 -45 119 161 -211 219 234 -195 -129 147 13 -205 -116 -26 82 98 -159 166 -163 135 30 -242 -12 173 -150 -145 -178 117 157 -245 -193 175 -90 -225 164 76 -106 -167 -158 -168 74 -81 238 -80 -42 179 -239 -27 -10 180 193 -107 -171 -66 -78 -59 137 -9 41 97 49 -88 150 -113 -194 -179 -38 -67 -82 46 84 101 233 212 92 -170 220 -155 -23 -223 -240 3 -126 190 -132 171 182 213 -70 118 73 -77 -219 78 -49 -114 -21 185 -221 99 6 63 231 200 140 -177 217 22 195 169 115 -153 -217 -125 -79 -186 241 216 154 155 -198 -189 51 -69 194 -97 184 12 226 -230 -52 19 66 103 -34 230 -204 -180 59 110 -53 80 188 61 -84 -192 -64 16 -22 -207 -134 -7 113 -102 -68 243 -151 232 -51 -248 36 -247 -94 -16 18 -14 48 -71 -128 -127 8 -169 -147 -174 2 -175 174 245 -238 -85 32 -40 -29 132 145 -149 -142 208 68 156 196 -199 247 124 130 -50 141 -28 107 127 -57 105 -123 -146 -99 40 -17 -136 163 -25 -249 -31 -101 -58 -212 34 54 -234 77 65 -210 69 -72 129 47 -122 229 198 9 14 -19 -227 -37 214 133 205 112 -156 215 211 -119 -95 134 -220 1 -1 227 -115 75 88 38 248 -108 79 58 -65 -112 -160 -118 -15 7 187 60 151 242 -87 -98 -4 237 23 70 71 -135 246 -124 -176 -202 183 120 -172 28 136 -93 197 4 -11 86 -5 207 -232 228 210 167 -105 202 -164 189 29 -181 -131 33 128 5
TEST 126 ARG:203 -46 161 144 190 187 231 -199 237 -4 -106 7 -21 -131 -133 -45 -139 87 -226 19 124 74 240 137 68 -48 -238 -158 -129 -179 -74 157 212 -216 104 -22 -215 -105 75 136 -185 226 -170 -211 -176 -220 -222 64 172 -28 8 -243 -17 168 162 -241 -174 -49 -90 -203 170 -59 228 47 -114 -250 12 86 249 192 -127 -38 132 176 -27 108 44 -164 -240 -57 -122 21 -85 -117 -44 -126 -177 53 89 -80 166 -99 -25 -61 186 -184 -53 238 -73 81 96 -136 247 200 -183 227 -187 -91 -42 -7 79 -79 46 178 -52 -194 -67 199 191 -193 -11 245 -10 -72 -66 139 163 222 67 118 -36 102 32 39 -157 73 76 -87 196 131 -186 -244 101 28 -1 103 160 -210 20 -225 98 -132 54 -128 52 85 -94 2 -237 107 6 122 201 99 -162 -111 -26 -29 -121 18 173 -196 -182 125 239 11 22 -62 -155 33 234 -104 -5 58 -181 -138 216 235 205 94 -217 -173 198 -234 -145 -171 111 -23 206 -221 56 -248 149 -204 -101 167 -109 181 -19 114 214 -143 -124 -30 -205 244 0 209 91 -152 57 62 133 -180 -167 -60 31 -197 -223 -229 -115 220 177 -192 -228 95 -14 197 -200 164 92 -102 171 151 185 225 42 -31 35 71 4 61 229 -224 -202 -148 -64 -83 243 82 14 -47 210 -230 -189 -201 -232 -120 -190 184 -245 241 -218 158 215 -123 112 -207 15 -212 128 165 -135 246 -165 -249 121 -175 49 23 -149 150 -137 -118 -41 -188 -71 97 -68 218 135 113 43 -191 41 -172 242 -112 27 29 -110 -146 175 100 -206 83 207 -219 120 70 -13 72 -92 -89 -195 -144 -24 -34 -147 -239 -82 109 -140 -108 -168 -84 25 -93 77 -35 147 169 194 -51 -63 211 -134 127 -166 -43 -242 -119 232 155 -96 -103 -100 34 117 -153 142 138 189 -141 230 145 -18 1 188 -58 213 152 180 115 -159 80 -76 -116 45 50 -95 -9 -33 -81 182 -39 193 -2 110 -142 -8 -178 -227 236 -160 219 -12 -233 78 208 123 48 221 -130 106 141 90 -163 159 148 -32 -70 -247 -231 30 202 84 -214 3 248 119 -88 10 -198 51 -75 143 217 -86 60 -246 -161 -169 140 17 -78 -6 179 -209 65 69 146 -20 -56 156 -55 26 224 105 93 -54 -113 -98 63 129 233 -107 -97 59 204 134 66 -150 -213 223 153 -15 154 16 130 9 55 -16 5 -77 38 24 174 -50 -154 -235 -208 116 36 -37 13 -151 183 126 -69 -65 -40 40 -156 -125 88 -236 37 -3 195
TEST 127 ARG:141 226 82 172 -240 -233 0 -85 210 -106 183 -28 220 122 25 106 206 109 85 -93 -163 95 242 162 181 -31 186 -145 -90 -68 -11 -115 192 -135 -35 131 91 -73 171 32 -162 27 16 -102 -109 127 112 90 -26 -69 52 7 -199 -189 -81 73 191 207 -134 -152 84 21 201 49 -30 -218 102 -212 -91 66 -224 -239 100 98 -226 107 -71 238 -97 -169 225 -183 -104 247 -63 9 248 -14 -195 45 193 88 150 177 -142 155 158 -42 -231 145 178 -62 -108 -107 202 -64 -49 180 188 235 -191 111 232 -160 166 -113 -223 236 -190 167 -177 204 -132 -83 -99 38 -105 138 -32 243 39 -33 53 179 -16 -77 8 -186 142 -18 119 -78 -164 -79 -151 26 33 173 -155 214 6 41 123 86 175 190 222 182 -154 205 64 31 -180 -50 -44 -176 79 -242 -168 124 114 -196 212 -116 51 -37 -125 211 -203 5 -101 54 -25 -202 -82 29 168 -221 117 -187 -210 -178 217 135 -237 -174 -9 139 62 -72 224 44 -36 -238 -47 -248 -144 -235 -21 -38 -114 -222 -225 231 -184 -131 169 -4 -214 229 -241 103 -129 -43 208 72 230 -170 28 65 97 30 105 -246 34 195 -103 -80 -84 -23 2 152 213 11 101 -205 -143 -136 209 -53 -198 74 18 -139 -46 80 160 246 -228 -118 -45 36 12 -10 -58 -123 -55 -96 116 126 -153 -17 194 50 -213 161 23 -140 -159 203 19 37 -182 -138 -149 57 -207 -208 56 -201 215 -34 -220 59 -110 -128 -40 -236 -124 148 -89 -166 -227 17 -22 -2 245 47 58 -65 10 -127 -6 96 -88 77 164 154 -172 -39 -57 -126 -12 -51 176 4 67 78 -197 99 -111 -209 76 -100 -92 174 241 -148 -3 94 70 -188 -171 -245 189 130 244 -59 198 -112 69 134 13 -76 -229 24 -137 133 -60 140 -74 144 -119 20 -8 216 -121 153 60 -98 46 187 -204 129 75 42 -217 136 -1 -185 185 93 68 -250 -230 156 113 -167 -54 -161 -215 128 71 -19 -232 -24 -130 -13 40 -48 200 -67 -120 -173 83 -194 115 -27 -206 -147 -122 -94 132 159 218 184 233 137 -29 -179 -86 -20 -211 -157 -141 163 43 -117 -41 3 -70 -165 165 -133 48 -216 223 -61 197 -15 249 87 -244 -249 -87 239 89 35 151 63 221 -75 240 227 -192 14 149 -7 1 110 108 125 15 22 104 -158 -193 -52 -175 -200 237 228 -156 199 219 147 -234 -181 157 55 -243 61 81 170 234 143 92 121 -5 -66 -56 -219 -247 118 120 -150 146 196 -146 -95
TEST 128 ARG:146 -159 175 34 41 100 22 -48 -144 126 113 26 -30 -83 -45 -50 236 -195 105 224 197 -201 94 -95 -16 196 -190 244 -15 -65 47 -77 -205 -218 -28 152 35 -32 -114 -17 6 -196 -26 -239 -224 179 52 -176 -117 204 95 136 203 206 59 78 131 -90 -143 55 -222 180 -230 -106 -148 225 67 171 16 -134 1 91 44 31 -122 83 -248 -43 50 13 210 133 -23 -162 115 -225 71 249 155 -98 -138 79 -221 -52 60 -91 -192 -64 24 -141 85 -216 -152 -136 -191 -12 -231 -61 12 74 -128 -185 -94 -33 -37 -213 56 17 215 143 -145 -146 237 114 -36 14 -249 19 -243 -140 164 -72 0 -82 -76 18 -113 173 101 90 -189 -194 -223 -92 245 15 103 228 -215 -233 213 119 234 -183 135 247 42 11 -19 186 -171 -121 -247 -155 -35 -130 -153 -107 106 117 205 177 65 86 -47 -42 145 -59 -203 -167 227 77 -81 102 -210 125 141 -2 -74 -1 158 -93 221 8 -198 -44 160 123 -158 -217 -31 23 -27 207 132 137 -236 -226 168 214 -7 -170 161 -229 -244 208 246 189 104 76 84 -87 192 202 -8 188 -20 184 149 110 -242 139 183 -245 58 153 -110 46 111 217 -235 -207 -78 96 190 169 68 238 235 9 144 72 -193 218 -88 166 -177 4 -173 -166 182 241 222 230 -56 -111 -241 -118 243 -206 36 66 -24 -13 -135 54 -133 -156 -181 -127 -58 -182 5 -71 154 -209 -126 193 -163 -219 57 -39 -25 -169 30 -57 -232 -21 97 -202 -41 -34 200 -62 194 121 -119 -160 -151 -240 239 -104 176 -108 -164 -161 -4 62 32 163 138 198 -204 162 167 -5 -142 248 39 -150 88 -116 165 -238 33 151 81 -125 220 43 -68 172 -86 28 199 -9 -97 61 -99 216 -234 -175 -129 -214 -89 -18 21 219 -3 108 25 185 -84 -147 -55 231 116 -179 -157 226 -6 -40 -172 157 -75 29 -80 -165 -63 -66 -109 -73 -149 -14 93 -208 -237 112 232 159 -120 -70 10 20 -85 118 -197 -139 -103 48 40 63 134 -200 -188 -199 -137 191 140 212 -250 128 147 -100 73 170 -96 -79 -46 127 -53 7 38 -124 -11 92 -22 -174 87 -184 178 109 89 -186 209 130 124 98 242 181 64 69 -123 240 233 70 -49 201 27 -154 -105 51 129 211 99 -180 -102 187 -178 -212 122 -115 45 -101 120 -38 80 174 195 -51 150 53 -132 142 82 -246 -69 107 148 -131 -29 -67 223 -168 229 -60 156 37 -54 -228 -227 -220 -10 75 -187 -112 -211 49 2 3
TEST 129 ARG:40 -9 -220 188 77 210 20 -195 -243 -139 -20 -166 107 -45 82 214 -87 146 -151 111 -150 -68 -152 166 103 -154 207 25 29 154 -34 66 -13 96 6 149 -96 171 181 -167 -171 -54 -244 -76 -64 -223 138 209 -75 -137 183 125 193 139 124 61 -164 245 219 160 204 -215 -208 232 5 -28 -162 190 90 -185 157 135 79 117 -182 83 -209 -189 134 -190 87 -210 -108 13 228 -204 -27 30 84 235 182 -37 -124 9 27 230 109 116 -2 223 -72 -159 76 -205 -201 44 195 -221 -23 -156 -180 -194 -202 -42 170 140 169 -1 -235 197 141 238 -177 -172 78 -31 -86 121 92 215 -53 -141 -245 -57 -146 16 -105 -187 48 -71 112 -109 208 38 158 28 -203 -41 -168 -35 -211 -174 179 -147 -173 -5 222 -225 -118 201 -207 224 -184 -61 246 -136 26 155 -22 -67 -240 241 -33 43 100 11 46 98 -153 59 -134 220 -91 184 205 75 240 -160 74 189 -24 -122 180 -145 136 -130 57 -98 -186 -18 156 -38 -247 50 122 -79 227 62 176 114 -55 -111 -107 -115 -227 2 113 120 -226 194 132 186 -120 -51 85 86 -90 236 -93 173 73 216 -56 -119 22 58 -10 -238 53 -183 -196 108 70 119 -144 -192 37 -95 -77 -80 45 -12 65 -103 36 247 -104 88 -50 -163 -60 35 -175 -218 49 -237 187 118 51 -52 24 -197 102 -216 115 55 131 177 -212 -69 -3 -236 -241 -246 -46 178 -7 -65 -40 19 148 -128 -213 -158 249 217 -112 -248 72 -143 -97 142 39 91 10 -242 -179 -129 52 229 242 104 -4 -14 94 -94 185 -222 143 -228 123 7 213 -165 34 226 -26 -169 -127 71 -16 145 159 -133 -170 -25 202 244 105 -92 -224 81 192 -74 -58 -106 163 -101 80 -232 -70 12 -78 144 15 203 -121 237 -117 -82 -116 -214 41 128 -21 -11 130 199 -149 -131 -47 33 110 151 97 8 -200 -32 221 -229 32 152 69 -49 -17 -176 64 233 -239 -89 -100 -84 165 -142 -114 -230 -66 106 4 206 31 174 56 248 218 234 -191 -19 -30 68 99 212 150 -99 3 -138 -62 95 -148 17 -110 -219 129 1 126 -217 -132 -231 -161 239 -85 -188 -113 167 18 54 -206 101 -83 63 89 -59 175 -135 -126 200 -6 243 -36 -29 153 -178 -8 -39 -250 168 -48 14 231 -249 47 211 137 -234 -125 -155 225 21 164 60 -123 -81 133 161 198 127 -43 -198 147 -63 162 -157 -88 -181 196 -102 -199 172 93 -15 42 67 -44 -233 -140 -73 191 -193 0 23
TEST 130 ARG:-3 19 244 -77 -104 181 140 -19 206 136 232 208 192 -179 199 109 22 -195 -61 -49 159 216 -199 -183 -200 228 -189 -70 7 -83 -158 92 -91 -225 -246 -4 153 -22 -139 -157 -191 126 146 58 63 220 110 9 124 -188 -55 -107 -31 12 84 -96 234 33 -239 -116 137 -186 -15 45 -233 -102 -135 214 -120 171 -66 -30 -242 160 -106 -21 75 -181 130 -149 86 41 -245 -159 190 201 -154 -44 -126 104 -152 102 -80 205 210 119 239 211 -71 15 167 -123 218 42 80 40 -32 -155 -248 18 60 -56 48 -235 -148 -164 35 24 67 -138 -213 34 200 -214 194 91 -37 -215 162 -230 -13 59 -16 238 213 -52 188 -7 -203 -74 -229 -202 163 -143 -10 -190 -53 -86 70 69 189 -79 -48 -28 -41 131 26 175 -209 -11 -127 -62 -201 227 111 222 -147 -34 -234 54 128 -2 14 -94 -92 246 139 -12 -75 72 -76 -38 -231 -218 116 27 -187 106 -1 177 105 -59 -105 6 113 -160 57 -110 -27 -226 135 -85 -5 -146 -192 249 82 85 71 -115 240 5 -17 -118 -167 36 -23 -111 -204 -128 -151 242 -140 158 169 -35 184 -57 172 -78 90 -232 -20 157 -124 217 62 -99 43 -206 -33 -162 49 46 -8 -222 -178 161 187 -82 204 179 120 -166 147 -72 23 247 -101 164 144 73 -132 141 107 -208 -119 -129 -211 245 -108 76 243 123 -224 -131 -228 31 -64 -112 143 -67 -142 -240 78 32 44 121 -193 180 -58 -117 198 155 229 -184 -69 -89 83 -133 11 225 223 -51 -43 0 95 100 129 53 -87 47 202 154 -227 176 61 20 108 -197 -73 -9 16 237 21 -205 -45 -100 17 191 89 101 87 -221 -50 -170 56 64 -223 117 -250 93 195 -97 50 156 148 -93 -42 -24 79 -47 -25 -165 10 -238 98 -182 74 -60 209 197 -156 -194 28 -219 -113 -176 94 115 -68 152 -54 -185 166 212 37 -29 138 -163 -125 -244 -141 -134 226 182 178 215 186 38 103 -6 -88 -249 -207 230 -81 233 77 68 -63 122 132 39 -236 -109 -26 165 66 -122 236 224 118 -136 29 -46 151 127 241 -172 134 235 -247 -177 185 207 114 -168 149 -150 30 -14 55 8 -198 203 173 -65 -241 88 -174 125 142 -175 -103 97 -216 1 96 -161 174 -212 -144 3 -153 193 221 -18 -237 -130 168 2 -196 -39 219 -98 -121 196 13 -171 25 4 170 -84 112 -210 150 -145 99 -36 248 133 81 183 -173 -95 -220 -180 231 -217 51 -137 -40 -169 -243 -114 -90 52 65 145
TEST 131 ARG:97 -50 35 108 235 227 -198 -77 115 211 34 -189 73 68 213 46 183 -249 -48 -56 -95 -53 -191 201 -10 -4 -99 221 77 243 -110 180 -59 43 -120 -123 -194 -182 193 189 -21 147 151 102 49 -141 90 -230 186 203 -186 99 -42 -112 -69 -155 61 185 229 -25 -151 64 178 0 -63 67 127 -140 38 113 -144 128 131 -1 39 -41 6 45 -114 -22 47 -180 -49 244 -96 177 -165 -108 188 -43 20 -185 -131 42 145 118 85 150 75 -26 -168 28 -178 -200 217 -47 52 124 72 140 -87 134 32 126 2 -158 208 -214 9 -224 -231 76 -211 -29 -64 -30 50 -153 -116 -66 65 40 191 -68 112 109 -128 3 -142 -109 -86 220 194 -147 -201 226 216 11 233 30 -121 -125 80 -223 33 241 248 -27 -237 -54 240 129 -195 142 -65 -161 -166 -149 182 149 -35 -250 122 236 -145 -183 -164 111 -235 164 -188 -213 -197 -89 86 -9 83 70 119 -82 -2 -241 -52 -93 242 -19 105 209 54 57 173 123 10 -7 187 81 -171 -215 169 207 -170 -132 12 106 62 92 -148 -134 190 -46 -33 -126 95 88 -135 -104 139 89 -12 249 -39 44 232 198 237 -62 -117 167 -20 -217 133 -162 -160 -37 146 196 125 152 -45 -55 204 51 135 103 -222 -212 -136 -229 -11 24 -129 121 144 -90 16 238 -124 163 -184 -79 -228 160 -100 161 -205 195 22 -138 -97 -70 168 59 172 176 7 -218 -133 -107 98 -32 -216 -113 -203 -102 -207 56 -44 224 -152 18 132 -36 -227 25 60 -80 206 -76 -28 -248 -57 -118 -176 21 -91 -232 -174 5 138 114 -38 -247 66 175 -94 159 -220 171 -83 -225 14 179 -181 26 -67 104 -15 -3 63 37 -193 165 -221 225 -106 -169 141 58 -103 13 174 -8 41 15 -209 184 230 48 143 -17 155 170 -173 -98 100 -167 117 247 116 -234 -5 -84 -192 -6 -238 -85 -71 27 -163 -58 -210 -115 137 246 148 -246 181 53 -150 215 -196 79 -31 -18 228 29 -111 -75 23 205 -156 219 -81 -51 71 -88 -78 -245 19 223 197 -243 -74 166 -157 1 -60 -240 136 -219 154 -204 -199 120 101 93 96 17 -137 239 36 199 -130 -172 8 94 231 -242 158 200 87 -105 -244 110 -13 -127 -146 -122 31 -208 -119 -206 55 84 153 218 222 -16 -179 192 162 212 156 -101 -73 107 202 -159 157 -233 -23 82 -24 78 -239 -154 -175 234 -34 -92 -236 69 91 -14 -143 74 214 -40 210 -226 -187 245 -139 -61 -72 -177 -190 -202 4 130
TEST 132 ARG:158 162 -163 -248 135 -173 36 -19 153 -4 -47 -70 27 132 8 116 -83 149 -182 143 -144 69 80 -31 45 -122 248 81 106 -93 164 -174 -136 117 115 234 191 -125 175 -191 201 31 -156 213 -94 229 63 -249 -197 196 -242 -222 -34 35 -219 68 235 -40 178 -207 -243 21 -26 -37 78 200 -202 99 -17 -128 -14 41 103 -48 55 -188 130 -225 195 -210 -146 -200 238 37 146 -162 -8 -50 -180 67 129 -195 -63 -223 123 -6 211 -201 -96 86 -32 -137 73 187 212 -78 25 -24 70 -208 174 244 -247 -5 -244 -112 -41 -105 -196 30 -116 185 -67 -214 60 176 246 -169 -213 16 199 137 -101 104 -155 216 51 -38 -152 219 171 90 28 -71 77 -106 214 40 -250 163 -153 -29 -124 207 -236 -119 59 58 -68 74 -20 -220 -74 -132 -1 -228 64 -109 72 119 -110 87 49 152 -7 -139 -97 -39 -98 -108 145 140 -142 -138 245 -177 91 4 -212 -183 -121 217 62 19 -113 165 -245 197 221 -204 243 92 -181 -141 114 34 155 -114 98 -65 83 7 -103 -176 -77 -92 -25 170 -235 -91 144 190 131 -99 57 127 242 -90 10 -57 -229 184 71 240 48 109 -239 84 94 -56 118 -45 76 -85 -86 42 128 205 -147 202 -117 138 -59 32 -218 -107 43 -130 -166 -95 -224 -46 232 -167 -164 -134 -192 -11 -42 11 29 56 -73 228 -87 -203 -127 -53 224 53 206 -104 15 -238 -199 189 -172 -150 -209 124 151 192 -165 239 -193 -168 -179 141 173 208 52 -189 6 -10 -9 101 150 -118 -216 -72 -246 -60 126 -15 -51 180 -190 142 -3 -111 148 -227 -187 222 -81 -49 -232 160 14 100 -88 85 122 102 -44 -215 -58 -186 241 -233 75 -84 -135 249 -82 181 82 -234 23 38 46 121 110 167 154 -36 -221 182 -55 89 2 112 198 -240 -230 156 -151 161 -80 159 47 204 -157 -241 -64 136 -79 -102 -27 194 -30 -160 -115 157 24 39 93 247 233 125 61 -145 218 -43 236 -13 -184 220 -140 237 -159 -143 44 79 -161 -75 18 111 168 -149 107 -2 -217 -66 1 172 230 -33 -18 -237 -206 209 -23 54 188 96 66 9 226 166 -22 231 0 3 147 -178 97 22 -76 -211 -129 -126 -54 193 -69 -231 -62 -226 -21 95 186 203 177 -133 -52 33 113 108 -170 -61 227 5 -154 133 183 120 -89 -198 50 -171 -28 -12 -185 12 26 -131 -175 -194 65 105 225 134 169 20 88 17 -120 223 -16 -35 -123 -100 -148 -158 179 210 215 -205 139 13
TEST 133 ARG:10 -8 -157 -41 -233 31 -13 -67 -65 -203 188 -126 28 206 -48 -168 92 -69 157 107 67 -39 140 -76 -43 -199 16 76 -115 -144 25 74 -120 142 -116 97 -150 201 -11 -175 -248 203 210 -62 -109 -202 229 58 -50 237 183 -6 72 208 -240 -187 -99 -106 -156 36 -82 61 246 -227 40 14 133 124 179 -20 235 -9 96 -95 85 -104 -107 154 -245 139 27 -10 -71 104 -52 -73 164 -88 -35 70 50 -200 -246 59 -72 -96 171 -122 -112 -138 150 42 175 -226 100 -98 -208 -167 120 -137 -86 32 99 190 127 19 83 -12 -171 69 87 -1 55 53 215 205 91 -143 -178 219 5 -84 156 -100 71 -135 -235 113 -186 29 -124 166 -37 -38 24 -49 -63 204 144 -117 -181 -79 -180 -18 238 -130 34 48 86 -232 -22 197 177 -5 170 172 90 149 186 101 -173 -134 126 26 249 -196 117 108 178 73 145 195 3 4 30 -151 202 217 63 181 -142 -30 -19 -176 -77 -118 160 176 -230 185 168 -242 -83 -44 118 -110 -21 49 -27 -33 89 -174 243 -236 234 226 114 -92 111 47 -24 -229 75 7 -211 -114 -241 -97 65 123 -132 231 39 -54 -231 -53 -184 -140 -25 -158 131 106 115 -214 -172 -166 -192 162 -47 -188 239 46 -228 -206 -101 110 159 64 -165 194 121 102 169 38 57 247 -159 103 135 -194 -244 129 -213 44 -78 -216 -32 -91 132 -153 52 -145 -160 -185 116 -90 77 54 -56 -169 -141 37 143 -161 -205 -250 66 163 -239 240 -61 -111 147 -80 -147 23 -154 -234 -129 -247 -209 -177 95 84 -81 -148 -152 33 -198 -102 105 -189 -105 214 242 -74 93 -55 223 81 -59 1 0 -23 -123 222 -2 -225 -131 136 198 -16 161 78 -170 -75 233 224 158 79 187 -127 236 -15 -14 -190 -57 -70 112 -197 -217 244 -204 151 -128 -125 241 9 -222 82 -243 211 245 -29 -219 -42 232 -121 -155 152 209 8 -139 -3 -191 -17 -108 6 -103 88 -223 -212 -7 -237 216 138 122 207 -249 41 -119 68 -183 189 62 193 -221 -66 98 125 -85 182 -207 17 153 -46 -182 -201 -113 -133 -68 -36 13 -31 191 192 35 -224 80 -193 -40 213 -87 167 146 155 -195 -218 -89 -45 128 230 -163 220 130 11 -162 20 -136 21 184 -238 196 -51 -93 228 119 180 137 225 174 94 12 200 221 -34 15 -28 165 -26 60 45 -146 18 -60 173 248 218 56 2 148 -4 51 -215 134 212 141 -94 22 -220 -64 -58 227 -210 -164 -179 199 109 -149 43
TEST 134 ARG:134 -161 231 117 82 -103 186 -126 -136 200 44 73 -225 1 6 156 9 -100 70 237 -184 142 -242 -202 -86 62 -113 8 226 131 114 -213 185 146 97 -191 -106 88 -96 199 138 -223 61 -33 -44 16 150 -235 3 -25 122 14 -209 -168 106 218 -205 130 -114 -83 -239 -141 -127 118 162 128 -112 110 31 -192 12 87 -217 176 224 -230 60 -227 -181 17 -178 -77 -143 -140 164 212 -119 -99 -155 -84 -24 -75 77 -43 65 -196 -95 -187 -150 244 206 -29 145 89 -34 187 -249 -170 63 -237 -68 152 196 124 -36 -28 -104 191 248 94 -27 -66 233 235 125 169 -72 18 -61 -65 -105 123 211 -55 55 -53 86 121 -240 -208 202 -125 -90 32 -38 166 38 -194 216 36 139 209 -234 -211 -57 -160 10 -85 -97 -131 232 67 153 -218 93 151 -15 135 -58 -45 -22 -7 50 -221 -247 -147 -154 -212 -177 -204 -144 -56 137 81 208 -39 -12 -98 -9 239 163 -23 45 53 -228 227 -158 -47 213 24 198 -241 -59 157 72 -122 160 -116 -30 215 -157 91 -50 236 105 240 -128 -166 -200 173 -92 -236 -20 -231 25 242 19 -174 64 -162 74 -226 -21 -71 85 -73 -10 223 -120 -190 -148 -159 -146 43 -70 92 -91 182 -134 95 -220 39 249 -26 171 -49 75 210 127 99 -42 217 -102 90 34 100 -232 -110 15 80 -243 -238 245 -69 -222 -137 -248 41 -245 -153 219 -216 -179 -207 -185 7 109 -169 155 -52 104 -219 189 -182 147 207 -186 -224 168 170 -74 29 -151 -175 -130 148 112 195 115 221 -250 -67 -152 144 175 51 68 -60 59 -48 -88 201 -139 190 -142 116 222 -176 98 133 -133 -82 78 119 238 225 48 -193 101 -80 -173 -199 188 241 220 52 -54 204 -111 -244 -171 -233 71 -215 194 159 103 5 179 -18 46 184 -31 83 -94 143 21 27 230 193 0 181 178 42 -6 -1 -51 -108 -101 -16 183 132 -195 11 -145 192 20 -87 35 -132 165 -156 -63 66 -167 -93 234 -149 174 -109 -5 -165 -138 47 126 -246 203 -19 13 172 -188 37 -81 69 -183 -123 58 154 -8 -129 -79 -14 4 -229 -4 26 -118 -89 -41 -78 -62 49 -32 -46 243 -164 140 167 23 -3 40 -203 -35 -64 229 136 -13 -198 129 -117 113 -180 214 96 28 158 -11 30 -210 -189 -214 -135 -107 161 246 -37 107 -40 141 -124 120 108 -201 -172 247 -115 -206 -17 79 -76 197 57 -121 76 33 177 56 205 2 22 180 102 84 -163 228 54 -2 111 -197 149
TEST 135 ARG:226 138 168 -199 237 -165 49 -90 206 -59 -60 -124 -125 153 175 16 64 -8 -184 205 -177 -173 -176 165 -154 223 -93 33 172 215 229 212 -241 -11 119 219 -39 75 116 -188 -127 188 124 174 -64 210 -169 -150 -250 -230 3 -145 -114 -247 79 154 93 148 -104 -194 -67 167 140 -25 -201 197 216 -148 -54 83 -196 173 -106 -65 218 182 -5 65 73 152 -175 132 126 249 -13 -207 163 80 -75 113 -243 -110 -140 -44 44 166 -246 -214 -231 187 -84 105 -105 179 -57 -227 -33 -235 242 91 131 -109 110 -121 28 -178 -221 6 -103 143 21 -18 -62 130 -195 -94 -78 198 46 128 -162 -53 58 -41 -21 -210 -69 66 142 29 -120 190 2 -1 34 129 20 -232 162 -146 -50 177 121 125 95 195 18 61 -37 -187 -113 54 100 -4 55 185 -76 -30 -248 196 207 37 7 -224 213 -159 26 180 -40 10 41 106 -206 86 25 74 68 248 -163 -38 -171 -15 -168 -192 71 23 -133 -48 -217 70 48 -108 89 -209 -130 -26 122 -205 150 8 -136 -22 233 240 13 30 -6 199 19 102 -51 -117 103 94 -132 155 67 -138 72 -2 164 -134 176 136 -238 -135 -189 -14 -23 231 -160 -213 235 243 -179 62 76 -118 169 -228 -80 -137 181 -191 -102 -43 107 108 -242 -52 133 -181 15 -92 -198 214 -156 4 -77 139 241 -107 52 -151 159 39 -72 135 1 -153 109 24 -36 134 -126 69 60 160 112 202 204 -47 -220 -131 171 -101 -152 59 84 -142 85 53 -29 -218 40 -174 -223 -158 246 178 -35 -83 238 -28 236 118 221 17 -203 123 -122 -236 -167 78 -237 -219 184 14 -31 144 -190 145 183 -139 -129 -86 36 -63 239 81 -123 -128 -81 27 -87 -96 -193 146 -233 38 42 99 -56 88 -170 -3 -73 -211 120 77 90 201 45 22 -164 -204 -182 193 -155 104 -85 57 -58 217 -112 87 -95 9 -208 151 -91 -7 -45 -55 47 43 -222 -186 -68 -216 -111 -70 222 96 101 224 51 -225 -244 35 114 111 0 -89 211 137 149 157 161 244 115 -157 245 63 -27 191 232 -239 200 -115 -49 -234 -147 -71 -197 -143 230 170 209 -17 158 -229 31 220 -212 -185 -9 147 97 127 -24 -215 -19 234 -34 -82 -226 11 -119 -240 -97 -161 -202 92 208 225 -249 -46 227 82 -20 -200 -149 -98 -245 141 -10 12 -66 203 50 156 -61 228 -99 -172 5 -144 247 -74 186 192 -100 -79 -180 189 194 -183 -141 -16 -116 117 32 -12 -88 -32 -42 98 56 -166
TEST 136 ARG:-160 133 168 -232 -110 188 120 185 -12 -120 -245 202 45 -3 -213 -68 179 129 -139 108 249 -71 -22 -30 235 95 165 14 239 -221 -149 -219 198 117 227 96 112 32 5 237 -247 92 62 81 -64 -218 86 -169 -165 145 162 11 42 196 -59 -236 -241 -87 80 186 146 -181 -105 116 98 205 -109 -96 172 -60 -206 226 41 223 53 219 -228 -124 204 97 -113 155 123 84 -161 9 -130 110 29 141 4 -86 18 12 -108 -131 121 119 -128 222 -188 -143 -200 27 -13 40 192 -73 25 -196 7 -26 -173 184 78 -154 -141 -82 19 154 212 -76 182 177 -69 137 66 -10 -233 131 -135 -1 130 -99 -209 -97 -83 -179 74 107 -49 -238 -250 213 -227 48 -117 -66 -89 77 -129 -5 24 210 245 158 15 225 216 51 217 59 114 -249 189 230 63 101 -57 151 -152 0 -134 71 47 -215 126 224 234 -230 34 3 -187 175 183 31 64 75 -25 93 -78 -248 82 244 55 -44 91 -61 153 -167 -58 -164 -225 242 1 160 -31 233 -103 -91 236 87 191 -75 26 13 246 240 206 125 58 149 -2 -29 -7 -158 102 221 207 -47 -155 -63 -115 -34 22 127 57 37 60 -18 -144 178 69 89 83 -81 94 139 -17 220 167 -20 -50 -54 -172 -102 -184 -74 -100 17 -240 -92 -122 181 -118 -193 -197 -235 -151 -106 -32 -127 136 16 152 -150 30 203 -176 -123 164 -85 -67 -48 243 -142 135 124 -36 -163 -125 -35 113 128 195 -178 -119 36 157 -79 33 -88 -43 -168 10 -15 -98 232 -180 -148 -207 72 -229 46 248 -94 -70 106 -211 -39 148 -189 -6 190 156 215 90 176 44 -182 -11 138 209 231 171 -212 197 -51 -175 -56 211 -52 105 143 -166 163 187 100 -177 -37 2 -192 -93 67 -223 -222 -170 199 -137 -220 73 65 -80 -216 166 52 228 -62 -101 -41 99 -214 122 -183 -136 49 -28 115 -121 28 43 -204 -114 -8 -145 88 109 -234 -138 -237 38 -171 54 159 21 -104 -153 23 -239 -186 -244 147 -210 218 169 -201 104 132 -202 -4 -146 200 103 20 -243 -116 -45 118 142 174 -19 -126 -208 -231 -159 -190 -16 -156 208 201 50 193 -191 -40 68 -198 173 194 76 -205 70 241 -33 -14 -72 8 -133 134 -217 -9 -107 -38 -185 -46 -24 56 150 -55 39 -90 -147 6 111 -195 180 -162 61 -23 -27 144 -226 247 -203 -21 214 -140 -199 -246 -77 -53 140 -132 79 -42 -84 -194 238 85 -95 35 -157 170 -65 -111 -174 -242 161 229 -224 -112
TEST 137 ARG:35 245 216 -72 188 -76 183 -204 94 -165 130 148 150 145 193 114 149 -75 -234 198 6 -217 235 173 228 214 38 8 156 67 131 57 20 32 44 -154 234 -52 -141 170 -186 102 158 201 10 -231 242 26 -17 79 211 196 220 85 37 -108 115 169 3 -65 84 -136 76 135 -104 -19 -212 180 186 -73 125 -80 189 113 -129 -170 244 -63 178 236 111 91 112 124 -84 -248 1 167 7 -228 -169 152 -79 96 -68 161 -94 240 15 -53 82 -21 -243 -181 168 -124 222 136 206 -109 154 199 -168 123 41 -10 -49 -16 -85 -134 172 -127 157 -132 -218 17 -180 -114 -133 -187 -197 61 -147 -83 -30 -244 151 -37 110 -39 219 153 133 69 209 -233 159 43 -191 -213 185 93 -245 231 -193 -93 -81 239 -2 95 -148 -195 -188 71 -5 -1 233 -95 -224 -116 -156 -97 36 -92 -161 -32 -89 -111 -71 -46 197 -185 -246 50 -219 -74 205 213 -123 87 -221 -101 2 -120 -149 249 -98 -7 -203 19 -26 121 -226 -192 -45 -211 -42 -238 -232 -119 -138 73 -27 -22 109 -167 202 64 -107 -140 -99 229 247 -6 232 -151 97 162 55 -208 230 -11 46 163 182 51 80 -241 -183 12 16 -58 132 105 -172 -184 -249 18 191 90 0 13 -102 60 -57 34 33 -236 -70 174 58 147 218 66 -250 -227 224 126 237 155 146 -91 -143 99 171 -240 129 -56 5 217 -137 -157 127 -247 -77 9 48 -196 -153 -139 187 -207 212 -171 -145 -209 203 81 179 -61 54 -182 52 100 -9 138 204 101 -173 28 74 27 -44 -112 56 -33 47 241 -152 142 98 -128 -199 92 139 137 89 181 -214 243 215 -13 225 -166 176 -174 -48 -90 104 75 -210 208 -88 -64 103 -125 227 -200 -117 -150 -23 -146 -24 140 -36 -113 72 -223 -43 11 221 144 -205 -106 120 164 141 177 49 -216 207 143 226 -115 175 31 -118 77 -66 -229 -38 -122 -201 59 78 -179 -47 24 -194 -20 -155 -82 -237 116 -3 248 194 25 -31 42 -96 210 122 -190 -163 119 -105 -222 29 -142 83 118 22 -78 -34 -202 -158 190 200 166 195 -87 107 -35 -177 -18 68 -60 165 -160 -198 4 30 -206 -189 -8 192 -25 -55 -86 -40 223 -235 -130 -164 53 238 -28 -126 -239 -135 86 62 88 -121 70 14 -29 -110 -131 -4 -175 23 -62 -176 -51 -242 65 -50 63 -59 184 -15 -41 40 -220 39 -144 45 134 160 -67 21 -14 117 -12 -230 106 -54 -162 128 -100 -159 108 -69 -103 246 -215 -225 -178
TEST 138 ARG:-31 -133 -129 34 -183 -79 -227 -241 14 -24 15 122 240 154 7 140 -208 -226 -205 -156 -27 -33 -5 57 -66 185 -72 90 142 -106 -247 88 -49 -134 110 -200 188 -111 178 59 -1 -240 11 215 -4 129 201 81 -128 227 -167 -204 -160 -44 -198 -19 85 -123 -42 -86 -74 198 200 -71 50 -70 12 35 -249 132 5 98 -214 116 -161 -55 65 60 -230 223 -78 76 202 239 -165 143 -149 -136 -110 53 -38 -243 155 164 123 -202 196 6 -140 -12 245 -20 -171 -100 127 103 -119 234 -81 139 51 205 186 219 71 -3 -152 -97 100 -188 -99 -194 31 193 80 -130 229 68 -179 44 -126 75 96 -150 112 52 104 -182 161 91 210 70 179 -77 -201 -186 32 -196 -23 36 -58 175 64 2 -168 -10 126 29 20 -222 166 145 117 206 138 4 -235 -50 177 -93 39 246 37 -210 48 -98 42 17 -217 -82 183 225 -114 174 -118 -96 -35 -144 -75 49 -189 -46 -159 55 226 -137 -228 212 180 -244 147 -108 0 -103 -127 208 84 -21 218 -233 97 168 -193 -246 22 -89 -211 -143 146 -206 -231 -245 199 -135 233 -63 -142 41 -22 -242 -224 9 151 -56 105 187 194 184 62 -250 -209 -162 136 -30 192 -175 -199 -34 -178 -151 -154 -15 -213 -68 79 216 243 -180 108 -176 -105 -88 -191 -61 28 -236 -94 -148 54 -120 -41 -190 172 170 158 238 89 111 203 121 -157 27 150 176 -166 78 107 86 94 -225 -36 -219 249 195 -170 -195 -132 -84 -51 -107 8 -174 -234 106 -32 130 -64 -102 72 -216 242 -147 -90 -14 148 113 -163 -18 58 102 214 -221 165 221 -60 95 -16 -85 -113 217 -29 -47 152 247 -124 19 -138 -248 -45 125 -73 87 153 -2 -172 82 228 -207 191 -109 -125 -185 -139 182 244 149 46 -52 45 137 -164 -53 -212 -87 101 -145 231 -229 43 167 197 237 -238 -39 209 63 213 124 -203 -146 -115 171 -11 -104 181 13 160 -131 -101 23 18 -25 -76 61 -181 141 -184 115 189 114 83 135 204 73 -57 157 133 33 16 74 38 134 -95 66 -122 -155 56 -215 -192 190 -13 -153 241 -117 40 120 -80 -8 -91 224 162 1 93 -54 163 156 -17 -121 47 26 220 -26 -173 -65 -237 -9 -48 67 92 159 -141 236 -218 -6 131 -177 211 173 230 -67 -112 -187 109 248 207 -232 -158 169 119 24 30 128 232 -239 10 -116 69 3 235 21 99 -83 -43 77 25 -28 -223 -92 -62 -69 -7 -37 118 144 222 -40 -169 -197 -220 -59
TEST 139 ARG:-56 -241 -34 -174 -38 -71 173 145 182 53 19 58 16 103 -160 -58 80 54 147 -124 -14 -72 218 25 199 -141 213 23 71 113 88 -121 -185 -21 -22 37 -105 -229 206 231 79 126 -192 124 225 -187 163 84 -226 -89 -30 9 120 240 -163 215 217 -186 -212 -130 -48 142 -32 94 -205 209 36 47 -140 244 42 -42 239 3 -198 -82 128 -167 141 -36 -44 -66 -97 -153 -232 -24 -47 55 -133 -3 -173 -79 236 61 74 -95 -80 -101 198 -69 -77 118 201 -155 -81 -20 66 -53 -220 45 -162 28 105 -221 229 78 192 193 140 190 10 224 -223 99 238 205 -127 24 -129 159 -84 160 68 -242 -122 -49 -112 87 222 -11 149 52 -26 92 -248 -51 -23 -85 110 -134 242 72 -8 39 164 -125 -183 119 -243 -157 137 -144 -196 -70 44 -166 -208 121 62 122 82 220 50 -41 13 -136 116 -123 131 178 -179 -139 -10 -87 12 170 83 -1 -111 202 -54 208 27 100 -98 -146 73 -231 38 -207 -78 102 183 172 64 -165 146 -86 49 -214 -62 -148 -45 154 -27 -88 151 -235 133 -31 -202 -184 -225 -94 230 -236 0 112 115 106 -93 22 -142 76 181 245 -75 -233 -110 114 -107 17 -73 -76 -39 -217 152 -57 -132 34 185 -161 18 169 227 -120 20 211 -106 -204 5 -15 136 26 210 155 -137 -194 -189 153 -103 -63 177 175 63 1 203 -219 81 -6 -149 -230 -61 161 179 130 -60 46 14 216 -17 156 67 -210 101 -247 41 -203 125 -117 235 21 -37 -172 48 -108 111 212 150 186 -218 -228 143 107 176 -249 168 2 -68 -16 -224 249 -150 -182 65 -197 -102 -114 171 -119 -164 -118 -143 57 4 33 123 -237 162 6 -168 221 -43 -100 246 243 223 -181 109 -199 -171 15 -239 95 -74 -158 139 233 11 -145 180 -9 -147 56 85 174 -99 200 247 -12 29 228 226 -65 -246 -193 204 -4 -191 70 108 -170 127 207 -245 232 98 191 -213 -138 -135 -128 40 241 59 89 -92 -216 132 194 -154 165 -64 129 234 -25 -116 31 -206 93 -126 69 219 35 77 -90 -55 -176 96 -151 -96 -13 -2 -91 -169 -244 60 -200 -195 7 -109 237 214 158 90 167 -180 197 -178 248 187 -227 -35 91 195 -131 -33 -175 188 -234 86 -250 75 166 -115 -211 -59 -201 138 -46 -159 51 196 -67 -190 -29 -215 -209 -52 -7 -240 -19 8 144 -238 -113 43 117 97 157 135 134 32 -222 -188 30 -104 -156 -28 -50 -177 104 189 -83 148 184 -152 -5 -40 -18
TEST 140 ARG:190 19 54 -94 -185 143 -227 -68 -108 -66 41 -110 -224 -60 136 -196 77 -182 159 90 -212 -17 39 -106 3 89 -214 -171 -191 -134 26 -40 234 223 -6 188 120 195 -169 -179 127 240 186 204 166 -216 117 -174 -147 -21 18 99 202 235 -201 214 182 -149 -109 179 102 -153 237 61 -229 -30 -102 -129 -3 88 173 -155 162 -228 -59 -239 -175 -7 129 181 -11 -118 -44 153 2 -187 225 -105 217 -120 205 -142 57 177 213 32 -176 -125 113 183 -130 -122 63 53 11 -135 -45 34 -172 -72 196 -10 -27 21 128 -114 -246 167 -190 192 -234 -219 87 -80 52 164 -139 -5 212 -71 23 101 -244 142 131 -159 -168 -247 -98 -236 -82 -43 103 -245 24 224 12 -210 79 100 28 -69 4 -113 74 49 -16 191 -1 -25 -54 -123 78 -74 -138 198 -34 112 -115 220 -170 139 137 208 156 -63 -29 97 30 -42 -183 9 -85 -233 -46 -199 -207 109 -89 215 -232 172 229 70 14 65 -189 110 -18 -65 10 -52 232 203 -9 25 108 -206 144 -235 83 226 114 69 17 149 36 134 -12 228 50 96 16 -24 -241 -148 -248 242 -230 20 201 247 -211 -181 -237 93 216 72 138 -157 132 246 -208 -250 7 -121 98 147 -48 211 -75 -104 -116 123 168 169 197 -62 238 -223 170 158 106 -91 13 -173 176 55 -162 249 -77 -50 33 -124 -15 135 -53 5 -111 -31 64 150 171 -56 115 -95 146 -146 105 107 -154 189 -97 178 -64 60 38 -99 104 -8 80 -70 -112 -184 -152 94 -137 37 -151 122 68 -41 -103 125 206 85 -188 66 -238 -47 -2 -33 200 -161 92 152 -86 -32 44 221 -76 -209 -55 184 -81 81 133 -38 227 116 230 -19 -221 141 -165 75 160 222 -131 -177 -198 -88 58 22 -220 -205 -150 -164 -51 -249 -14 -67 -101 126 -242 -218 59 148 194 236 -96 -240 42 155 -49 56 -57 -180 95 130 -36 -26 244 -143 -126 180 233 239 71 -136 163 219 -243 -78 46 -167 -226 157 -37 187 -145 -117 84 -133 185 145 -200 91 119 -192 -84 -127 -20 62 48 8 175 248 165 -231 193 -144 -132 47 209 -178 -203 -93 174 118 -197 -92 -73 -194 86 82 43 -58 -28 -23 161 -222 -225 -83 27 73 15 -193 0 45 -90 243 -100 35 40 -186 -166 -156 -107 218 151 -61 -141 -202 -213 121 -39 31 -204 154 6 51 245 140 -160 1 111 207 -79 210 -13 199 -119 -217 -87 241 -140 -4 124 -22 -163 -128 -215 -35 76 -158 231 29 -195 67
TEST 141 ARG:-224 -35 208 -167 238 109 248 111 -50 89 136 -119 -159 128 91 61 -189 -102 -174 -177 -6 -228 -113 194 85 49 -101 -246 231 247 220 137 159 178 -74 -33 -20 65 -202 164 -146 -56 33 -229 125 108 92 84 -17 -7 141 -179 -95 145 -247 -156 -184 -241 16 226 110 -22 11 214 -72 -48 200 -91 -85 105 46 218 -235 -236 209 19 -118 239 -63 -110 -143 132 97 -209 -201 161 222 189 -173 217 5 -210 93 -171 -237 -186 40 -42 107 -221 -76 -193 54 229 187 -31 -79 122 18 -99 56 123 -172 60 69 -244 -198 47 131 -157 158 43 -26 -222 34 -81 66 154 -9 -14 -208 221 -58 -142 142 -53 -29 -27 199 157 -166 -242 -34 103 79 -196 4 163 -239 -216 -12 150 25 -140 106 168 196 -152 165 249 -176 -158 -211 170 -28 -100 246 -98 -49 76 160 102 -25 -212 -77 205 52 147 -178 114 -90 193 236 237 177 68 -70 127 120 77 -139 -127 -41 -66 230 113 134 8 -231 -69 17 27 -162 216 -19 -233 225 112 -245 96 130 234 6 55 -44 -150 198 -54 -94 212 -205 -4 166 -204 245 82 -39 -137 -154 -103 -73 48 0 -120 174 42 244 37 175 -163 -78 24 180 204 116 -96 -183 162 224 101 -161 83 -123 45 126 28 190 169 -145 -249 -226 38 -225 243 -24 -30 -23 -215 86 171 121 191 -11 -214 -37 7 75 72 -141 176 100 -109 -250 -147 -175 57 143 -131 -89 -13 36 211 -47 59 1 -165 -1 32 213 -149 117 233 -115 29 -92 -234 -213 -238 152 51 -195 -190 148 133 90 -82 -134 20 -40 -8 9 87 21 206 240 -200 140 63 -135 -151 -164 15 223 -148 -220 -18 115 184 94 70 39 -128 -80 118 26 -51 155 -248 41 53 95 -130 74 10 -138 151 12 -67 71 -107 -114 119 -59 -240 -97 104 188 219 13 -75 2 135 201 139 -133 -62 -83 183 192 -60 -218 -188 242 -32 -124 99 -121 -87 -169 67 -43 -46 -122 -180 -191 149 -136 -104 -65 -117 88 -153 -3 -105 -5 22 -71 -132 -36 -194 -129 80 173 -15 -21 98 -197 -57 197 -217 -223 -45 -61 -170 62 -232 -93 144 -16 203 -206 73 -230 -116 -181 -187 185 44 156 138 -2 -192 -38 129 167 182 -160 -168 124 -86 235 14 215 -112 -111 -219 202 30 172 186 -108 -144 50 -88 81 -106 3 -68 -84 -243 146 -126 78 207 179 -155 181 -52 58 -10 -227 228 -182 31 153 35 -55 -125 210 64 -64 241 -199 -203 195 232 23 227 -207 -185
TEST 142 ARG:207 110 -221 113 -88 -73 98 -156 -238 -228 114 -65 240 -222 -152 36 -179 -113 218 69 139 101 93 76 -77 109 -35 135 -76 90 225 -239 72 -229 107 160 65 -21 -245 194 -118 -13 -127 121 -117 -58 40 27 104 -94 112 -169 -184 -131 -81 -125 -105 67 88 151 191 -33 -196 116 58 -243 42 150 96 83 -215 -120 3 186 -248 187 -218 -137 78 -42 -57 -213 221 102 8 25 248 -16 134 -200 172 -198 -233 -64 -90 182 26 18 -107 51 181 111 80 52 -247 173 -8 103 57 200 -2 201 242 -89 203 145 87 -40 47 -49 20 214 -189 217 190 -80 122 -111 -168 147 -204 -250 -234 -71 -95 176 -52 129 -177 -121 174 -217 -159 -195 -96 38 243 45 -51 -211 -134 -187 -106 155 142 -55 179 -136 -188 99 163 55 -72 2 30 123 -165 -162 -235 235 -226 -225 -206 22 -124 -10 -205 -66 -39 56 85 -31 -157 -160 54 178 17 -212 125 -129 -41 -154 197 -119 133 -108 175 237 92 -93 244 115 234 -182 -6 105 162 236 -147 0 -101 -112 33 -192 238 86 29 11 1 75 -175 -128 -97 46 -102 -186 -178 62 195 -231 -144 183 -30 16 -69 219 79 -130 118 60 -122 35 -91 -244 -116 106 -140 -54 -53 -24 232 12 73 -194 -240 -20 82 21 117 184 144 -26 -11 -241 -223 -220 61 247 31 -45 -74 -22 48 49 224 -138 97 -141 -50 -143 241 -197 -146 192 -150 43 249 -48 206 84 -46 4 -123 -103 138 -67 -190 -170 -132 -83 -151 53 -62 -219 -82 127 -242 180 222 154 -86 -148 70 -92 -203 -166 108 68 209 -25 -214 -180 -36 128 -224 24 -167 -63 -23 166 220 -199 -227 126 204 -18 -246 23 -98 -17 152 -38 -163 167 211 196 -75 223 -181 -68 66 -183 89 -191 -171 -114 91 -210 140 193 -44 -79 229 94 -158 -56 -9 -172 -193 -19 -135 131 226 -3 231 233 -29 -78 -37 -126 -34 -15 -99 -14 -109 -161 64 202 13 227 228 -209 188 59 164 198 -85 -174 37 159 -173 141 -1 -84 136 44 137 95 -32 -28 -61 168 -70 130 -12 212 -153 28 119 120 177 -133 5 -201 -176 81 213 -115 -100 74 170 -207 -7 32 -139 156 -59 50 -208 215 171 148 169 230 41 189 -249 15 9 132 165 210 -216 63 39 149 -4 7 158 19 -47 185 161 146 -185 10 157 -142 77 -236 -149 143 71 -155 -27 216 -230 -87 -237 -202 -5 -110 100 -145 239 208 -164 153 124 199 6 34 245 -60 205 -43 246 -232 -104 14
TEST 143 ARG:201 -149 -97 107 -172 78 -80 29 14 -3 72 216 21 -157 -198 -44 187 67 -250 -120 -222 191 151 -86 73 114 -135 5 25 147 41 -74 -163 -202 194 -227 -139 -19 -4 -161 -81 62 192 9 -62 -205 -200 -60 -89 -166 10 103 -116 -73 175 11 -33 16 79 -78 -30 -197 91 158 159 -106 -67 -134 -132 132 -99 146 2 -177 -63 203 -185 -41 77 12 -217 137 -203 55 -118 150 142 -147 -140 144 30 88 -194 110 28 -151 -159 135 174 -247 241 -76 183 70 -59 97 232 59 230 17 -221 -234 -148 205 248 130 136 228 -182 94 188 -146 -108 125 -21 -101 -138 -225 -243 76 87 149 -187 117 -164 57 -162 18 1 -127 206 227 196 177 -35 -122 -18 74 -31 56 -173 -14 -36 31 -68 -241 212 -175 86 -133 96 229 -96 -56 -102 64 -88 -87 -220 -79 -65 -110 -95 141 -90 -226 -70 207 -190 -209 199 -39 -94 122 -22 121 -233 -111 69 -93 50 -98 189 -29 -6 173 -207 -91 185 -167 249 81 6 108 23 -169 218 145 0 245 208 -165 131 193 45 180 71 197 37 -244 -1 184 127 -49 24 123 99 126 4 231 80 -117 226 -82 -103 -24 238 138 179 119 166 15 152 -188 -10 60 42 53 155 236 -71 -114 -121 -46 -58 181 -5 148 -195 -219 -66 160 -160 68 120 -191 178 66 140 -124 98 246 -170 198 224 36 162 -126 -150 -8 165 -43 -215 113 -192 -230 167 -23 -34 -242 -180 -214 -107 75 154 -156 47 105 111 -246 115 84 -142 112 134 44 26 -45 40 90 -208 -210 -249 89 -193 -72 128 171 34 -183 195 51 139 -206 -77 -26 93 209 237 -232 214 -11 8 22 172 239 -236 -25 -248 -145 240 35 -155 -153 58 202 -143 -239 100 -168 244 85 52 13 -158 102 116 27 -240 157 211 133 225 -171 43 -218 -105 168 -229 -53 -20 -37 -130 243 49 164 204 118 -92 143 -228 190 109 32 219 -238 -84 220 7 222 210 92 176 -144 101 124 -83 235 39 -7 61 -15 -69 -52 217 -137 3 -100 -17 -61 -199 46 -231 -154 -54 -129 -9 223 163 -64 -216 234 -55 215 -186 -152 -119 -42 -178 129 -50 -13 221 -12 -181 -32 -115 -27 -125 -213 20 -189 -51 -75 -201 169 38 -2 156 -237 -113 -112 -104 -85 153 -109 48 -47 -38 213 170 242 200 -223 -212 54 -16 33 -204 -211 -224 -141 106 -176 -40 186 83 -57 -245 104 82 95 63 233 -174 -48 -196 182 -179 -128 -28 65 -131 -136 -235 -123 161 19 -184 247
TEST 144 ARG:124 11 -236 -12 -111 -96 238 207 90 -161 -133 81 118 17 -233 -98 6 187 241 67 -74 -44 -81 -83 -108 -100 -134 -210 -50 9 35 213 136 93 152 -227 -205 -46 88 -43 -155 -101 -221 -25 237 107 -172 -156 21 -91 -192 234 198 96 146 -64 -127 -18 -154 -146 159 99 -13 109 50 58 102 -40 -58 57 216 -165 82 244 -15 -170 94 30 -238 -163 59 -244 18 -29 171 -71 126 204 25 -196 -85 -53 -70 70 -31 129 203 -173 -59 -109 27 183 162 -250 -60 36 -80 -23 -75 -235 -239 39 189 -93 92 46 -168 -245 -54 143 137 15 -131 79 163 26 -208 -187 -76 78 -217 106 -5 66 48 -28 -117 -174 -41 -240 182 -69 97 -209 -84 210 161 75 120 -183 231 194 -51 150 -36 205 222 -42 -216 -150 -193 -214 -72 -118 174 -35 104 115 -68 -62 85 -106 235 185 112 247 -63 -188 -186 179 -38 245 -24 -56 -115 -202 42 22 -95 145 60 -55 142 -120 -4 14 181 103 122 63 239 130 193 -247 -166 23 206 4 208 -126 -195 -2 98 16 215 184 123 128 45 -218 -14 176 -82 -237 55 188 -219 -242 -119 34 229 228 52 -153 -140 180 -149 -88 -222 68 86 -199 -185 200 173 -136 -67 -137 -129 -37 127 -121 218 201 144 -145 169 77 -213 5 2 -198 -57 -234 -16 -142 -151 -177 74 131 -203 -9 -92 232 101 -194 -147 157 -47 -162 3 -116 -90 172 135 133 -158 147 -171 225 -20 -190 33 69 -94 7 -32 0 -160 -21 -226 -180 1 -164 170 197 -99 -73 24 -204 -176 221 117 -78 211 64 236 28 248 32 249 227 -77 -179 100 116 132 156 190 178 -30 -3 226 125 -212 -189 -152 -65 -17 65 110 -138 20 214 -26 51 -228 -148 -215 83 -8 -224 105 -107 -144 -6 -66 -167 -191 47 138 89 -175 186 -39 164 44 -128 -114 87 -89 12 230 111 -241 192 -143 140 158 242 -206 -123 121 195 -27 167 240 -182 -197 233 149 -125 -49 -112 -33 166 -104 -97 -248 175 -87 41 -61 -169 217 -122 19 -130 223 40 -1 -135 -103 199 -229 243 212 -34 141 119 -52 -230 -243 38 -86 56 220 91 134 -102 -178 196 95 177 10 155 209 -22 29 -159 54 -124 148 -184 -7 -139 71 -105 37 246 -232 62 154 202 -220 108 153 139 84 61 31 -113 72 160 -246 43 8 49 80 -249 53 -225 151 -45 191 165 113 219 -231 -79 -110 -132 13 -141 -10 -157 -211 -19 -48 -11 168 76 -200 -181 -201 -223 224 114 73 -207
TEST 145 ARG:126 112 109 64 153 -225 -247 27 -199 -62 -79 234 -126 78 177 -158 -90 16 207 -215 186 249 82 -194 97 132 -154 53 33 -114 22 239 -81 0 -65 65 60 135 25 -217 14 111 -190 4 127 -113 -120 122 7 -29 188 197 208 -152 -24 245 103 24 -46 -83 -26 -14 -116 -68 229 -107 84 204 -169 136 34 29 -156 -108 125 -27 88 -250 38 176 172 86 108 -61 45 -185 -219 -146 67 -231 -197 144 -69 -173 -44 128 107 -227 -18 -130 -228 160 134 -64 -138 182 -123 -118 169 180 -164 -43 -182 -148 247 -38 -240 -53 -25 -171 -115 121 226 -207 148 130 15 -33 225 6 -234 90 152 -92 -112 -209 87 40 -39 -220 -52 145 -1 92 -235 -96 93 227 150 59 42 1 228 -178 246 102 -145 -200 -205 -196 191 224 -8 -208 -106 -10 175 -129 214 -192 161 116 140 5 20 -188 -140 -147 216 30 196 -131 156 -74 -168 69 -42 -89 -36 -76 -193 -50 -119 -7 -157 66 233 162 31 -100 55 -137 203 10 17 -177 131 221 46 -101 -213 -16 -230 223 -214 174 -195 164 71 -135 -134 -59 -127 -88 -141 -75 -243 241 -198 -51 51 -175 11 123 -93 238 -63 -237 -32 -57 236 -176 -31 -103 -189 -55 184 147 213 3 187 52 149 -23 79 72 -56 -223 -180 142 114 157 235 215 -212 211 77 44 13 110 73 18 -111 -224 36 120 -142 28 -19 218 -11 -20 -22 159 -211 106 -216 -191 -45 183 118 -186 -3 -124 -95 231 199 167 95 -155 -161 166 -17 -162 193 -132 81 -184 70 -151 -218 -104 195 244 117 232 21 58 141 -241 -15 -97 -183 -181 101 129 230 41 -150 -13 105 170 -9 83 61 47 75 -249 143 -60 -30 124 -109 -72 -165 80 -233 99 74 206 -41 -105 168 202 -139 178 209 -85 94 26 -94 49 -35 8 243 -136 -159 98 -167 -248 -125 -229 -210 139 -246 -67 115 -80 50 222 -21 146 85 212 89 68 201 -149 -133 -166 -66 -206 32 39 163 210 200 104 217 237 158 -5 -54 133 171 -222 57 -91 -245 23 179 -117 -77 -174 -71 -179 91 -110 205 -143 119 113 -172 -40 -49 56 -58 -82 190 -34 43 -170 -232 -226 137 -6 220 -144 -128 -99 -242 -87 62 100 -28 -187 242 -4 154 -236 48 -86 37 -238 -153 -12 -201 19 138 -78 -244 181 -73 151 63 -102 219 189 -122 -204 -37 192 2 -70 155 -163 185 240 173 9 -2 54 35 194 -239 198 -98 -203 76 -221 12 165 -160 -48 -47 -202 -121 248 96 -84
TEST 146 ARG:28 190 0 78 228 249 -215 -250 248 -16 -5 174 -8 5 -96 114 -21 230 -163 -11 138 -159 -220 116 -47 235 83 -12 -33 -130 -243 172 -179 -206 161 -28 -144 -233 7 179 -193 -245 -183 -202 -169 50 197 244 165 -157 -240 -66 -106 -30 17 213 -222 -124 -246 -173 -211 72 124 -190 80 -135 -231 -232 -75 -131 77 200 -205 51 -221 -48 -70 139 -143 229 131 -60 -97 239 93 152 61 34 92 66 215 217 -13 42 32 164 79 225 25 210 53 -4 -188 76 -109 -226 -149 150 -120 4 -170 214 189 137 147 -26 194 153 96 3 -92 -214 188 104 -39 -126 -36 -197 167 -212 159 -199 -230 133 14 -224 211 236 -6 123 56 90 168 -46 75 192 -160 -178 232 -14 -134 -77 -104 -164 191 234 128 37 -68 -242 154 -225 91 -210 181 193 -137 -41 -55 -108 -61 -244 -176 -227 -172 -228 94 9 -58 112 -204 122 -94 -2 -213 171 71 -177 -80 -65 -110 -17 -81 -53 -57 -209 -138 -128 24 -87 -247 145 -115 126 -238 84 -174 -127 169 -83 8 -133 -156 26 223 195 177 108 -140 187 69 -146 141 -181 -24 41 227 115 166 -207 208 -189 57 201 -129 209 -32 204 -88 -73 -19 -165 2 203 233 103 -35 100 -29 238 -74 -54 -105 -192 180 67 12 224 151 -155 -10 54 135 218 82 221 -148 -241 -119 158 -3 157 73 -142 -187 -122 -184 146 -167 170 173 111 102 -113 31 185 85 -191 -31 -93 240 47 -107 -89 -248 241 19 33 45 -161 163 -25 142 -102 -229 98 107 95 -63 -236 10 68 120 43 89 55 52 -117 -175 -198 -52 -141 -69 -223 -185 44 -91 -15 -154 87 -196 -56 242 -112 199 202 176 62 20 -86 -218 132 117 -59 -166 64 -67 -99 -9 -23 -194 118 48 162 243 143 99 63 -145 148 40 -208 182 237 245 -103 35 13 16 198 97 -162 -237 -121 -79 -95 -72 -123 23 27 -38 30 -147 231 -195 1 113 105 -249 119 129 149 -132 -27 -200 -171 216 -50 -49 -125 6 -136 29 -62 -234 -219 36 -203 60 18 -1 196 -139 -111 220 186 121 -186 101 -20 -78 15 -116 59 81 -43 136 -101 39 -201 184 207 -7 -45 155 -118 160 46 74 -150 -51 65 130 -217 -216 70 -37 -76 49 38 -168 -82 205 106 -180 125 134 58 -90 212 226 110 156 -114 247 -85 -151 -152 -84 127 -40 22 -42 -44 206 -239 -182 -71 -98 21 -235 246 109 88 -22 -34 175 140 222 178 11 -153 86 -64 -18 -100 219 144 183 -158
TEST 147 ARG:170 191 103 -44 -30 67 232 -41 -163 87 244 23 -52 -113 8 45 119 33 201 -81 -63 108 3 -239 49 -54 209 242 -189 -213 127 -134 -155 197 54 -5 -119 39 -42 210 -20 18 -80 111 53 24 151 -29 194 47 75 203 70 186 21 73 115 48 -206 72 78 130 109 -151 213 189 51 163 55 -105 37 -37 234 -90 -106 6 56 -234 -136 -102 230 -220 192 -245 214 -103 -133 173 -47 -159 -49 -235 241 195 245 -59 -8 110 44 -145 240 146 -202 -123 157 -9 -211 125 226 185 -165 -203 -84 100 -78 133 188 -94 91 -114 -141 219 -156 -95 25 160 168 64 -148 60 80 177 58 -193 228 -135 -22 215 -227 32 22 164 -199 -124 90 -110 174 -176 -250 218 -174 -45 96 -140 -11 -6 161 -143 -225 -180 2 118 -115 68 155 144 200 -166 126 -198 -96 -208 -12 63 -150 124 -85 107 223 -74 154 -127 16 -87 -132 -27 42 -194 -73 1 221 -111 29 15 5 102 41 172 -200 -223 -83 142 136 204 216 -186 137 208 -248 128 248 -28 -219 120 -226 153 132 -18 135 -34 -62 95 -138 -131 61 193 -61 -46 34 -228 -2 179 224 -66 -67 -243 148 -76 -232 -181 -164 98 -88 227 -10 -23 -171 -217 31 62 -107 -144 59 -146 171 -64 -97 86 13 -137 -93 -70 12 92 -192 -13 -214 -177 145 -231 -56 94 50 -7 -55 17 169 20 83 114 178 -188 139 -38 71 237 -215 82 14 -162 187 -4 122 -240 -190 -99 183 89 66 -172 -167 -209 0 106 -53 85 76 143 57 -238 -128 112 -121 43 -173 212 233 -207 238 -51 99 -109 198 -65 -101 -212 -77 -98 165 113 -221 -112 -26 217 184 -244 65 138 -205 -108 10 207 -249 84 -183 -86 181 -17 -50 149 -3 -187 140 225 -169 -149 -24 -241 -82 9 52 166 -19 -233 -36 -92 -175 -100 -40 104 -153 -246 229 -33 243 235 199 123 131 -170 -104 -68 152 -182 69 -195 19 81 147 249 -39 -237 -60 -204 -152 247 -25 -230 -116 -139 159 158 93 -35 205 -79 -224 176 134 -242 -14 222 -147 -48 -197 220 175 -185 105 -157 -122 36 150 196 202 -21 -1 -161 -191 121 -210 38 -201 -69 -117 79 -184 -222 -236 27 7 -125 190 -179 180 35 236 -218 -178 -229 -118 -168 4 156 30 -71 -43 -154 -130 167 -158 26 74 162 97 28 88 -72 -32 246 -129 -58 -142 141 182 -216 77 -75 117 -15 239 -247 101 -16 231 -91 -120 -89 129 -196 40 11 206 -31 -57 116 211 -126 -160 46
TEST 148 ARG:25 133 173 16 -63 -41 -202 200 245 -236 -177 19 239 -172 124 -149 244 -86 -116 156 170 61 -83 155 195 213 -58 -26 107 -176 -16 32 -231 -216 82 -98 -185 -200 -57 -161 -127 53 66 161 38 -105 50 -126 -154 0 158 -246 -100 -124 -174 -10 -222 -221 11 49 -220 87 -133 -131 -170 -36 117 -151 -81 -115 52 -59 -6 217 -128 91 -137 -178 130 45 204 105 -187 201 -20 -74 -245 115 127 -188 -194 -125 -34 -150 -40 -65 7 128 59 -155 205 122 -46 187 22 -12 62 15 104 -165 166 85 209 159 212 -2 154 247 -206 -97 153 17 -4 63 -239 -9 -113 -180 237 -22 140 94 -228 -240 -3 211 176 -21 -121 -198 150 -153 -156 71 -190 141 -67 -226 30 -142 -207 108 39 168 -8 -123 -199 192 -237 -196 -79 13 -146 151 -38 -193 -94 207 -53 -166 -224 -241 -69 -112 198 194 145 -209 -250 222 101 21 131 54 -101 88 -242 -129 112 26 -232 169 -54 -179 163 79 137 65 86 -88 -158 -114 -238 235 -167 221 -218 -173 138 -91 -93 -229 -90 111 -191 68 248 77 -110 -139 -208 -75 -87 -169 33 -95 203 182 230 191 -7 149 36 14 -111 -205 -82 185 118 -29 -45 -223 -171 -230 -25 121 -201 232 -122 -77 -37 139 -141 242 -1 233 -247 103 224 -24 136 -44 -107 -143 134 183 184 210 172 69 40 225 -186 76 -39 67 -233 83 -175 -211 174 24 -219 236 129 75 199 -162 81 -43 -13 -119 135 28 -217 95 148 6 -103 84 1 -189 -96 -109 -92 -49 12 -31 -73 214 196 72 20 -71 70 -106 186 -182 60 -203 78 229 -132 -64 48 106 -23 43 119 -72 -248 116 -152 -68 -89 223 -80 31 -19 241 35 -234 188 90 146 -56 143 177 -76 -11 -48 -27 58 92 175 74 -47 218 226 -135 144 64 44 -30 -134 215 -243 228 93 47 152 -66 57 202 4 18 -215 -214 -160 42 164 -117 180 -197 227 231 110 208 99 -192 -70 3 -18 249 165 -213 -28 162 96 181 100 -104 -163 -147 -108 -62 240 125 -52 193 9 -145 171 -51 114 -140 113 -159 102 -42 -183 46 -60 -212 51 -148 89 -195 246 -136 -33 109 -130 -35 216 5 -99 234 -235 -184 10 97 73 126 -15 -32 27 -157 -78 -55 243 -225 41 147 219 23 -138 34 160 179 157 197 -210 -164 -244 -249 238 -5 -50 37 -204 -120 -227 123 178 29 80 -168 56 8 -61 220 55 132 206 -84 98 -118 189 190 2 142 -85 -17 167 120 -144 -102 -14 -181
TEST 149 ARG:169 243 -171 -245 -140 -127 209 -33 175 108 224 117 8 -13 1 -146 -103 -166 -178 -37 94 -179 238 44 -41 212 -112 172 101 -163 197 106 194 166 48 95 -61 -42 -235 -78 -137 82 -182 247 -175 24 73 -151 -201 76 115 165 -89 227 56 -248 -216 -205 -202 149 185 65 -118 90 55 -40 102 69 -82 119 -46 58 -75 105 -116 43 190 -238 -62 137 49 89 -236 80 -221 199 -20 232 -135 168 107 -148 126 -43 85 53 -192 -164 116 113 -44 -249 15 -8 -53 203 245 -108 -187 -81 189 135 -188 -100 155 159 -1 111 179 -24 -160 34 46 -159 32 236 -139 -85 -126 -109 57 -55 208 -154 -247 -244 -121 -83 -91 -36 193 -186 217 -51 207 -48 104 198 -220 -38 153 -138 96 -191 -57 -165 141 -189 21 240 -45 -169 83 -250 -56 79 200 13 -246 -132 -110 -54 122 -136 -28 -97 75 110 4 -219 -19 -213 -47 112 150 -129 -158 -155 -128 26 18 248 62 87 -3 157 -230 51 125 -94 151 -207 170 173 177 -117 -174 -124 -149 -193 -184 218 -196 -2 -12 -5 -206 152 136 -102 -32 -87 52 74 -185 98 93 -74 -232 -145 144 47 -161 -84 140 138 -7 -70 -226 176 -49 -80 -183 -168 -26 -147 -141 22 -181 186 25 0 -4 -29 39 225 -134 134 -142 121 -86 99 -69 -242 204 -125 -214 242 127 221 181 72 214 -58 -39 78 -106 -212 -23 167 -72 211 68 19 7 180 139 54 -204 118 -177 -59 17 -21 -199 -60 -228 -237 206 -133 9 -157 178 -15 -77 16 -229 -52 109 88 -162 183 -25 192 -113 233 184 -64 -120 103 -31 28 -35 148 -88 -14 154 -203 195 229 196 -231 220 132 81 -99 -101 -105 -234 249 100 -34 -130 -73 -96 226 -17 123 -176 86 -156 147 -243 6 71 -115 -11 -218 97 -173 -79 5 -66 -152 -194 -180 -10 215 -71 92 66 11 -9 -76 61 -167 129 216 -209 60 3 231 -239 -104 182 -215 164 162 42 45 37 124 77 14 -197 31 187 -68 59 -233 -223 -92 -210 70 -227 -211 146 36 143 35 -16 -114 219 213 133 161 20 -30 120 142 114 -143 -150 -144 -50 246 40 235 171 163 -222 191 -93 -198 -240 -119 202 228 210 -22 128 91 -241 160 -170 234 174 -225 -111 145 -27 -122 156 29 10 67 -224 33 -18 63 237 -65 -172 239 158 -95 201 188 -200 -217 27 -63 241 -90 84 -208 131 41 64 30 223 2 205 50 38 12 23 222 -153 -131 -190 130 -67 230 -195 -123 -98 244 -6 -107
TEST 150 ARG:197 42 -103 -185 39 -84 12 244 194 155 -195 -50 141 -55 246 245 99 -160 -159 234 -145 -101 200 -158 -125 79 -201 213 -38 55 92 230 -178 35 65 193 30 -142 102 192 24 -19 -118 -210 -82 -99 -222 190 191 127 -174 36 -112 -30 -35 235 -151 159 -76 178 -152 31 5 69 7 215 -74 -37 -86 -213 -81 -124 -52 223 242 -108 -223 -2 83 -39 121 -130 125 -113 143 49 -217 -116 -250 54 187 94 248 161 -193 -229 103 166 -44 131 219 -175 175 68 -83 -26 50 -138 157 139 6 -121 -202 -122 116 182 -13 -36 142 152 -60 -47 40 -247 -239 -62 -238 -57 -170 -179 -10 76 -162 -176 -188 -115 -45 134 -75 -241 -240 217 -15 81 14 87 2 -143 75 -69 237 -206 -237 25 -127 90 -132 -153 -236 -148 98 -106 -147 181 -72 -173 -70 201 -89 28 -93 156 158 71 162 -14 124 -154 228 -245 133 206 164 169 115 62 -63 101 -56 33 135 53 17 -78 52 -119 -209 -164 -40 241 108 37 -59 105 -197 -184 -232 196 -215 95 225 220 -146 -77 15 41 -22 -165 19 88 -211 239 -190 -5 136 -120 4 -95 44 46 -134 177 -16 109 3 -235 202 114 47 211 -31 167 145 229 21 104 -243 209 150 -133 -48 214 1 -65 176 -53 -66 238 112 -51 60 216 -34 231 172 233 89 -183 138 -73 -157 10 -17 119 -200 -24 -85 188 148 122 -27 195 137 -187 -41 132 -114 -100 107 207 -167 129 226 34 -205 -227 -244 11 78 208 153 -23 67 91 64 -155 57 51 -182 -194 29 8 110 -186 -1 224 -3 18 72 179 -28 168 -216 -129 149 -204 -208 218 61 -12 173 -79 85 -166 59 -68 -203 205 45 199 165 -97 -230 -88 -231 204 -117 -224 74 27 38 111 212 -6 -207 -214 170 144 198 171 140 -25 106 77 -161 80 -169 -196 -189 227 -110 189 -18 -42 -246 146 184 222 -168 240 -131 -9 186 -8 -46 -49 -234 -140 -181 56 128 -71 160 48 -171 113 -4 32 -98 96 174 203 -248 123 -149 -90 -20 247 120 23 -233 13 -67 70 151 -128 63 -111 -11 -21 118 -58 93 -33 -80 100 243 -212 -163 180 97 -137 -123 -87 -144 86 22 -221 -172 163 -7 147 -192 210 130 -96 -177 73 -228 -54 236 -64 -199 -61 -135 126 -225 84 -141 9 -249 0 -105 26 -126 117 66 154 -104 221 -198 -43 -102 249 183 -139 43 -180 58 -109 -92 -219 -226 20 -94 -156 -107 -218 82 185 232 -191 -32 -29 -242 -136 -150 -220 -91 16
TEST 151 ARG:59 -244 40 216 61 97 217 133 22 248 16 -2 202 181 -146 60 206 -15 -188 -197 -54 -236 -169 -209 28 208 -12 -214 66 24 218 -118 -206 -201 132 112 -248 -192 204 3 -75 2 -189 -198 -96 4 -81 129 -181 -166 234 -53 33 138 182 137 169 187 -208 87 -140 173 37 176 78 -134 192 38 -221 -195 -20 118 122 -194 -27 64 148 -93 149 213 -237 92 -57 70 -117 -227 74 230 -212 -103 -246 -77 -167 170 127 104 231 15 -47 128 43 207 -65 -66 8 101 -82 -51 -186 -139 232 -39 119 162 -176 110 34 49 -16 229 115 -145 -17 -226 -8 -110 18 167 96 131 -239 -108 -107 124 -220 -30 -141 -177 -247 -33 154 -122 106 116 239 -32 9 121 31 90 -58 -63 107 27 -114 10 191 -67 -190 130 189 193 139 120 219 -205 108 -249 -196 81 32 -4 -113 -74 -245 -158 249 69 95 25 19 214 -238 -235 48 199 205 -202 -116 -41 194 -153 200 -199 -94 -92 -233 75 -215 -9 -142 -111 -135 -154 26 -76 155 -211 -42 -123 -175 -115 55 -222 -104 -11 247 -129 -71 195 67 227 83 -174 -224 -59 -64 210 54 11 -19 179 -37 244 -101 -183 -182 145 -105 -5 51 12 147 79 -98 82 126 1 152 215 20 143 -229 17 -60 -187 91 -69 -1 -225 159 -89 -22 -34 178 180 -133 76 114 -7 6 -180 -72 142 -217 -170 166 56 105 29 -10 50 71 -124 -48 -68 171 -213 36 -97 84 184 88 188 177 236 63 -35 21 41 -24 156 161 62 -25 172 235 -44 99 -6 -29 -100 14 -130 201 233 -148 -155 89 -14 -240 242 -84 -131 -171 243 -61 -95 228 45 198 -203 237 146 86 157 175 -191 -26 -232 209 -234 -50 -165 135 -3 140 -73 -137 -80 -243 85 58 57 42 211 -43 -21 -46 -164 -88 -121 -99 -102 47 -228 73 141 163 -242 -31 -125 80 -159 225 98 -62 -144 -185 30 134 102 185 -162 -250 -136 -151 44 35 -231 -106 -200 -109 136 53 221 -49 153 -55 -127 -23 23 222 -90 -52 46 -45 -241 -223 109 -161 246 196 -86 223 72 77 125 93 -219 94 -83 197 -79 -78 212 65 245 -152 -120 220 -112 -91 52 -132 -18 -87 -28 -160 -207 103 -70 160 -143 -172 174 -40 -13 238 183 -150 -216 -36 168 203 -163 113 144 -38 164 158 -156 -56 -138 150 -149 -204 -178 123 -184 -210 13 -85 39 151 68 240 241 -126 190 -218 5 186 0 -157 226 -179 165 117 -168 111 -147 100 -193 -128 -173 -119 -230 224 7
TEST 152 ARG:57 -25 -163 -138 -246 -185 -159 45 243 -210 -33 192 -28 196 14 133 -88 -181 -231 109 52 -172 179 -141 -150 88 200 -13 165 -230 -206 67 -99 150 223 30 -240 -134 149 -52 -79 -232 -144 -146 -147 219 26 9 248 80 -69 -218 -199 24 -213 146 -173 -118 -90 -50 37 -24 23 194 -51 232 -34 -222 174 189 -176 -123 220 -110 233 -201 -227 234 116 -154 -111 -179 20 -180 -92 197 -204 210 -186 114 -67 198 -117 -16 -236 -151 -42 -202 -82 71 70 43 -216 78 -168 242 240 215 -132 19 -32 173 -65 -57 100 148 107 190 92 -91 -200 147 -80 -12 -175 103 -243 -158 -81 185 17 162 117 231 -207 -203 175 137 -19 105 -167 235 94 122 193 -212 0 -5 169 -161 93 104 -64 72 -74 -223 -148 195 -188 54 47 -195 176 -119 -54 87 157 73 188 126 69 239 22 -76 41 161 237 -125 119 -145 -190 213 1 -215 164 16 66 42 35 95 -209 111 143 218 135 13 120 -4 171 76 209 -85 -108 158 -44 -139 -177 172 -198 -239 -102 191 183 -55 227 151 -192 -75 -45 -62 -149 64 -1 -133 -193 55 211 -73 106 131 -72 -183 141 49 -164 -53 44 -101 -114 -49 27 -221 230 -157 177 145 -56 -70 244 -244 -242 -189 -26 246 48 132 -63 -182 206 207 -122 110 -196 59 208 51 228 -21 -120 -224 216 84 25 -35 -152 245 -78 -247 247 -15 90 56 -77 214 11 204 236 38 -23 -17 -31 101 144 -229 -96 -233 -217 -106 63 -3 -228 -248 136 238 -14 97 -2 60 217 -22 33 -143 -155 -128 134 68 58 -191 -39 229 -47 121 199 -208 -235 -131 140 139 10 -61 -241 118 -205 -116 -214 241 86 -29 75 112 -250 124 -171 32 -107 153 -71 170 15 -68 3 -59 181 -11 182 -83 168 113 187 74 -7 -30 -40 36 2 -136 -87 -129 34 201 91 -103 -194 184 -184 226 123 21 222 155 -153 156 -36 65 99 -137 77 102 5 -170 -238 115 -60 98 -41 -127 -121 -58 -174 138 -162 89 -220 212 -245 -140 82 85 -95 -38 203 53 -18 83 166 -249 221 46 61 -27 4 -48 -219 -100 -165 -113 6 225 142 178 29 -166 -197 79 39 -142 -211 186 -126 -37 160 -66 -234 -130 96 -112 202 -84 -8 -115 -86 62 -104 -160 130 12 -46 81 40 -156 31 167 159 -105 224 8 154 -93 -187 -124 50 -178 127 152 -94 18 -97 249 163 -135 180 -109 -237 129 -10 -20 -226 -6 -169 28 -225 128 -89 -43 -9 -98 205 125 7 108
TEST 153 ARG:-51 77 161 -186 63 130 132 149 196 79 -144 -66 182 217 -224 74 193 -83 201 91 -91 -87 -70 -115 -180 175 -136 216 45 29 -160 14 -243 -76 150 160 202 -174 -239 43 31 158 0 88 171 -210 -192 198 44 195 -218 167 -153 -75 99 -113 -68 -45 -128 105 -74 156 206 64 -188 -214 53 111 71 -53 115 92 -220 -122 -146 -233 94 139 -7 -150 122 166 146 -241 16 67 -138 20 -95 249 -127 173 -106 -62 -67 12 -137 123 -208 -31 -242 90 -73 -5 -56 -246 -230 224 225 -111 32 -140 -98 194 52 -18 -81 -57 233 -149 213 49 127 -148 -103 242 -23 141 -201 -205 154 197 -93 -199 -119 231 82 138 -33 -234 165 -77 97 61 180 -71 -39 112 -120 -206 39 -116 210 -173 -139 184 -82 30 93 -15 96 -172 17 81 -22 41 5 246 248 152 -69 83 7 -223 169 22 -231 -125 13 75 -202 -48 -232 -213 27 95 -3 -216 -235 -163 -229 -126 222 -131 40 -50 203 245 66 -2 -222 54 230 55 -79 -179 -164 73 148 -4 78 -203 142 -27 100 229 109 -72 25 118 128 -11 -64 -124 -190 157 -85 8 131 116 -240 181 -156 36 57 -101 244 -89 -225 -227 113 23 214 -178 226 -58 -141 121 120 163 124 37 -117 1 211 10 -46 162 -182 -194 218 -63 -109 178 -204 -105 -215 -212 -245 159 -92 -147 190 -118 86 4 -121 -28 -143 223 35 21 -107 -162 -237 137 186 -32 6 106 -44 192 -181 219 -165 -191 238 62 144 188 -248 18 129 235 240 -135 187 70 204 227 -195 -41 177 232 212 125 -168 153 134 42 -196 -43 -60 -84 -200 -187 -198 110 145 -209 -13 -65 28 -52 -42 -221 -37 -176 102 -159 143 -133 -129 -132 38 26 -154 51 85 -29 -104 -26 -90 -177 -94 -171 -38 -80 119 133 176 -114 -228 -175 136 -40 -166 -88 168 2 -61 -19 208 -217 -96 -157 -99 89 -193 48 -54 205 -30 50 236 15 200 -244 -112 -10 -155 103 183 140 65 76 98 -1 -86 59 -59 -130 -14 -142 -9 209 174 107 164 -20 -24 -78 47 -47 -55 247 -25 19 155 -49 151 69 170 -102 243 -161 -185 -6 -108 -152 34 101 114 -123 24 -183 199 191 135 -35 221 -12 -167 -189 56 185 46 -97 -211 -151 84 -8 -17 -169 9 220 80 -21 87 237 -110 58 -236 -207 215 -197 207 -34 117 -134 -238 -100 -145 -158 179 239 172 -249 -36 228 -250 3 -170 68 -16 189 -247 -219 104 241 126 11 72 147 33 -226 234 -184 108 60
TEST 154 ARG:-32 -156 -217 123 -49 97 4 -181 -174 17 -124 199 -82 55 184 -54 74 -112 -191 204 -204 -243 56 60 100 -177 -165 188 -34 -172 -107 -29 212 197 87 -50 -104 198 202 -180 11 236 53 -61 -121 -10 -139 116 -170 -117 105 41 -44 -247 239 219 -244 -79 92 -203 124 -190 140 232 167 -48 -241 -71 153 166 -212 90 206 68 -143 -38 -201 169 -138 -25 -236 -200 -209 125 33 76 -15 -58 -41 -142 -239 -246 64 13 235 -18 -97 -88 -237 2 -214 137 -5 -176 94 -86 -110 38 28 -185 230 -1 -168 -47 223 -3 -162 174 -148 191 149 8 104 196 -147 -242 208 133 -206 154 0 200 -151 -81 34 -87 89 131 111 171 20 -78 -8 40 -198 37 24 23 143 215 73 -188 164 -101 -215 83 -137 93 -218 -9 -59 -133 86 165 6 9 80 58 35 18 189 77 21 141 190 43 -131 -167 71 -105 -225 136 -118 227 132 -220 52 128 135 142 -123 -226 -175 210 19 36 44 98 221 -21 -207 45 3 -228 -149 106 119 234 109 -164 25 95 22 -245 175 -80 -182 -106 -27 -42 159 -169 -95 231 -140 -4 -114 -16 -163 182 -192 30 144 -223 -210 151 240 69 -229 176 -234 88 -63 79 -24 114 -26 224 103 7 -99 238 -43 65 -74 -152 -51 179 226 185 -28 -235 -40 -145 -208 46 193 242 244 -113 213 -85 -115 222 -62 91 -89 192 26 -195 -70 138 54 5 -144 -221 -154 -213 75 249 -39 -122 -67 -127 -141 -12 -135 246 49 -108 -11 10 -36 -178 42 205 225 -94 -248 194 31 -84 112 -90 134 -183 57 233 177 63 156 168 -77 -216 -76 -83 180 113 14 -53 121 -126 -103 -171 -96 -179 -14 -233 -6 39 172 -193 32 -52 152 -222 122 107 -65 -150 -155 -166 -187 -125 -173 -250 47 -37 -130 -35 -119 -19 72 -46 115 173 82 229 16 170 -7 27 160 245 -109 102 -128 -202 214 117 -159 178 181 -161 127 -153 67 -211 -224 81 -196 -72 -56 -33 1 78 147 12 -93 -31 243 203 110 -98 162 -45 -219 -91 61 99 211 195 -136 101 -189 62 148 207 -158 209 -17 -92 96 241 -68 -249 157 -199 -132 247 237 59 -2 146 145 -20 -134 163 -129 15 -227 -69 84 -102 -232 120 -230 -73 -60 -160 -231 -238 228 -111 50 -120 126 -66 29 66 -205 248 158 -22 187 -100 -194 150 -55 -13 48 51 218 217 -75 220 -240 108 70 130 161 186 139 -197 -184 -146 -23 -157 -64 -30 183 129 118 -186 155 201 -57 216 -116 85
TEST 155 ARG:-87 -86 208 17 -216 -168 190 161 -195 -137 177 -149 -145 -48 -10 -176 -119 244 199 -157 -105 167 150 240 51 130 -179 -110 -175 -47 239 -174 -20 -243 69 -131 243 226 115 49 213 -135 -248 113 -60 -153 103 128 -192 -62 -24 172 -113 156 -234 141 119 -166 18 -39 -169 -61 127 -74 146 -91 9 -221 -99 44 16 183 -197 211 -235 -155 -193 -152 -214 147 -130 -14 -139 -236 -133 -245 -59 136 13 54 -224 -38 31 6 -95 160 78 98 -194 209 -159 -1 -109 -207 -78 157 123 8 -84 149 -171 -17 -241 -167 168 -215 57 -127 175 124 60 184 181 21 71 178 -172 137 -134 -9 -71 26 -75 -205 228 230 -35 225 -25 -227 -196 -3 -55 203 111 5 -222 189 85 -90 -150 210 173 -223 238 -53 -5 249 -228 220 126 -116 73 -92 -52 196 -189 221 47 27 -37 -177 165 -57 -34 -146 -114 -100 133 -151 143 -29 162 -161 -182 -49 -42 -250 158 223 46 102 -115 -199 198 -164 3 171 -65 -187 56 -211 52 87 236 11 100 -56 155 10 131 94 129 207 169 2 -11 -112 163 202 -69 -148 -126 -240 67 216 185 96 1 148 -79 235 36 204 -13 -108 90 -107 174 -2 -217 107 50 227 -89 229 219 -143 248 -104 -76 -64 -201 89 186 -132 97 166 29 -19 -58 -50 -230 105 7 -103 135 37 -97 75 -63 -12 -33 -51 222 15 -41 -21 -30 -136 68 58 -233 95 109 -36 55 -77 -44 215 144 108 -184 122 152 -85 159 231 125 -212 -190 -202 -93 30 -138 -206 246 74 -31 233 -120 12 -106 -125 -142 194 -81 118 32 64 -181 -67 61 -209 45 -249 218 164 -80 -218 140 153 48 35 91 14 -220 170 214 245 22 -117 -239 80 -237 -123 79 241 104 -16 43 39 176 59 25 -32 42 -83 -208 82 -96 106 93 154 28 182 -180 151 205 -158 -102 -170 142 83 76 -23 -186 -46 -121 200 232 -122 -8 116 72 -160 -154 -238 -178 -6 193 179 -40 81 -191 -144 114 -54 -242 206 -226 84 -82 -70 -45 -18 101 -118 -141 -147 -198 20 -15 -43 -162 86 -183 242 -129 -94 -204 -27 40 -203 132 -229 63 -101 -4 187 66 -128 -124 77 -163 -22 139 112 23 33 -219 -7 41 -210 -185 -247 -98 65 180 138 34 24 0 -246 -72 117 217 38 53 -225 88 62 188 -244 195 -111 212 -165 -140 -200 192 4 -231 70 237 -188 120 -232 121 247 99 145 -88 -26 191 92 110 224 -66 -213 201 134 197 19 234 -156 -173 -68 -28 -73
TEST 156 ARG:-103 -240 -227 181 -207 226 184 -22 -68 74 -186 -202 -50 -131 -230 -205 123 -184 -80 -5 40 155 -245 -236 232 -72 -14 130 77 -137 -149 129 128 152 -60 223 2 -133 -210 151 241 205 -96 35 72 42 -167 135 48 168 -47 -132 8 101 -203 32 17 212 220 137 231 217 91 -4 245 100 43 239 -105 84 -57 -185 78 179 203 39 171 -58 195 -44 242 236 -162 -142 -216 227 97 37 -242 -92 -124 70 -165 224 248 -106 -206 -34 214 189 -17 -64 -141 139 -24 -226 -198 157 -180 -150 -223 -228 31 4 89 -94 47 247 11 122 -27 -156 -170 -98 -157 192 228 172 -208 133 -99 -178 71 -70 -100 -35 -30 28 -112 -104 162 -118 59 -55 173 63 -114 -13 196 200 -29 19 -48 95 -69 -90 146 29 -33 -145 238 -222 215 -46 207 106 126 80 -166 -102 -229 -181 -200 -238 -140 -153 202 -201 -66 -219 7 124 197 153 -239 -189 183 156 -31 185 249 49 -65 -197 -115 -52 229 -190 -146 -134 182 -123 127 -110 233 -39 76 -97 -41 198 -32 56 -244 193 -215 -3 93 -209 -12 58 26 -217 -95 149 -28 -121 150 3 -59 -42 206 67 9 204 219 107 -81 92 120 27 -38 104 158 -164 66 79 201 110 -235 163 -67 20 121 210 -152 -148 34 -91 60 164 234 243 -7 -188 174 160 15 -192 -15 141 105 -234 -10 180 -173 176 165 21 140 96 -23 -199 138 -116 65 16 -211 30 -76 -51 -77 147 134 132 -139 -196 -159 -191 55 -54 112 -2 90 -195 240 75 118 169 -62 12 244 94 117 144 213 83 -37 216 0 -168 -246 -101 159 -183 -126 -89 194 -225 -232 -144 86 186 102 167 51 166 221 -187 -75 230 -88 41 62 45 81 13 -20 -120 -138 -176 199 -129 5 -130 -82 -182 -143 -213 187 23 -172 -8 -224 -248 -169 -136 -45 -63 225 -40 -154 10 -177 -16 -43 -163 57 -122 113 145 33 -79 115 -9 -250 -204 -11 108 87 1 -249 -6 191 -71 -161 136 170 99 -108 -174 98 -113 -87 161 38 -111 125 14 131 -193 -119 50 -61 85 -83 54 53 -18 -36 246 -53 -179 69 -74 -171 143 235 36 -78 52 211 116 -84 -220 -221 188 -49 -19 -109 209 -158 237 68 178 -175 -241 18 -117 -73 -107 154 103 -231 82 24 -128 -1 -135 -237 44 -147 222 109 -25 -86 111 -85 -125 218 -214 22 175 177 25 -127 -155 142 61 208 -218 64 -93 73 88 -160 -243 6 -194 114 -151 190 -56 -212 -21 46 -233 119 -26 -247 148
TEST 157 ARG:166 79 199 212 -141 30 -113 -80 -22 64 -232 -215 -217 242 39 37 -214 -173 -233 -46 152 27 65 208 55 26 11 -138 66 -11 157 217 58 170 92 -186 88 -1 -247 -231 -87 126 -120 -59 -157 -89 -234 -226 -170 223 -137 214 -17 -52 -242 125 184 85 57 -30 -180 -98 -94 95 -194 249 -6 -42 -4 -116 -57 -184 -171 -199 206 -143 -153 -91 134 148 181 -86 -106 118 6 146 180 165 -108 103 -208 -147 196 56 238 200 -70 -35 -18 -152 111 -244 -81 -132 110 -131 136 -28 -122 -19 -21 -62 -15 -90 -47 -189 156 29 247 60 -245 -8 -174 161 -110 105 -127 -202 154 -222 116 202 48 87 187 241 224 -71 94 43 232 162 -216 113 -129 235 -77 -142 123 239 -221 -126 -100 42 129 -144 69 173 10 9 -148 -23 -26 -121 97 36 246 101 -13 -151 -9 -50 61 -139 145 179 158 -76 13 -212 -40 -123 2 236 -196 -37 72 18 171 245 191 124 141 -54 192 209 -114 8 189 82 -206 163 89 -118 -2 -69 50 -250 -74 91 38 -79 186 4 221 -84 151 182 219 133 210 128 177 31 -56 218 -155 -125 19 150 -29 41 -168 -235 240 -5 -95 107 225 -112 34 -150 -134 106 -154 204 80 114 -72 -109 -149 117 40 21 93 20 -12 175 -115 -14 149 178 49 -25 201 -230 -203 112 -102 73 -68 -210 35 -39 -88 -66 71 -20 75 -124 -45 172 147 -227 244 62 188 119 205 109 -176 115 -44 -130 -191 228 -159 160 131 90 47 32 203 234 -73 248 -104 194 142 185 140 17 153 70 0 207 213 53 -97 -117 5 176 77 -177 -85 164 3 -219 -181 -172 168 -200 -183 -160 12 81 -133 -10 227 -43 121 -145 193 -175 169 -187 23 33 -64 108 -204 226 -58 25 102 -33 14 -63 -201 -78 143 44 -119 229 -237 220 174 139 -38 -243 63 74 -156 -27 -48 -169 -190 99 -83 84 120 86 -248 -162 -165 78 190 -146 -223 -93 -99 167 22 -82 222 243 -32 127 -195 231 -241 -55 67 -188 -16 104 197 -198 -53 16 15 159 -239 -7 -101 130 -51 -65 24 -238 122 -236 233 -136 -185 -213 215 52 -158 -31 230 -228 -41 -3 155 -166 -207 -193 54 51 198 45 46 68 -246 76 -249 -209 -107 -92 98 -179 -182 -192 -225 -205 237 -24 59 195 -164 96 -61 -75 -36 -49 -140 -111 -105 138 100 -34 -161 -103 -211 135 83 -220 183 -218 137 -67 211 -197 -96 132 -240 144 -229 -60 -128 216 -135 -167 -224 28 1 -178 7 -163
TEST 158 ARG:-200 15 236 7 234 -147 -78 -242 -45 34 207 174 106 53 138 92 -201 -245 107 198 242 -41 -206 77 124 223 -197 -176 40 221 -18 96 -207 -180 -172 16 -221 -102 -184 72 -77 1 162 248 -121 -247 -132 -75 63 45 48 -88 -159 226 -135 -202 -238 214 -2 80 -225 -240 -231 -223 37 -72 83 112 -6 -34 90 -128 -43 -177 -117 -162 144 -101 94 158 199 229 111 129 -82 164 116 180 -127 131 110 71 -44 10 167 -24 24 -76 -30 -145 220 -97 -236 38 -185 -186 208 -122 -16 109 68 191 243 181 -112 -179 79 84 -65 -126 -27 5 211 143 20 -187 182 148 -233 -37 240 -213 -216 18 67 -137 -103 -40 173 -141 -124 -50 179 -228 -13 -85 -9 4 -249 -134 -80 176 -74 51 104 145 -5 -156 -104 216 -194 -68 -149 183 230 88 137 21 233 -220 154 46 -131 187 241 -158 -133 43 52 27 -11 193 134 -204 215 60 12 235 55 141 108 200 -108 194 -164 35 -73 239 -111 -226 101 -246 189 -48 -205 -210 -120 -198 93 -188 -144 -15 99 -114 59 160 0 -67 136 197 -25 28 -182 -55 17 127 -42 -95 -58 222 -148 -208 -12 163 -26 -28 73 14 100 210 -167 113 103 172 -244 -150 -35 218 128 -166 11 -195 81 135 70 -175 -106 -151 -83 -21 -33 13 -243 -157 -203 140 171 -161 -22 56 149 232 65 -211 -56 178 -60 39 -51 -105 29 -146 157 54 -190 224 -49 74 -54 89 147 31 9 -32 -71 -239 19 86 -52 244 -230 -115 -235 -87 142 -250 -234 -174 168 -199 217 105 36 -118 -59 -129 64 139 -189 153 126 -100 25 122 -20 -139 -130 185 -248 -163 -63 238 -29 161 120 209 -152 -46 -109 249 -90 -70 114 78 188 184 62 170 -229 133 -222 -237 190 22 205 -7 -36 -69 204 91 201 118 246 32 -81 195 192 49 -183 -64 121 -94 219 203 2 95 -119 -57 -168 -1 -224 33 -193 -92 132 -19 85 -86 125 61 57 8 123 119 -181 -218 117 206 -160 66 202 -91 166 177 152 237 -123 -178 -66 -125 44 -31 -113 231 -196 245 227 156 26 -3 -191 23 -140 225 196 6 150 87 -38 -17 169 30 98 151 115 -138 76 42 -232 -143 -79 -53 146 159 58 75 -217 82 3 97 213 -219 -136 -173 -23 -154 -98 228 -107 -214 -93 -171 -110 155 -116 -8 41 -165 -99 -212 -153 69 175 -14 247 186 130 -215 -227 -169 -89 -142 102 -170 -209 -192 -241 -61 -47 50 -39 -62 -155 -84 -4 -10 212 165 -96 47
TEST 159 ARG:70 -227 63 134 233 80 -102 143 -162 204 84 -18 -123 171 -132 189 101 -91 -74 215 147 89 -148 140 246 -103 196 142 -147 1 60 -197 -214 148 188 88 205 35 -82 -150 -176 -52 239 167 151 -54 -56 -154 -247 119 37 109 138 -110 225 -134 -29 -126 -125 -166 158 -5 -207 125 39 -199 203 -87 -152 -142 200 5 17 -202 175 187 112 150 -160 -200 -41 -235 -50 -127 126 -58 -243 74 206 -216 -178 -155 -27 -4 -183 -184 -233 55 -70 222 106 -185 -71 224 128 79 162 -122 -105 -157 -191 -39 -80 87 -78 107 -49 133 223 -169 -11 21 241 177 29 15 -38 -135 -248 58 -68 -139 26 -81 33 8 -242 -192 103 -175 16 -47 -94 -116 136 -167 -114 19 -193 115 -64 -240 211 -26 -182 -24 220 -203 31 210 129 -208 13 163 118 168 -3 -77 209 100 -19 -179 -140 -9 3 217 -101 -218 42 -85 -246 108 -239 216 32 -86 34 75 -136 -230 -113 184 -170 44 -249 170 245 238 -63 194 -119 -45 9 -88 132 -187 192 -28 227 159 -171 96 69 -156 243 155 48 -181 83 -93 -46 57 149 -188 -212 -44 53 66 214 14 -224 -13 -130 52 -37 -173 178 47 -151 -201 46 144 -120 160 68 62 176 -172 -72 10 -96 -48 -211 185 -226 -51 -112 99 -221 -144 92 235 91 193 -69 237 181 -153 229 -98 23 114 -163 64 49 -206 228 -61 18 90 -245 166 -35 22 -236 0 -55 -195 -76 -104 105 -189 -149 -143 -62 127 -121 -124 -21 -217 -223 173 141 130 -108 59 -6 -106 104 248 121 7 249 82 240 -219 102 -229 122 -241 172 -33 25 164 -165 230 116 -100 20 197 94 -158 78 -237 -117 -16 93 -232 169 154 97 -34 202 77 -168 124 -244 -159 -75 67 -115 -164 -222 156 -43 -42 -79 2 81 -180 -231 -89 146 -83 -190 38 -128 -15 51 207 71 -215 213 27 -92 -198 -213 95 -137 131 145 72 -59 174 161 226 120 -25 212 43 41 86 98 117 -17 -12 234 65 -31 -129 40 -177 232 191 182 -131 11 -133 -23 123 61 -20 244 -250 153 -145 -84 -225 45 -141 56 -210 195 137 242 247 113 179 -7 12 231 -32 -73 -196 -10 54 -205 30 -30 186 -36 -111 183 201 -174 24 6 221 -99 -234 -107 165 -209 152 198 -138 -22 236 -204 28 -161 85 -2 -53 -57 36 110 4 -40 73 -1 -220 -118 180 -60 50 157 -65 -146 -8 -238 -109 219 -194 135 -186 -228 -67 199 139 111 -14 -95 76 218 -90 -66 190 -97 208
TEST 160 ARG:223 83 -76 -115 208 -69 90 -144 -75 20 -207 218 -45 -232 8 211 -158 -49 72 -140 -113 136 59 33 -109 180 -230 -68 -73 -145 -5 -208 -53 -9 38 -214 43 21 -36 -14 -177 104 -135 -216 166 -24 -6 -67 49 -184 -149 209 71 227 -233 -124 77 138 78 -134 -125 74 -132 99 -35 44 -234 160 89 -116 127 -122 -102 97 189 -38 174 16 -153 109 1 -58 116 202 75 -27 -169 117 -3 11 154 52 103 -55 129 -99 27 -156 -249 -31 -236 -2 -170 212 -226 -250 203 245 106 -195 64 19 -104 -131 -12 201 187 182 142 125 178 56 -202 26 50 47 -245 -246 -241 172 28 -21 54 -163 168 6 -111 247 -28 -159 -117 143 -194 -139 70 231 -161 -222 61 105 -46 98 152 -200 85 229 -85 161 -146 224 107 -198 84 81 -65 -209 -175 -30 -217 244 87 -137 -215 88 184 -180 58 170 2 -167 -61 119 147 -54 192 124 -248 -240 -29 -147 -193 95 -13 175 -176 -17 -105 -141 167 -196 35 216 196 25 -112 -16 -151 -43 -127 -23 -238 -187 181 -182 -34 134 -93 -96 -51 -220 -121 -129 118 -52 -83 207 -64 -192 92 249 -150 -101 18 94 -218 -26 -168 114 153 -174 -231 -90 -130 17 191 -25 53 220 51 -228 10 228 130 158 7 -48 173 -92 -72 45 -244 156 -120 246 128 -247 235 40 183 162 238 -89 34 57 243 4 -227 -118 110 -88 -19 32 -229 -126 -98 100 -108 30 222 163 -155 -10 -221 41 190 91 -86 -242 55 -166 -189 -60 -87 23 -164 -219 232 169 37 -80 -142 239 164 -11 -50 -197 -62 -185 102 131 76 46 -225 -100 13 165 -206 96 157 66 148 -205 204 112 -133 -18 176 15 82 159 -59 -22 -44 -239 215 -201 198 233 9 29 86 -40 225 193 111 -188 113 146 -94 73 -128 14 -157 210 -148 -4 79 68 221 217 -82 -97 219 -160 230 -178 -70 -15 60 -210 149 -138 5 -39 3 199 194 -165 -78 188 62 -152 -63 65 115 -41 -7 -171 132 -57 -191 -179 -190 200 135 69 195 213 -162 242 93 80 -107 137 -224 186 -181 24 -237 141 -123 120 -32 -204 145 -136 -119 -114 -106 197 -103 -143 -33 0 -42 108 -223 140 -84 121 39 22 -95 -203 126 -213 171 -172 226 240 -77 -8 -183 237 236 -37 -186 206 185 -47 12 -81 -235 31 122 177 -91 214 151 150 155 -110 36 205 -211 -79 123 63 -1 133 144 -154 248 179 -71 -173 -20 -74 -212 -66 42 241 -199 67 -243 48 234 -56 101 139
TEST 161 ARG:-95 206 30 -175 93 -231 -66 181 17 -213 162 -80 244 174 -241 -56 -160 213 49 28 -6 -142 182 60 238 157 -177 -115 53 45 -244 10 -237 -79 50 -62 73 -28 201 -199 170 103 100 195 31 -130 -211 -239 -43 -2 -1 -126 18 3 -65 43 -182 115 -30 -193 -184 210 -139 -152 139 132 54 111 98 225 -35 239 -125 56 -101 96 -219 -209 -140 14 68 185 -42 -190 -141 -167 51 145 -92 20 142 -94 -218 226 167 5 -96 -21 77 -225 11 -210 -208 7 -19 -59 -15 214 -146 -144 233 -155 70 171 -212 -36 107 -5 -55 141 -154 -246 39 -87 -232 246 208 242 -10 106 -166 97 152 188 110 124 176 -131 -233 -60 81 33 131 121 138 -22 -161 66 46 -40 -132 230 -50 196 178 150 127 41 -75 59 -16 164 -247 -164 -104 -63 224 -108 234 184 -105 -57 -61 114 94 218 -106 118 12 63 -118 126 -91 -187 -153 -158 -236 104 -48 -83 6 -103 172 -11 -206 249 -169 -70 -45 -207 -229 -176 -68 -81 189 -72 37 241 -165 -186 123 -181 129 207 -197 -249 -34 22 13 140 149 99 186 -33 2 -37 -205 205 -44 116 -185 -54 -18 -242 -117 -183 87 194 -122 -53 -163 42 -198 -222 -85 -170 144 147 -216 -107 25 222 137 90 -204 -27 -74 130 -88 175 -203 15 231 158 89 120 -8 29 -25 -82 -214 -114 -168 -189 92 -215 -97 -7 -134 199 23 -9 79 -150 19 155 38 -221 74 32 -41 40 -195 198 192 220 -248 -172 187 -148 -224 71 151 223 -17 173 1 -13 -149 122 -145 69 203 -217 229 102 125 168 76 179 0 -121 -138 193 -124 166 237 -110 -23 200 -99 248 44 135 245 -226 -90 -77 -173 47 128 -228 -89 -135 165 148 101 -143 80 -238 83 -100 -109 88 24 215 -98 -3 -120 105 136 191 -73 160 146 133 82 85 -223 -46 221 4 -245 -147 -227 -47 78 -196 -133 8 247 34 197 -123 134 -200 -230 216 -116 169 95 -119 227 35 -14 64 109 84 -76 -29 36 21 67 209 -136 -220 48 211 -156 180 -38 -32 153 232 -64 117 -58 -151 -20 -4 161 75 -102 -243 228 -128 57 -192 163 86 -67 119 -202 -86 236 177 -174 -26 235 -137 16 91 -188 -127 -250 240 154 -112 -113 -240 -111 62 -191 -178 -31 58 -180 -179 -201 -52 212 -159 202 -234 -171 61 156 -49 52 55 -69 -157 -93 -194 -78 -51 26 9 108 27 -39 -24 -235 113 204 217 -162 -12 183 -71 159 -129 219 190 -84 243 72 112 143 65
TEST 162 ARG:-21 -246 219 -48 -160 -125 -12 60 82 -221 99 200 -210 63 -161 181 -234 -14 -78 -119 -25 161 -241 54 -92 -93 -235 -16 -232 -181 -139 149 -166 -127 76 -190 143 121 116 64 -45 -207 -154 -141 -76 83 11 -225 -198 -239 109 232 188 -217 146 176 45 -7 97 179 84 -245 12 -171 145 85 -193 111 162 -58 -23 -228 243 182 72 197 -18 -215 -34 235 -2 229 -86 -82 -24 74 -169 37 -88 -200 -89 165 164 223 208 138 -167 -62 8 190 87 -191 -174 192 118 81 -231 249 134 -37 26 238 19 -69 -114 202 220 -74 -218 -115 24 -64 236 241 -128 225 106 93 -94 59 -216 -211 -189 102 86 211 -142 107 -75 52 122 -104 -222 -101 53 -103 -140 204 201 158 -22 -158 207 14 -8 -233 -129 88 -175 -61 195 -165 242 -79 133 -137 58 -203 209 39 212 -230 224 -50 178 -156 -83 -47 -236 105 -208 -118 -10 -3 22 -204 -159 115 246 -184 -56 -111 -27 184 7 168 -109 -11 -113 51 129 112 155 -145 -150 -31 32 -55 34 132 -135 173 228 240 66 170 169 -238 -68 -133 -180 126 210 80 1 -185 193 247 185 -219 -177 25 56 135 16 191 183 -40 103 -248 -52 94 206 156 -157 186 196 -84 -106 44 -227 226 221 69 -87 48 -41 -112 2 -183 171 -148 -33 -243 214 95 194 -155 13 98 -63 -178 -81 -206 41 -95 231 -147 -13 50 124 -32 -240 55 89 6 175 177 -192 -4 163 -67 -132 -195 217 68 -121 180 75 -5 137 -226 -187 -162 -172 -196 144 189 -108 -143 -54 49 234 9 -60 -247 215 3 123 -66 -237 -151 -214 128 -179 -244 77 -6 -116 -170 213 92 -201 -43 -152 -242 -9 -28 -15 -163 222 15 -209 -136 136 119 160 101 -59 33 29 -144 -19 -120 233 108 245 159 -70 -249 38 117 -80 21 -57 -168 -197 -223 100 150 -164 -20 205 -123 114 20 -134 199 -188 227 36 28 90 125 -17 153 -107 -97 -213 -71 -44 18 157 237 -146 -186 30 -42 -212 4 10 -122 61 139 70 203 167 79 -130 -176 -110 -99 23 141 -35 0 62 218 47 17 -72 248 142 5 78 -26 -1 120 -36 43 -105 216 -153 -85 -91 91 152 -194 -173 127 -182 71 -96 40 -138 -224 -39 -29 42 -250 187 174 244 -51 148 140 230 -205 -49 239 130 27 -199 -131 -98 -77 104 65 -30 31 -38 46 -46 -124 96 57 -202 154 131 73 -149 -73 -90 147 110 -100 -53 -102 -229 -220 35 67 113 172 166 -117 -126 151 198 -65
TEST 163 ARG:21 191 -18 -8 -64 -241 -7 -30 8 131 145 -15 214 -112 99 158 90 -243 -167 0 208 183 43 -139 121 39 80 -151 229 198 203 185 -195 124 -88 -27 27 230 -205 -31 166 -23 115 248 201 -179 -156 29 -106 1 -153 -25 -38 98 -113 -39 125 132 9 -13 113 235 241 -108 134 139 -180 -149 155 -105 -222 -101 -79 96 189 -11 61 146 94 -132 -17 92 -158 18 243 159 85 -133 -21 -235 234 89 -157 -43 33 83 168 -14 2 -177 59 192 -114 -92 -33 53 40 -150 -245 -87 -188 77 -59 231 74 190 -34 -97 -54 116 -95 167 182 -196 -20 -32 -144 207 -45 55 -162 19 199 -159 -181 65 -12 -76 114 -136 -28 -185 -57 174 150 -247 160 -55 144 73 75 -47 -197 216 -189 219 169 -77 -244 5 10 -226 -184 247 64 -52 -29 152 195 68 228 56 118 -74 -169 -53 -228 -80 246 -48 186 -66 -154 154 11 -40 54 -223 156 -210 -248 -206 -44 123 175 236 -237 122 -246 -160 -125 -104 -227 -249 41 -211 -65 17 71 7 -213 -78 -212 157 224 35 -193 88 -236 242 -99 -42 -109 170 133 -68 -168 -225 -230 24 69 -126 -120 212 -46 188 31 -147 13 -93 -183 16 -250 -124 -148 -49 171 -131 -4 117 120 -214 -62 -170 165 70 164 -36 181 -122 -176 225 -182 -224 -165 38 -67 147 -37 49 148 -41 81 60 -231 153 -198 -192 -208 -242 -127 -186 -140 -89 47 227 -174 -166 112 -138 -110 233 44 -73 -51 -75 32 36 -83 238 -107 210 -163 128 126 28 -240 136 244 -215 -190 -152 -119 -194 -70 6 -204 -164 -216 129 130 -82 -220 22 194 63 -161 -90 25 57 220 -155 -145 -217 110 101 26 -171 93 -201 102 95 -200 -10 -50 -115 -16 -175 37 162 -202 196 -72 15 -221 184 -146 177 -86 211 -232 -71 -102 135 -98 173 42 187 104 193 245 222 -94 -129 76 -172 179 149 -128 103 97 -130 34 -91 100 105 66 215 -118 -209 221 -143 -35 202 -142 48 -26 -219 -24 209 -111 213 -103 107 -22 -58 204 -203 -141 87 218 -81 -135 239 109 12 138 79 -199 30 51 -178 -1 143 72 -3 240 232 62 4 20 176 163 206 137 23 45 52 172 -19 67 197 -63 -100 -137 -233 14 3 223 178 82 111 237 140 -2 226 -121 -207 91 84 -85 58 78 -134 46 108 -60 -218 127 -6 200 217 -234 161 205 151 106 142 -84 -173 141 -5 -191 -229 86 249 -239 -116 180 -187 119 -56 -238 -117 -9 -123 -61 -69 -96 50
TEST 164 ARG:-201 114 104 -236 48 8 228 205 -149 -27 -104 206 -119 220 -53 -121 -86 -56 199 -147 -229 49 -70 125 -59 -96 -235 -133 -191 -69 66 227 -141 164 172 -199 -11 159 91 105 -177 36 189 169 121 44 208 -140 -117 180 38 97 127 14 -54 29 -232 225 15 83 70 20 85 -127 50 -122 -115 246 193 135 183 248 -5 -167 -238 -88 -144 -163 -17 -210 124 -26 -195 51 45 -46 -204 -43 -31 146 134 92 52 5 240 191 -120 -203 64 -75 179 -99 -247 -14 -187 -72 158 -80 -220 -179 47 239 -42 -58 -38 -85 -143 -178 154 118 107 -116 174 184 -145 161 150 133 196 115 -151 -196 190 -77 -50 140 185 67 6 165 56 102 -23 75 229 -113 153 -129 -183 131 55 103 -216 -81 37 -223 -189 -82 122 10 88 31 200 -102 62 -20 23 -212 151 -91 13 198 109 4 -63 -192 -181 -32 42 249 -30 -155 58 188 -128 -162 -244 -68 -224 74 -45 108 247 230 41 182 235 -29 -139 110 143 -132 237 53 175 9 170 -237 243 72 -185 155 223 178 -107 -51 -35 -92 -228 219 -184 28 -160 -241 -24 -106 -3 1 -227 148 11 -240 39 43 -62 -12 78 -8 222 192 81 -111 -108 201 113 17 -126 16 73 -112 34 -206 68 100 -93 -211 -175 86 21 -4 -197 129 63 -217 236 160 -231 -84 -61 -48 82 -225 162 35 -138 65 -152 242 -25 -40 -37 207 -222 -150 -60 -47 -190 -131 187 -74 217 139 163 40 89 -21 142 -186 -250 152 226 232 90 -130 -124 238 57 -168 -95 46 -219 18 -89 -101 204 -44 173 -239 194 -73 -15 -100 -18 59 -2 -209 -76 -41 -49 -158 157 80 130 -103 -67 -109 -57 -52 202 -170 156 98 -28 216 -230 -34 -134 87 149 2 -166 176 79 3 -214 -218 116 244 -66 145 -173 -242 231 -159 -110 99 26 -16 -215 25 -78 61 -194 -39 -157 119 -153 -161 -176 -94 60 -193 69 166 112 132 -233 245 33 -200 76 -105 -164 186 -182 126 -135 -249 0 -9 -221 -213 -125 19 -98 211 120 221 22 -33 241 171 213 -188 -123 96 -205 -154 167 30 -6 177 54 -169 84 -245 197 -248 -137 -202 210 -180 209 233 -90 -207 -234 -171 137 128 -146 -19 203 -79 138 -10 101 -243 -97 111 -1 24 -22 -114 -87 -7 -83 -174 -36 147 94 32 -148 93 71 218 144 12 -246 214 77 195 95 -226 -198 -118 -65 -156 -208 234 212 -71 117 106 27 215 224 136 -165 -142 168 -172 -55 141 -64 -136 123 -13 181 7
TEST 165 ARG:111 202 231 193 0 149 -79 -148 72 -47 -83 35 124 191 48 -213 16 27 -133 227 -172 14 126 146 -125 246 22 -156 -34 28 -14 5 163 66 -97 78 195 -231 -112 221 -17 -32 218 -65 131 155 -176 -82 -12 -104 245 114 -115 168 -236 -94 -206 58 -204 209 182 32 -38 -242 -202 -70 57 -10 -36 -126 230 138 -247 97 -217 192 116 129 225 -194 156 -181 -5 -160 -55 -49 184 164 -211 36 -127 -182 29 -237 210 -53 -3 -128 -159 -23 -129 176 -171 -16 112 -114 51 2 -200 -162 -215 -143 -248 -69 -205 -68 41 -180 239 205 121 69 130 174 -122 17 21 -71 147 -146 -244 -132 166 110 -113 -6 93 212 -167 -238 177 -87 -91 11 -31 -230 -153 -198 -19 -8 106 113 226 25 19 49 -74 157 152 175 -93 -58 -243 -190 196 -150 -149 -207 199 -42 1 75 18 -96 -20 62 88 83 -15 73 70 -103 153 -80 117 216 -56 -117 23 39 67 -183 -11 -54 61 223 -4 -228 200 -195 90 -240 -201 -221 -177 65 -28 136 94 -250 91 -222 -121 -235 -61 242 71 234 -92 -13 -48 108 197 64 167 33 -67 -1 132 -219 10 55 125 249 -2 95 201 243 -208 -39 -161 222 -22 206 -227 -165 -214 158 -88 -196 -166 -110 50 -119 -131 144 68 -102 -144 40 4 -7 240 8 -186 -220 238 -184 142 -187 215 -9 -24 -76 186 -246 -25 102 -85 -64 24 -130 139 20 53 141 -50 -41 -216 -170 -62 244 -44 103 119 -27 87 52 -210 185 13 140 203 89 -151 -107 -178 -234 -154 248 100 80 -249 211 -101 -218 133 -137 -241 -232 -40 159 247 -139 -179 -66 -95 98 -90 165 -164 -43 85 -120 217 -77 63 134 101 122 -86 -189 235 -123 -46 219 178 79 -197 148 123 -105 189 -229 179 59 109 31 30 -37 96 56 237 -108 -226 -57 -21 194 -140 143 118 -135 -100 224 236 -84 -157 220 -124 42 233 76 -209 214 160 -73 150 -111 -18 -245 180 -106 84 -109 145 198 -158 -169 -33 135 -142 86 228 15 37 12 54 105 -145 173 107 -29 -147 -52 -51 -75 -175 -233 -60 45 -89 43 -136 -63 -203 127 161 -35 190 -116 115 171 47 188 -26 34 -212 162 -191 92 7 -192 -173 6 3 -223 -199 82 -30 -193 74 172 181 81 170 -78 151 99 46 44 -138 104 169 120 -239 207 241 -98 -185 -45 183 -174 -168 154 -152 137 -224 38 232 204 -134 -118 229 -99 128 -155 60 26 -59 208 77 -72 -141 -225 9 213 187 -163 -188 -81
TEST 166 ARG:184 207 -145 -106 148 44 0 5 -71 3 -28 46 -226 225 51 -19 10 -249 127 119 -37 -207 -16 247 -243 239 -98 218 229 106 -66 -191 176 193 -82 -166 222 -108 181 -49 144 -13 155 156 67 233 -134 138 204 -42 174 -102 45 81 129 237 40 -83 215 20 21 249 123 50 89 83 -69 -131 -187 170 -25 108 7 -241 -206 188 -47 61 -234 -164 62 -197 132 72 103 -193 209 -169 157 -184 -225 -163 -22 110 -189 -79 -72 -14 143 111 199 -149 -172 -213 -32 -55 -45 190 -214 60 23 -21 76 91 4 122 133 -100 -116 113 26 84 208 34 56 -202 -132 -101 63 -73 -75 185 -242 169 161 -183 140 -96 -230 -81 114 55 -80 13 -85 8 -186 173 -70 -157 -67 -233 96 -119 131 -77 162 -120 -244 -126 153 -250 -92 150 88 69 -247 -33 -34 -18 -139 18 16 -204 95 -129 -58 248 -40 -104 80 -12 -9 -51 47 41 115 52 -235 171 223 -205 -68 -221 -54 -130 94 19 177 -65 117 227 -43 -7 154 -36 187 11 -199 -175 -56 -167 118 226 59 -153 -59 109 -8 -64 -133 -147 246 78 -113 14 100 -239 -198 -228 213 -158 -117 66 137 57 147 164 159 -57 195 231 -93 -50 33 -39 -84 -176 -46 -185 163 245 -124 149 25 -211 -138 -210 -29 214 -162 142 68 183 191 -87 -115 98 35 -160 -238 -229 172 -178 -144 135 194 -10 200 82 141 243 -3 -62 139 39 -107 -137 -136 -146 192 203 196 -53 70 211 -182 -194 87 -27 -15 136 -219 -240 93 -38 -17 220 12 -97 178 -48 -236 6 242 -78 -1 236 73 -91 -152 125 201 210 -123 212 -232 234 175 -180 36 17 145 -11 -30 79 -154 -231 -105 116 42 -111 -168 179 219 -192 -171 -227 -74 197 120 32 205 -52 37 97 230 -159 71 182 206 -4 102 -150 -155 152 -114 232 74 180 99 235 238 -41 -142 -201 244 49 186 168 -118 -141 -2 -95 -148 -127 -246 -200 29 -222 -94 38 -209 -151 240 77 158 -122 28 -24 166 -177 126 -99 75 -128 -86 -88 146 -61 -103 130 224 65 -208 -26 -245 107 112 -76 1 134 -179 165 -196 189 27 202 -60 15 -223 128 -89 -161 -6 -212 -23 -220 -203 58 -35 92 167 -215 48 217 85 -63 -188 53 -20 54 -110 -156 228 9 124 -121 -140 101 105 -216 -135 -217 2 -190 198 -248 22 221 216 -165 64 -174 -125 -5 -31 24 160 -195 241 -237 86 -112 43 -90 -170 30 151 31 121 -218 104 -181 90 -44 -224 -143 -173 -109
TEST 167 ARG:-191 -88 -149 25 -195 183 -37 152 246 201 137 1 126 104 5 96 -40 -87 197 -120 110 -180 -250 54 -217 193 -243 184 175 194 -207 141 218 101 -54 235 50 196 88 7 205 -218 -72 198 233 -173 55 -190 -117 -86 -26 219 100 -247 67 226 -123 -178 -63 -206 -84 -20 48 129 -33 -65 145 -150 204 78 37 -148 192 136 -177 203 -153 -134 -53 12 231 -141 14 -168 223 209 18 3 102 122 -97 -90 -229 64 -73 -29 182 -200 -70 -47 -197 187 -244 -99 44 -49 -128 87 -236 213 207 -93 241 -127 77 150 225 243 -238 -39 229 238 123 -199 16 222 164 -91 -237 -101 59 190 199 -158 -21 91 128 215 97 -240 180 -7 178 113 -208 22 -239 -230 13 -186 117 20 -109 -184 -22 -60 -234 -6 -18 185 74 -249 -15 224 167 242 -4 -169 21 148 35 237 46 -224 -166 -64 -118 42 214 227 -50 -119 73 58 -187 -78 -137 -193 52 155 -157 -106 -51 -32 -163 249 156 -3 -144 -203 -154 -100 51 2 146 31 -248 -136 92 115 -85 -94 -10 -170 -205 -210 211 -133 181 -95 -28 -160 131 210 23 -102 -245 172 -165 9 29 118 -30 32 106 151 -43 -222 -96 -138 -77 40 -67 76 186 -35 239 165 -27 -76 -228 140 130 -175 -159 142 57 212 221 49 -242 -14 -192 108 -107 147 26 230 -48 -216 105 -92 43 -189 -110 -122 -220 -57 -188 68 -36 135 -23 -8 -45 -164 38 45 -214 206 174 -211 -140 -233 244 160 -213 -56 82 -62 -111 66 159 -52 -34 -81 24 -75 171 133 -172 19 -226 -38 -116 191 63 -182 8 -68 109 83 -59 177 216 -201 -204 -129 -103 153 144 -2 -145 176 163 -181 30 39 170 -80 98 179 -114 -162 208 -155 -24 189 -108 28 -66 33 -112 -146 -185 -143 -147 -194 36 -167 -124 -225 84 -135 93 -17 -241 158 217 41 -41 0 11 -82 61 247 220 -105 -174 17 -142 -16 -212 127 119 202 166 69 -221 157 -89 -156 -113 -171 228 90 27 -246 120 138 -19 -1 85 103 81 -11 -83 195 -196 232 -25 -227 116 -202 -231 154 70 -219 134 -12 173 -42 79 86 121 -132 200 80 -179 111 -79 -58 -31 -69 -235 -126 62 -104 -44 -71 94 -98 149 15 125 -183 -139 65 -130 114 -151 188 6 95 71 60 112 -232 -46 89 107 -131 236 -176 139 -209 -115 -223 -61 -5 53 234 -13 143 162 124 10 132 -55 161 248 56 168 34 240 47 -198 -9 72 -121 -215 -125 -161 -152 169 99 75 4 -74 245
TEST 168 ARG:160 8 98 -9 -33 -17 -122 -230 75 -158 -100 41 -104 -209 -24 -194 -110 -188 -21 149 -102 108 33 197 208 -223 -149 231 204 38 -247 28 -179 34 155 -232 170 228 10 247 214 -198 -58 153 -182 -66 112 93 -85 -229 156 -139 -10 132 175 -135 -2 -234 69 191 -224 -206 76 -233 131 -38 94 114 179 140 127 148 -173 -45 37 -220 -161 -31 154 -62 134 213 184 29 -114 31 -103 21 -240 -91 -22 -87 -89 -186 -125 -142 241 147 -18 -143 -25 -153 -157 177 -121 -196 99 56 232 -37 -192 125 -47 -219 -61 -6 -187 -60 202 -74 -245 -86 25 137 173 23 139 -140 -177 188 35 -40 -133 -136 -44 207 -67 64 -163 -244 -129 -183 144 -208 -76 -238 97 -119 -141 -70 -112 -189 96 123 165 65 115 -4 91 -77 199 230 -178 54 -118 168 -148 -176 -46 -19 -113 72 11 -11 9 -106 13 -30 158 -204 146 -207 -83 5 95 239 -160 -111 -39 -190 236 1 -171 -185 -36 -218 -201 189 -214 138 70 200 -95 211 -215 49 58 -175 102 210 -26 240 -193 -123 -144 85 -124 71 -63 -156 -181 176 221 -97 -55 145 203 -237 -213 -57 -75 -212 43 -94 -170 -65 182 225 -145 80 194 243 104 -127 109 190 -93 -131 193 -1 110 -78 183 152 119 171 103 150 216 129 -49 163 142 26 120 -81 -132 -59 -225 151 73 -166 -199 -205 88 45 -96 206 30 -43 167 -108 128 -84 15 -250 27 92 238 -53 135 141 -154 -116 52 -146 47 63 201 -68 -101 234 68 3 32 133 -217 -32 242 81 187 79 86 195 111 229 186 -128 -69 227 18 217 -195 117 -126 -12 60 66 -202 83 53 20 166 198 -41 -130 113 84 -211 -115 89 -134 180 -159 -168 -249 -120 172 -98 90 -216 59 -210 -172 246 212 -20 -197 77 222 4 116 -191 19 39 -246 -151 -117 245 178 -92 -226 -16 223 -150 126 185 105 226 164 40 233 -29 -56 162 -7 -82 78 46 209 -14 -243 82 74 -42 -88 -239 -236 -138 0 -73 -203 -155 -147 -227 143 2 62 -235 -27 48 -48 -167 181 121 24 42 136 -80 12 -99 -242 -165 248 -241 -107 224 157 51 237 100 55 17 -23 161 14 -221 -231 205 215 -105 -152 -3 67 -72 22 -13 -64 220 -15 -54 61 -109 57 -222 -71 -8 -180 124 -5 36 -248 174 -169 -35 -50 -90 -52 118 219 122 -34 50 130 7 106 192 218 196 -184 -228 235 159 169 101 -164 6 -51 244 -162 249 107 44 -28 -174 -200 87 -137 16 -79
TEST 169 ARG:-81 140 -114 247 -11 -177 -248 -233 149 -123 -17 177 32 -96 -139 -51 106 15 72 -7 240 -241 -224 115 -105 -87 188 148 118 35 46 25 -210 30 150 -46 172 68 -84 -67 234 201 147 -214 -61 246 18 141 -23 -239 -155 -234 4 145 186 241 53 192 -32 -79 199 44 23 -5 38 -238 -151 238 -250 -153 -200 -131 -132 -36 -203 96 85 73 52 43 -169 236 -98 -145 -3 -92 120 11 56 233 155 -245 -198 0 66 -48 -138 194 -170 217 114 -157 -222 -75 76 -68 -141 64 119 12 -124 -64 -4 -160 20 216 193 102 -77 -199 8 70 110 179 -192 16 229 -144 -52 74 -213 139 242 195 92 -37 -94 62 226 -91 -206 -209 -71 122 189 169 153 14 -137 -97 -107 51 34 -66 -74 75 -249 -43 -232 87 168 218 -119 116 -112 -1 207 69 -129 -204 -161 -63 71 220 -42 125 183 84 -47 86 10 -191 200 160 -57 28 39 -221 164 158 -142 -117 27 -147 -6 -121 104 -166 -25 -34 -152 -146 -27 -180 -194 151 55 -44 97 176 -69 180 -216 -104 196 190 107 101 159 60 -22 203 -12 -101 210 -188 61 128 198 22 -111 245 113 191 3 -189 100 -45 -212 -90 152 163 21 49 -70 215 -10 94 181 63 -165 -24 121 171 -154 37 -225 -247 -237 227 77 221 -122 -126 1 -28 -186 24 109 146 167 137 -72 36 5 -201 -156 -115 -236 -80 -182 -109 204 -88 7 131 -95 -223 -125 249 -102 244 230 228 -164 -205 -178 -244 -85 42 -136 224 209 -171 83 6 -128 -19 -41 26 -230 130 144 -16 214 136 -179 174 93 -207 -184 -159 80 157 -208 206 -243 -135 223 -54 -35 -240 -187 13 79 156 -13 -183 -195 48 112 -219 239 142 95 225 89 232 -30 -229 -162 -196 -176 132 -56 -143 -140 -62 -148 47 -49 19 197 -120 -8 -149 -78 208 237 -211 99 138 -20 -202 91 212 -217 -185 45 59 57 -2 134 -100 -53 -113 170 -116 78 108 123 -93 88 -55 105 -40 54 -193 -235 58 248 -181 126 -60 -39 111 -215 165 178 -218 2 -108 -190 235 -158 184 -246 -163 -173 17 -33 -83 -197 211 185 182 -18 82 -172 166 -86 -134 133 -118 -175 222 -150 -110 -14 -31 103 9 -29 -130 -242 -174 -38 127 135 173 231 243 202 65 90 -9 219 117 161 50 -82 -26 -227 124 -21 -89 -76 -15 -127 -50 -103 40 175 -168 213 162 -226 31 33 -73 81 29 -228 187 41 -133 -167 -99 205 -106 -59 -65 -58 -231 143 67 154 129 -220 98
TEST 170 ARG:-208 148 234 63 -193 -58 8 26 -194 40 249 -200 2 -139 -148 -70 -100 -214 48 -191 71 -132 212 -134 -126 -165 -32 230 13 80 171 -205 84 243 227 -10 -111 187 -140 -36 0 224 6 152 -222 56 143 -192 193 222 -48 11 72 -62 214 -130 195 -224 100 58 122 37 189 46 -56 194 -219 -69 -182 -144 -162 12 -169 -195 -81 146 -143 28 246 -128 -221 237 103 129 151 47 -233 97 245 163 -52 51 102 115 178 210 96 -80 198 -38 225 64 -203 -37 31 19 179 -179 121 -46 -74 -212 -178 53 -230 22 9 -45 202 4 235 -152 105 145 -232 33 217 -107 -27 172 93 81 -71 233 -123 158 34 149 -40 139 -39 124 -82 205 -15 24 76 111 -91 133 203 -151 -211 -34 -167 83 -209 -225 164 -47 -216 -246 -90 78 116 89 -72 -234 62 -53 -163 -92 118 215 110 134 3 99 131 -93 -57 10 -101 -248 69 218 88 65 -245 112 -66 140 -159 29 43 174 181 -235 -24 -49 91 -41 228 -115 -95 209 -196 -177 -9 94 -220 127 -65 180 -13 -97 25 -21 155 -14 -106 -119 188 -118 -153 -229 200 -99 -145 162 244 238 -204 -102 -84 109 27 -142 -129 -12 85 -104 45 14 -207 -135 -112 -54 -105 -187 82 -189 -85 -210 -171 -1 59 108 -2 32 75 50 201 213 -158 -164 -240 18 -156 -64 -127 247 232 -3 -154 -122 87 -188 -16 190 36 -76 -243 -238 -17 137 -249 -67 119 -206 60 219 -136 -26 -116 -186 -181 173 -68 20 -176 204 157 -217 -86 -236 -30 -83 79 -170 -110 138 -199 -184 104 67 191 -103 -202 -244 -89 -227 -160 135 -18 -33 142 -113 -131 -4 -98 -22 185 -121 68 -133 -147 221 167 -6 5 -120 61 30 -168 54 -28 -23 -172 113 126 -94 -231 -108 186 -5 21 -215 -88 49 -213 -35 -242 -161 123 161 -149 169 199 86 168 226 -31 -146 35 57 -226 239 130 16 -237 159 95 -150 -78 166 -197 -29 -114 -73 -125 120 -60 -166 206 -19 -141 128 -44 -109 70 38 55 -59 -247 -218 52 216 -201 147 -250 -63 -75 -174 154 114 160 -79 241 223 17 -185 197 141 73 15 41 -43 242 101 207 -138 177 144 -239 -8 153 -61 229 156 -117 107 -198 -50 39 -241 -228 -183 -155 44 -157 -11 240 -96 -173 248 192 74 165 211 -25 176 182 183 184 1 -20 106 170 -55 231 -51 -180 -175 7 90 208 42 -87 196 -223 -42 150 236 220 125 92 132 66 -77 23 117 -190 -137 175 -7 77 136 98 -124
TEST 171 ARG:187 161 204 -10 39 13 -104 219 -232 -248 146 -196 -178 -173 -172 90 -180 -103 -50 62 86 -79 -137 79 50 -243 -205 -134 225 218 164 0 165 57 -52 -133 -67 183 -122 152 -68 103 -22 97 -44 -145 12 -166 -176 -25 -199 144 -7 24 135 153 -74 -20 -77 59 -240 -18 -70 212 -38 136 -163 188 -64 -51 -241 196 -154 73 9 -115 -108 151 122 30 21 -23 -237 22 -249 35 121 98 78 -83 -192 -8 68 48 -126 -246 6 16 -127 -87 -91 130 -206 -132 71 171 246 -66 -43 -102 82 185 112 -136 -234 96 197 170 -78 -153 180 -57 222 -31 -27 208 -141 -190 -138 238 215 -9 -28 113 127 61 -216 -36 18 214 115 -15 117 -101 202 176 -158 239 167 159 211 -175 52 46 5 -150 231 116 -5 -156 -26 26 34 157 181 -191 -72 -209 -220 232 -217 -213 3 200 17 241 10 172 110 -107 89 -60 -152 227 -239 186 -56 32 65 15 147 -13 -97 38 235 -155 80 -3 40 104 205 226 -186 -124 106 -40 87 -98 168 55 174 -90 -129 43 -160 118 -4 126 -151 143 -35 -105 -164 75 91 29 -125 244 119 -222 -2 69 -59 -225 -211 67 83 101 58 47 -144 20 163 193 -118 -215 217 33 207 42 -135 140 132 111 45 -49 -242 236 -17 102 -193 95 169 242 -218 -131 100 -47 70 145 248 -121 -55 84 -188 155 156 -42 221 -184 173 -244 178 -149 44 93 -93 31 -183 -106 -123 198 -111 -236 94 53 234 -226 123 133 184 -198 131 201 -1 -146 -116 74 -250 1 228 139 -140 -32 138 190 51 -80 -82 -167 -162 -94 249 -233 -200 -53 114 -128 -76 -120 -69 -139 237 150 -181 -117 -143 -219 -194 -45 -185 108 -75 14 23 19 124 -73 -142 158 179 -204 -63 36 -224 -62 -41 109 -170 216 128 49 60 210 -86 229 166 -157 -161 -197 223 4 77 7 25 -208 120 92 177 194 175 -119 -95 -6 -168 -245 209 63 -16 -100 66 -21 189 -247 -147 -182 -65 137 -92 105 141 230 154 -113 -202 -37 203 -110 -130 199 247 -30 -48 -96 206 -61 -24 -12 -228 107 -81 182 233 -29 160 134 -227 -189 148 142 -169 224 245 -187 -88 27 -19 8 -214 41 2 -231 -212 -34 99 76 -229 -195 -203 72 195 -235 -171 192 -174 240 -99 -46 88 -71 -165 -230 -148 85 56 -54 -14 37 220 -210 -84 -112 162 -223 -221 28 81 11 -179 64 -39 191 -207 213 -177 125 -159 -114 -11 -238 54 -201 243 -58 129 -85 149 -89 -33 -109
TEST 172 ARG:-75 -62 150 -45 -16 -211 -182 89 142 -243 -148 -30 3 162 2 -24 -106 -97 -44 177 6 88 -238 225 -250 -183 -25 112 -149 -90 -6 -225 -155 -80 36 -121 -203 52 210 -37 49 53 45 148 235 -213 -202 -224 161 -162 -105 -163 237 -189 207 92 -103 -109 -57 39 113 198 228 117 -206 -158 73 -197 -136 38 93 67 -4 -132 178 -210 152 204 83 201 -87 14 -50 160 184 -191 193 -199 196 8 129 -144 222 -86 64 -17 72 46 238 -58 -216 158 -245 -126 59 9 -53 231 -29 121 163 236 151 -96 87 134 126 37 -38 -185 -164 -49 4 208 215 -52 -190 30 15 -119 -200 100 -98 242 85 -15 -92 -129 -76 137 -114 -170 -205 71 219 80 23 -146 191 -232 -247 245 -134 -127 169 172 27 157 -249 -240 -181 -140 -167 -234 -120 -122 41 156 -27 -22 135 -154 7 108 54 -31 244 -95 153 131 10 84 66 217 -54 -145 136 -72 -69 -104 19 -161 -116 -125 -168 47 -18 197 101 -217 -246 79 16 -235 -174 51 -65 -229 43 57 -223 -32 58 176 -77 216 -187 -231 28 86 209 168 139 -221 120 -153 -78 -227 -133 26 -43 147 -107 -9 -113 -198 -94 109 -139 -215 69 -88 -218 31 -177 -219 171 103 -7 -171 175 166 17 -128 203 229 -23 -12 -173 -115 -237 234 -70 76 65 124 146 -242 243 -124 -84 -180 99 145 29 -73 189 -93 -47 -157 1 -172 74 -8 -26 33 -83 -20 232 -226 12 188 174 106 95 107 63 122 -51 114 -1 -36 224 60 -91 181 233 132 -151 81 241 187 227 -100 -239 77 -228 -102 -208 62 -204 128 56 141 5 -175 44 115 213 -166 240 -67 -71 61 194 -194 -111 -176 130 206 -131 -159 111 -160 -117 0 125 182 195 -212 70 123 -39 154 118 -207 -64 165 221 212 -118 159 82 32 -59 248 -19 -137 -68 -10 11 -55 -35 68 -188 -135 249 -196 180 110 -236 -192 138 192 -2 -89 -156 247 190 -143 218 144 -142 40 -112 173 50 149 -186 55 164 -14 205 -201 -33 -34 183 42 -101 214 -56 -85 21 35 167 96 -66 -123 48 -222 239 91 -209 -74 -169 75 -3 -241 -5 -165 -40 -63 119 -99 -108 -138 133 185 -61 223 -46 -230 211 -233 13 -81 140 -41 155 24 -193 186 202 -248 78 199 -152 246 -195 -28 -82 34 98 200 -11 25 -184 170 20 97 102 230 179 116 -244 -147 -179 -13 127 -60 143 105 -220 90 -42 -21 -48 -141 18 -79 226 22 -150 94 -110 -130 -214 220 -178 104
TEST 173 ARG:141 160 220 -56 159 149 37 215 -129 -238 -9 54 -52 176 67 222 40 -208 -94 79 -14 -77 -165 118 -5 86 53 107 89 165 -192 114 -101 171 -139 100 -210 15 134 -19 3 -157 163 43 249 -147 -22 -203 -130 84 94 182 193 -123 -217 82 -209 -177 92 -86 -132 -193 155 -29 -125 -185 112 150 95 -100 96 175 -99 -20 212 156 122 -133 189 -221 -223 26 -220 48 -143 -32 -172 -124 -104 -163 -205 -122 -241 109 98 -48 -173 226 50 238 162 -46 -50 91 214 0 -1 170 184 97 121 -152 6 93 187 68 -149 174 -150 130 -119 -61 -23 228 -51 56 142 103 17 22 -3 59 209 73 -65 -160 135 205 78 -236 115 -41 -39 71 231 213 -85 -59 195 39 -174 242 167 206 169 133 11 -27 -181 -73 70 -36 -191 148 29 -49 -128 -180 -112 62 178 128 138 218 -245 45 197 -84 -74 30 194 83 -31 244 34 -44 -148 -127 -126 -168 144 240 -35 42 -164 -25 210 85 -89 -227 -195 -171 116 145 -26 -229 65 8 -188 -170 198 143 -232 224 -135 -204 -12 -114 -214 77 -54 -8 -216 -240 -83 -215 -212 241 28 -184 -169 9 181 172 36 177 27 -38 132 -218 236 -116 117 -154 -187 -90 66 151 168 216 208 -138 -106 -233 -98 -244 106 2 190 49 47 81 108 -120 31 235 -13 221 14 234 -235 -4 147 -131 229 21 -105 -81 233 196 -140 -97 13 5 -78 140 200 239 -7 219 -155 -91 126 12 69 -186 -21 -250 88 203 -137 -79 243 124 247 136 211 -183 186 -206 201 -237 -242 -60 -72 -95 99 -82 64 -136 -107 -42 -53 157 -15 111 -30 -87 -246 113 46 -80 207 -211 -156 -196 -219 158 -34 -18 38 -142 -16 -247 102 191 -161 -76 75 35 -108 76 -2 -225 60 -47 192 -231 166 105 -167 16 -226 -88 -75 -239 -113 23 246 -199 -230 -57 -198 -63 32 -118 1 -102 55 4 -141 164 173 -145 120 -249 110 63 -37 185 -243 199 7 -110 -234 154 18 57 25 -28 -224 245 -68 58 20 217 -109 -179 237 -45 127 101 72 -144 -182 -96 -146 -201 -121 104 -159 41 123 161 129 24 248 -166 232 -213 -66 -43 225 -111 153 87 -93 183 -103 -40 -197 -190 -228 131 -162 -70 80 61 -64 -55 -175 -194 10 125 -58 33 -24 137 -248 52 -202 -33 -71 -92 90 -6 19 -134 51 -17 -151 -117 204 -207 230 -158 -11 202 -62 152 -189 -176 -115 188 -178 139 179 -200 -69 227 44 -67 119 146 -10 223 180 74 -222 -153
TEST 174 ARG:33 69 77 -242 -240 -244 -87 -128 201 -30 37 158 -100 208 245 -39 192 -62 -149 229 -43 43 -250 68 82 -65 27 167 84 -75 -130 -52 -156 -141 -93 184 233 240 108 -47 13 106 216 118 -69 126 18 226 144 164 142 153 -184 -151 -187 34 -144 -59 -33 -45 -213 73 128 38 -137 223 81 191 179 -68 236 -4 103 74 -56 -25 234 -198 -55 -17 -13 -41 -147 -166 -155 -77 -76 147 -9 6 219 -82 35 199 62 -249 46 125 232 116 -227 242 163 -145 -161 -165 146 -183 -193 -119 25 -34 -140 -194 -86 53 117 151 -116 148 -212 -214 -111 -126 127 155 -67 -112 -191 -229 21 -2 -174 -139 -248 185 -113 141 -89 4 -175 -5 -81 224 -96 8 152 -142 165 156 -29 65 -178 80 12 -169 96 99 -74 -108 -127 -129 171 143 -207 -188 -3 157 -228 -71 -105 -122 -186 87 3 150 -98 -239 97 138 -37 248 91 198 211 -226 -160 -106 -99 -49 11 90 -172 -221 109 -231 36 -103 31 124 -115 -210 28 -121 -28 181 195 78 214 -202 200 -176 -97 202 -73 76 -22 243 7 112 -19 44 48 -234 9 129 244 -185 136 -80 -101 88 45 -135 -23 -35 -203 -14 -201 -8 -44 194 49 93 168 139 -24 159 -192 59 -64 -38 -11 19 203 -152 71 -217 15 -26 -32 218 -146 1 -92 -104 -12 -31 94 0 -230 120 122 -83 -91 85 -94 212 231 -197 132 72 -70 98 -46 111 -158 -84 24 227 -241 56 -170 -88 204 174 235 170 215 47 -72 133 197 221 -10 -16 241 -232 61 14 238 172 -236 -50 187 -225 196 52 -136 17 51 100 246 -114 -235 135 121 230 40 -209 10 -164 -6 -61 209 57 -123 134 166 26 -199 -247 -181 -138 -238 228 -168 -216 23 107 -134 169 -179 -48 16 -219 -222 -171 -233 182 104 213 -182 -7 -66 247 -54 -133 -120 32 -60 -243 67 105 -132 149 -189 -79 66 22 -211 -237 -118 205 -63 -51 207 249 -208 -163 86 217 190 30 -205 113 222 -36 137 -204 92 102 83 60 123 -153 70 -131 89 29 186 114 -27 -110 -57 180 -173 110 210 239 119 -107 -40 -1 130 189 20 -159 -180 140 41 -224 -109 -95 -58 -157 -20 178 50 -246 225 160 183 58 -102 -223 101 -143 -18 5 -195 39 154 -15 -21 79 64 -162 -125 -53 -90 -148 -206 173 145 -220 220 162 193 75 -218 175 -124 131 -200 -117 -215 55 161 237 -42 115 95 -167 188 54 -154 -78 2 42 -177 -150 177 -196 206 176 -190 -85 -245 63
TEST 175 ARG:-174 119 -23 -230 -2 24 -75 199 -231 180 67 -188 155 240 -50 -5 -163 -20 89 113 -184 -3 -106 6 198 205 201 -132 -168 -204 -63 -105 156 -14 -116 197 161 -200 -94 238 -102 -140 -77 -217 21 195 -103 -187 -115 213 -11 214 42 124 -41 247 68 208 -244 -27 153 226 145 183 130 120 46 243 150 189 121 -241 -104 14 -178 47 -193 -181 -162 -36 -150 -177 -98 148 241 -194 -6 -123 4 9 25 103 -28 -80 224 -85 -18 -195 64 162 -236 -79 -55 -146 -38 104 190 -21 -46 77 -60 13 -29 229 -128 -186 234 53 -68 95 -157 -45 249 32 -248 -208 57 245 28 128 -47 187 -43 109 115 -226 210 127 40 69 -214 -191 -37 -143 -165 191 -238 -180 -198 -62 83 -119 44 -239 78 157 177 -118 -138 219 125 27 3 -64 -39 -32 -82 -196 181 -71 -171 175 -101 90 12 112 -113 -86 170 38 194 -92 93 -147 -166 200 -65 -121 60 138 211 -87 -9 -108 -216 37 58 -160 -48 -250 -100 -90 -176 49 41 -229 169 -8 -124 65 221 220 -89 19 114 -167 -185 -154 -221 -145 99 -227 100 -237 62 -197 91 186 92 -131 -137 -26 212 185 111 216 0 -153 -110 30 50 -84 -136 -206 137 116 123 -249 -240 -135 61 45 228 -16 -111 146 -96 -202 -134 -190 -59 -159 66 -212 -245 117 -93 -67 82 -76 102 129 132 -139 48 -192 -173 -33 -120 -88 -52 -233 96 -114 136 -13 33 225 108 239 147 -235 215 20 184 -152 151 26 173 -242 -144 98 246 126 176 8 202 -151 -234 178 -170 -126 -4 72 -58 -12 31 35 118 84 168 244 218 -172 -219 -7 -78 97 39 101 207 15 -161 88 23 -224 56 142 140 -95 -232 -215 2 223 86 154 166 94 -199 -25 -247 -148 172 152 222 174 110 -72 -109 149 230 167 165 -125 -182 -17 -61 141 -228 -22 231 -117 -30 7 -53 139 -34 71 11 -112 -149 217 233 -130 -142 203 -243 -223 248 29 106 179 -122 73 -51 -97 105 34 -225 188 -15 -54 133 -210 -19 122 -91 87 -107 193 -40 16 -220 107 -201 -69 -175 80 236 -24 -1 52 43 206 192 36 -205 196 -35 -222 143 18 74 209 -183 -42 -49 -207 -179 -164 -156 204 75 171 51 -218 232 -203 -74 164 -169 81 237 63 85 134 -83 -10 17 -246 59 -81 159 163 -155 -44 160 -211 54 55 -57 -158 10 1 76 -133 -66 22 -189 -70 235 131 -129 -31 135 182 242 -99 5 -141 227 -56 158 -127 -213 79 -209 -73 70 144
TEST 176 ARG:-190 -115 -48 202 134 87 -200 199 -57 1 220 -33 203 -123 -97 -242 -30 -153 239 -187 -78 -12 -121 -157 110 -143 3 157 127 -58 -133 -218 -226 227 -135 185 -170 -188 34 9 63 28 193 -224 4 136 178 -107 231 211 -168 -194 29 -11 -130 -88 -205 94 109 -195 -39 44 77 -166 208 141 -134 -196 -80 -186 225 182 16 76 219 188 -220 -120 -21 55 234 -14 -18 -94 -62 -227 -83 82 52 65 85 -117 243 6 -152 190 245 121 -231 181 -81 50 97 17 -232 67 -29 -128 115 -31 86 -60 90 -214 99 -108 196 -219 -87 233 73 170 125 -238 20 175 -229 -222 -176 64 -165 238 129 42 -174 161 -146 -51 -53 33 -124 187 -66 -100 -45 130 -235 -6 -40 232 -148 142 57 -236 25 -46 -101 174 116 36 39 117 -110 30 107 -193 -145 -10 -75 -163 -20 -248 -206 -221 198 166 -36 113 106 167 168 215 -106 -201 -44 -5 179 -49 10 249 139 38 98 -76 -96 -77 206 -208 46 218 -137 223 15 11 -2 41 -47 123 120 60 -249 93 21 184 5 -99 53 -27 247 100 -92 133 -250 144 -104 137 140 171 -155 -138 -41 -191 102 -240 -243 207 18 79 -113 -15 114 13 146 -54 -207 -32 -142 216 84 -129 -8 8 205 186 -151 246 228 183 235 66 -65 -213 31 -178 -114 230 -34 -182 91 75 -126 -89 -183 156 -212 -177 -72 -70 -79 78 -93 224 -203 241 173 -209 128 221 176 56 80 108 126 -52 -111 83 -25 -64 237 -38 68 89 -98 155 -118 -225 119 -127 45 54 -105 152 -19 -159 -210 -141 104 -239 -237 226 22 14 131 -173 -122 -119 -175 145 154 229 -16 -211 149 240 -42 -116 101 -71 -162 19 -136 92 222 -202 -156 164 40 -59 180 169 -169 -167 147 -112 214 -192 43 -13 -247 -199 -1 61 -150 72 201 -125 88 204 -189 122 -144 -185 -63 148 153 12 -43 200 96 -161 105 212 -9 118 236 143 -24 59 160 163 -147 -164 -241 -234 71 81 -74 -95 195 -67 -197 -4 112 -68 -149 -233 -26 172 -217 47 -244 -28 49 -139 -37 -102 210 -223 191 -154 37 -17 -140 135 23 48 -180 -85 159 7 -198 124 -171 -82 -103 150 58 132 -84 -172 -216 151 -23 -184 165 62 51 95 -109 217 197 -230 69 189 35 0 -160 103 -61 242 138 248 111 -245 -131 -86 -22 -246 -50 -55 177 -158 -69 244 -91 2 26 -181 -204 32 162 -215 209 27 74 213 192 -35 -132 -56 -228 -179 70 158 24 -3 -73 -90 194 -7
TEST 177 ARG:83 -160 82 23 -198 -242 -11 207 188 245 203 -26 10 242 47 146 235 172 103 143 101 -100 25 134 -195 12 175 48 -99 58 -146 -220 -13 79 -194 -85 -38 -47 228 -217 141 215 -178 -244 140 -204 -9 196 116 28 137 -12 -190 104 -95 197 -186 149 185 -185 86 -137 202 -94 -162 67 -230 113 190 -241 161 -34 54 138 81 -136 -179 -193 -29 217 -155 220 -240 -25 32 -2 -74 142 -123 164 -141 -89 201 -27 108 59 144 -140 -72 -144 191 -46 -75 117 -36 168 22 -8 -203 88 182 7 -210 222 74 56 -77 36 -40 63 57 167 -116 120 214 -127 -225 151 -114 160 -245 -103 230 -199 171 223 193 42 -235 -59 -53 153 -205 -246 123 -148 -182 -76 -55 68 -207 -65 165 77 -180 44 178 -33 169 177 -71 126 -181 -68 -115 8 155 128 107 -45 221 148 163 -52 -49 147 0 -61 65 90 3 -43 240 13 41 -105 11 133 246 -229 -126 -82 4 224 225 -58 18 -167 238 -14 -152 52 -142 -153 199 -60 -107 -91 231 -131 -73 -159 24 -172 -93 -188 29 194 15 -7 -98 -157 -248 -24 -84 40 -227 -218 -23 -197 -128 -129 226 -62 78 239 -5 -124 85 -228 -67 -16 109 159 -158 71 93 208 118 158 -57 -120 -143 -102 96 -206 -122 -37 39 -232 -6 -213 46 72 145 100 136 -184 234 -170 189 84 -111 16 -231 9 95 -132 31 -154 -63 135 125 -96 -51 200 -83 213 105 51 34 244 -18 176 154 227 -212 106 20 243 -161 89 184 -238 130 -31 -10 -69 -119 170 -42 -223 -110 -54 102 -28 183 53 -78 91 73 249 -48 -233 -20 -243 122 -187 -249 -145 180 -156 114 -21 -163 49 43 216 157 64 94 -189 50 -201 33 192 119 -226 75 -70 -221 219 -97 -211 -118 156 21 -191 37 35 -64 212 62 -117 -41 27 204 -196 173 66 -66 26 124 132 -133 -236 187 45 69 -35 -39 -237 -247 5 205 -50 195 229 -81 60 2 211 -32 -104 61 98 232 248 -130 -90 76 -22 115 -147 30 121 233 -101 -183 70 -215 19 -134 -112 -209 -86 -176 -175 -87 236 -44 99 152 181 -234 6 -121 87 179 -239 186 -88 -1 -150 -17 -15 -164 -109 -151 -168 166 -108 -92 210 80 150 -135 92 -173 -216 97 -169 -30 -219 -171 -125 -106 110 -250 -149 -79 131 -222 127 198 -56 174 111 -80 -19 162 112 -192 206 1 -3 -208 218 -174 139 -224 -139 129 14 -214 -200 -165 247 -166 237 241 55 17 -4 38 -177 -202 -138 -113 209
TEST 178 ARG:213 -200 -19 -17 41 -135 -209 86 -92 34 -34 72 -193 -2 -37 -171 46 230 -33 27 -106 158 -63 40 -153 42 -16 237 145 -210 175 -149 -96 119 192 246 -163 125 -76 -124 210 135 -232 -204 -201 166 118 104 239 205 57 -196 -47 -98 243 -50 -15 25 -212 -192 87 162 -134 115 -23 150 -158 -18 128 -139 196 -20 6 37 -108 112 64 -169 235 -227 -52 76 19 -177 137 241 233 70 -241 170 -213 -114 -226 22 106 102 55 67 84 212 -71 221 194 -118 -93 20 -5 -160 -187 -80 -57 146 83 -22 201 120 -230 -202 -243 -242 220 -181 -219 113 156 178 -141 -110 -75 -214 2 -119 202 110 -38 155 -167 63 182 186 -95 173 209 226 184 -14 -99 -147 103 -183 -94 59 151 13 208 -244 -131 -102 -198 33 -155 -188 157 29 -105 28 168 -238 -225 -136 8 77 207 -48 -58 -233 -189 -143 -30 167 -154 74 177 -126 140 -78 73 -54 -186 11 18 187 191 50 12 236 143 122 238 -148 0 -217 183 -79 -8 -145 -85 245 60 -130 -170 132 152 216 45 -9 -208 -112 -239 4 163 -12 5 -125 10 -42 159 215 -31 176 90 179 190 16 49 99 -115 17 -28 -240 198 -72 100 48 96 240 78 -165 61 -56 51 109 227 -190 68 -32 38 66 43 -123 -228 -43 -21 -152 -83 7 -90 -77 -24 165 -172 -199 222 -195 224 58 -184 -146 -182 124 -203 94 -121 -109 -218 75 91 -111 111 -248 54 -174 53 228 -49 -116 148 -216 -150 98 -4 -129 -157 -162 229 -45 123 3 -103 219 -132 -122 -107 200 89 203 217 -69 -206 218 -1 -70 -159 117 -29 153 -74 -161 -128 231 248 -222 88 -101 136 -235 247 23 -117 -151 126 206 105 -249 14 114 -41 -26 -236 232 -191 -3 -176 44 108 52 -185 -51 -6 180 93 -234 -87 -140 21 131 -11 -231 -7 -61 181 -25 81 -104 171 -67 36 138 -44 -173 -156 92 32 26 189 -39 -82 149 62 133 24 211 -91 -10 193 214 -168 -68 -53 101 69 -55 -73 -113 195 -35 161 -27 169 39 -221 -64 107 -224 142 -223 -175 97 85 -100 71 134 -197 82 174 -144 147 154 234 130 65 -60 172 -133 -88 -81 188 35 -205 144 15 -138 249 -46 -207 -250 -211 -65 204 -137 -246 -247 -178 -237 -215 223 -97 -229 185 56 -179 -142 -220 30 199 -194 -166 -120 121 -245 160 -59 -40 -180 31 -36 225 9 164 95 -89 127 -66 79 -62 244 116 80 -127 47 141 -13 -164 242 139 1 -84 129 -86 197
TEST 179 ARG:10 -249 205 -33 50 8 71 229 115 -228 -58 49 128 3 116 -137 -164 41 -112 -221 -46 140 203 -20 -195 -163 88 143 233 -85 166 43 9 -110 16 31 -207 30 -36 -136 40 -233 142 139 165 -178 112 119 177 201 126 89 -202 15 17 179 100 -173 -184 -247 -57 163 -145 -50 -197 110 -15 -201 -78 -191 -190 160 75 -101 202 34 134 -70 -107 -67 232 -30 -76 -208 -144 221 -183 159 -213 200 212 2 108 -2 -1 246 211 63 -240 -35 149 -226 -123 -150 22 -113 117 86 144 111 -52 -49 -177 -222 39 -74 214 87 -86 -200 26 -235 180 38 -169 -84 -151 153 204 -152 131 -131 -244 19 124 -127 -117 216 175 83 -192 -28 103 -236 -241 -223 -59 -73 167 -21 184 -161 -19 -187 -209 -216 125 -104 220 121 82 -181 -60 -119 -118 -5 225 174 -39 76 -232 -156 -23 -155 105 248 -162 199 113 234 -158 156 129 55 -153 -53 -44 85 185 104 -8 -242 168 47 92 64 227 -83 60 145 29 -115 230 23 -180 -80 -102 13 157 209 -47 -31 173 -159 -97 238 -16 -193 54 223 190 -224 67 127 93 -27 -63 -133 74 244 56 -51 -7 -211 -116 -34 -147 226 193 -243 130 -125 78 68 -109 -89 80 -219 -194 27 -120 -205 -149 122 58 -66 247 65 158 -105 69 -114 72 135 102 -176 -82 147 -124 -99 242 -26 132 -186 -25 57 -140 -103 -227 -87 61 -77 -3 198 -12 -175 -41 -79 -139 -210 33 -64 -6 99 217 42 -229 95 206 -142 -69 84 194 154 -238 59 101 -72 -45 18 -146 -230 -32 123 48 197 12 94 -129 224 210 4 -189 -95 133 21 191 -93 -134 -248 -81 -185 11 45 66 97 171 -48 -167 -172 109 62 137 -14 192 181 51 249 170 -154 107 53 -231 138 46 -100 208 -9 28 150 -65 -196 -245 169 96 151 -143 245 20 240 14 -75 215 -179 189 222 -239 178 90 196 146 37 -212 44 -71 -157 -234 219 120 -92 -111 -13 231 183 -174 241 -130 162 -108 -29 -237 -148 36 207 -215 -165 -98 -18 -61 218 114 -10 -217 239 -96 213 -214 186 -218 -250 25 5 -22 -24 7 -55 70 -220 -42 81 161 32 6 -206 -54 -170 73 79 -90 187 -17 243 -225 52 0 -246 118 91 -106 -204 -198 155 -138 -38 -68 -188 188 -94 236 -166 -168 -171 -121 -88 -4 -199 -128 148 -141 -182 -43 1 -126 172 141 106 77 -135 -11 -122 35 -203 -132 164 -91 98 237 195 152 228 -56 235 24 176 -62 182 -160 -40 -37 136
TEST 180 ARG:-69 85 -26 191 214 62 -190 -245 -87 39 -197 174 -186 87 142 170 30 -131 -151 246 -130 239 -47 -222 81 67 -28 -167 -158 -224 201 -79 82 220 -165 157 171 40 -246 -104 7 -139 43 -136 -41 -181 -19 -74 -39 19 -241 1 -219 -49 138 118 47 -240 -88 -143 -150 -73 235 -228 180 94 -85 -148 69 -117 25 -102 65 -108 29 46 156 -193 213 88 145 202 -138 -174 -72 -127 97 160 -225 117 -162 -199 -205 209 101 17 -66 21 148 -25 173 231 104 179 -173 127 58 -14 -234 151 -109 -154 207 -101 177 -107 245 -20 -160 -239 -46 -178 -90 -152 3 -48 26 11 195 -195 -163 -192 -118 -196 111 163 -24 105 5 192 147 53 2 -188 32 -141 114 178 -70 -40 -110 211 -182 -204 234 -232 6 243 86 24 -142 227 112 -96 51 -132 116 84 169 -4 -166 194 -170 -61 216 72 175 80 -221 -235 103 226 91 135 50 -200 -76 224 -123 12 -105 41 -98 206 183 -133 -64 -147 20 -52 189 154 92 -218 218 -1 -212 123 -125 -71 198 -81 -191 119 -15 98 133 122 34 -242 158 -146 -207 152 -68 -121 241 -185 203 -156 -84 162 77 -36 -161 -208 -62 -183 204 -129 -168 126 36 -83 155 -113 120 -59 -77 230 121 -244 190 185 78 107 44 -56 -114 -230 4 -78 -176 -17 -233 248 83 143 144 -119 59 -236 -223 -8 -35 -112 13 -3 242 -203 -27 232 108 -22 -103 -171 -140 -134 205 -16 -231 -82 -220 221 236 -217 -44 -194 109 -51 238 102 106 57 -37 -115 -159 -120 -243 -189 -54 33 217 -5 199 8 188 90 23 139 -248 233 141 18 -111 -116 222 181 -198 31 -201 95 -202 -80 -164 -30 71 -247 -31 55 -95 -180 -144 125 -58 27 -106 -126 -32 10 49 -13 164 128 -2 -18 -89 229 -11 -38 215 -249 176 16 -238 14 150 186 153 187 96 -63 -227 223 184 129 68 -213 52 -169 99 15 237 134 168 161 -6 110 45 -29 -137 124 -229 60 -33 -250 197 0 228 -172 -34 -99 -21 -93 146 -60 64 -91 -100 -216 -94 131 -75 -55 182 -122 137 -92 -135 132 149 -209 42 74 -53 -175 -145 219 -97 -7 -184 -187 38 70 -12 -50 37 -65 100 66 -179 54 -42 -86 196 210 -149 22 166 172 247 89 -43 113 -45 -206 -211 -157 56 -23 115 240 73 -214 -67 93 130 -210 79 -226 212 136 167 35 200 208 48 28 244 165 -155 193 63 225 75 -153 -57 76 -237 -215 61 -177 -128 249 -9 9 140 -10 -124 159
TEST 181 ARG:102 -119 -117 -183 167 -136 33 162 -159 220 71 -130 166 -176 -162 70 -70 -211 -171 112 -21 52 152 -122 38 135 93 -60 47 136 24 -175 148 -241 -169 98 215 58 -230 -193 176 91 -54 -2 190 150 -43 -57 -209 163 -145 -246 -243 -179 194 -201 182 -29 -108 -151 130 240 -88 -47 -80 -12 89 187 196 206 -214 208 -28 -200 239 -203 -204 -231 226 -137 -35 13 -82 111 153 238 -229 228 6 155 -150 -213 223 197 156 242 -8 201 66 -52 26 85 -76 -106 246 -64 204 207 164 -110 -34 7 -32 -78 -24 184 -125 -191 21 203 232 115 -196 -215 118 -228 161 -249 245 165 -141 -56 121 -36 -114 -25 -45 -9 -131 114 -89 -148 -170 90 -208 169 181 199 -109 140 -4 -10 132 54 15 -99 -74 106 235 133 27 3 72 -222 195 -44 18 11 -23 -152 96 5 -59 105 -96 -40 -223 147 -50 1 -41 -58 -53 -242 -94 -237 139 -26 25 -84 229 109 78 49 198 116 -167 -185 202 61 225 243 51 -218 178 -247 -77 142 -27 -5 -63 -199 -184 154 -138 -146 125 -143 158 -83 -233 138 131 -186 81 -48 126 2 160 -90 37 -75 213 151 55 -124 107 -189 -238 -135 -192 191 -132 123 141 127 29 32 -164 59 174 42 76 -105 67 -163 122 159 186 237 92 80 -121 -100 -116 -240 212 145 79 113 57 168 104 16 249 9 -102 -140 -7 -190 -11 247 12 74 171 189 -49 -91 -166 193 -14 34 -227 68 95 188 -73 -224 -93 120 -98 205 -86 43 -142 248 -216 -225 -197 -118 19 -20 40 -206 -104 56 183 17 -112 129 -85 124 82 -69 -157 -198 -67 -33 170 -226 -195 144 -115 4 -154 137 -65 73 45 218 60 48 227 -174 83 173 -220 44 -180 -101 8 -134 209 103 -15 200 -188 -111 -128 146 119 -39 -202 177 211 175 -31 -68 -37 -212 -38 157 -161 -158 14 101 -81 30 46 -153 -160 -46 -19 41 224 -187 -71 63 -127 -165 -22 -120 -194 -182 244 -156 216 -1 134 -217 -239 -168 -172 180 -207 -250 77 -97 -210 -232 35 -103 -61 -3 -79 -6 -248 53 221 128 22 -95 0 20 97 117 -139 -144 -221 -17 -173 234 179 236 110 62 -87 -42 -149 28 185 -235 -133 88 -55 100 -147 -244 -13 -181 -177 64 210 -62 86 231 -205 65 192 -72 233 108 31 -234 23 222 10 39 87 -178 94 230 241 -16 143 -236 -18 -123 -126 219 -155 149 -245 -107 69 75 -92 -66 84 50 -113 36 214 217 -30 172 -219 -129 -51 99
TEST 182 ARG:49 -197 53 167 -110 -21 -73 -171 84 -147 42 66 6 231 45 220 -122 15 -183 -33 141 57 24 -163 -112 65 218 18 -75 33 129 -54 5 -238 186 213 69 153 -71 204 -124 -95 170 -90 -240 -146 -100 224 127 230 -214 174 -210 -204 -120 -58 -88 133 -209 216 -87 87 -20 -53 173 -150 144 -182 64 239 56 191 -174 210 -237 -69 -45 -144 -97 -193 238 199 -148 194 3 123 -142 215 -42 130 -24 -17 -55 -50 50 106 -241 -11 -232 79 100 211 249 -190 35 137 -98 190 124 -41 14 -242 147 -93 -172 -40 -68 4 242 78 -46 51 151 120 -220 13 171 -194 -6 -61 -187 -167 -195 -159 142 209 118 44 -8 -89 83 -81 -239 70 -186 -101 110 59 81 -67 43 117 233 135 -22 -104 31 -34 148 -166 -136 -52 -215 37 108 184 -9 32 217 22 -78 62 -213 -158 -230 -233 30 150 -60 225 -175 54 -152 -72 -19 -106 -13 -49 -119 -211 -102 227 206 163 169 -47 207 112 237 138 77 21 72 61 159 -44 232 -129 203 -227 122 -35 -57 -66 -117 -77 103 -185 -121 111 41 1 201 46 9 -3 -76 -27 175 166 168 -202 7 -160 -10 -38 221 -243 93 121 158 -30 -132 248 10 240 145 0 198 214 -116 -16 8 82 -250 -219 12 -64 -226 75 125 197 223 -4 -114 -107 -165 -176 -217 140 101 -26 -235 -201 -249 205 25 -198 76 235 -135 226 52 177 55 28 -221 -244 172 -115 -224 -145 178 92 -170 19 -39 34 60 88 109 200 189 115 95 -206 86 -177 -231 -82 38 58 -85 160 47 -12 94 154 -36 -28 165 -127 -168 -188 96 85 -123 -128 40 -18 16 -113 -218 196 229 -92 107 -155 39 -130 -111 67 68 -245 17 164 -108 -207 -157 113 -196 -191 -29 -228 80 182 -229 -99 -140 -84 26 -94 -205 -169 -134 149 -184 -149 161 -48 -63 139 192 241 91 152 162 -138 29 -200 134 -203 20 -1 -43 -164 89 90 116 -216 -79 -161 -126 244 -62 -5 181 -32 71 11 -236 146 63 -31 -7 -212 183 -74 212 -15 -151 126 -208 179 143 187 208 -25 98 -137 243 136 27 155 -173 -154 -139 -248 -37 104 -153 -91 73 -179 222 -223 102 -156 195 -70 -225 128 234 -133 185 -96 246 -83 -59 -125 74 -131 -234 23 180 36 156 -199 -86 -51 -105 -178 -246 -118 228 -162 -141 48 -103 -56 -181 -180 -2 -80 -192 245 247 188 176 119 -222 -65 -143 219 -109 157 -14 97 -247 -189 2 105 202 132 -23 193 131 114 236 99
TEST 183 ARG:152 -27 32 201 14 -227 89 -116 -93 73 -165 -103 -123 -169 -184 116 -132 -218 21 165 27 68 -53 101 -249 -200 44 -16 52 214 133 -28 65 78 -24 -15 -63 -61 -219 -33 34 122 99 -247 1 -234 10 222 -243 -217 -239 -25 -192 24 -67 126 138 -244 -87 -202 -233 31 196 -100 -14 129 -60 -189 217 108 -142 -131 37 4 112 -69 -121 -120 102 -37 -51 156 -113 12 -75 -115 -7 113 -30 20 173 -231 84 135 -214 -139 -111 153 -106 -158 -150 -92 -211 194 -11 -157 189 -162 -1 -209 -178 -98 -188 43 -168 39 236 86 192 227 150 -8 -170 33 136 -225 -38 103 -49 182 157 -105 -94 231 -141 -167 15 85 -128 49 164 -190 110 -127 40 191 249 -88 -149 107 2 23 -242 -238 -96 238 55 -43 -228 131 245 -241 -6 -21 190 25 203 -213 228 -156 -57 -145 134 163 188 187 -65 243 200 143 -109 -222 7 38 125 93 -36 172 -54 144 193 45 120 226 -80 -129 64 213 158 -90 -201 47 3 11 124 53 198 59 -47 -41 219 -102 80 207 220 -177 -99 208 -70 -34 -161 56 -118 205 215 111 -229 229 17 -183 154 -31 -124 -232 -207 -134 -172 159 160 -122 235 -208 121 76 209 62 -56 233 -20 94 -73 -224 -84 168 237 5 211 177 145 -144 79 216 -163 118 -223 -45 -248 -23 -4 -42 -246 72 -195 35 117 -76 199 -48 -83 19 -135 -58 -193 -210 -235 244 185 16 -221 -204 178 106 6 -85 -205 -119 -125 -196 63 81 132 -155 -9 -50 123 -154 184 92 176 -78 -250 91 -77 -138 246 171 58 206 -230 -72 210 140 -181 197 -82 114 9 30 224 -89 51 -186 221 -137 186 67 48 29 212 225 234 -112 28 130 -17 170 74 -10 60 70 -35 96 137 50 180 -39 -164 -2 195 142 109 -199 -237 -203 -236 26 -198 -62 -159 -3 -110 -12 -79 -212 -171 82 66 -74 -13 -91 41 46 -64 71 -176 -130 115 -191 -166 167 -216 174 149 -55 -245 -86 57 -206 54 128 -95 -101 -147 232 -104 97 204 -66 -197 119 -52 146 -152 0 141 -146 -194 -107 88 87 161 -151 -18 -220 -148 -185 151 -133 -68 169 -29 147 162 247 139 83 105 -46 155 -182 223 241 -32 -153 -44 -140 -136 -26 75 240 179 -143 181 8 -114 104 -173 -126 127 -19 -40 202 100 -175 -187 239 69 -108 -174 183 -180 242 22 -117 -81 175 -5 166 18 218 77 -22 230 -160 61 -97 98 90 -179 95 -71 42 36 -226 -215 -240 13 148 -59 248
TEST 184 ARG:-163 -159 211 100 15 -161 179 -217 82 -114 -247 -207 209 -63 199 16 -164 202 112 233 118 37 65 -68 -182 192 -14 -160 83 224 -238 -117 -175 186 159 53 -73 -139 201 239 51 -140 -241 -128 -115 200 135 -136 -184 -110 108 208 66 -206 220 103 -86 -227 -108 59 -173 -146 -58 -233 -104 161 130 133 -209 -193 134 136 -167 -200 28 42 -205 -95 -41 -150 132 55 -195 244 -183 32 -223 -13 230 97 91 -76 90 -156 -106 -154 176 -122 -85 229 160 -21 -3 218 -66 -123 -124 -204 105 10 -71 12 -24 -219 -245 232 29 163 153 157 -132 -172 -192 -103 173 -126 -49 205 95 234 92 121 -170 126 -91 -186 231 -75 -39 -231 -212 -53 -234 -229 155 -148 17 -77 72 -201 99 63 -133 52 -228 168 -22 143 33 109 225 -62 210 235 212 -23 238 156 -236 -166 -42 2 -45 145 -7 -240 -225 -137 1 -210 60 182 -226 79 -64 158 -189 -243 -54 -57 -237 78 7 0 49 217 -98 243 -4 -2 88 -202 248 -78 -213 175 -127 139 56 215 165 116 -94 -99 89 123 -178 -165 191 -125 226 -147 -61 27 227 36 -244 80 -171 228 -79 240 -157 241 -142 206 -83 -59 120 57 213 -51 19 -74 -70 30 86 174 129 -72 18 -216 164 -232 -82 93 69 64 -246 -113 151 -37 85 138 -1 47 84 46 -144 14 102 -169 -131 43 -203 -46 -35 -101 8 216 50 -214 249 -90 188 -215 125 -96 -143 62 -9 -190 181 106 -197 -105 -180 204 25 35 114 207 -134 67 61 -222 44 73 127 -239 5 -162 115 20 -48 184 187 246 31 124 -33 104 -224 -158 -43 -181 -149 169 -102 -56 -27 -111 236 -30 76 142 162 214 195 178 40 -129 -60 -242 -141 149 147 23 183 196 -248 -87 140 -152 -168 144 -12 -81 38 87 98 -176 -93 -138 193 113 -119 190 141 11 222 -29 68 237 -88 221 180 148 71 146 58 189 -84 -220 172 -116 48 177 4 -80 152 111 -249 -28 -38 -188 -16 -67 -208 -40 -112 -145 137 45 -118 54 203 22 -187 -135 -155 -185 -230 -6 107 185 -100 110 -5 -198 171 150 197 131 -130 -109 247 -18 122 -44 13 -191 81 -25 39 -196 194 -26 119 -11 -250 -218 -32 70 94 242 -235 -69 96 170 75 -34 223 -31 -10 -19 166 77 -177 -52 -174 -211 -179 117 -221 -20 -151 26 245 -120 -55 -194 -89 -107 128 34 24 -50 219 -199 -17 74 41 -121 -47 9 -65 3 -92 101 167 -97 198 -8 -15 21 -153 154 -36 6
TEST 185 ARG:-227 -80 -140 94 -155 209 -82 232 14 214 -3 -239 -73 129 -62 156 -163 -238 248 -220 -219 -235 36 -25 115 -234 108 88 -170 -71 194 -206 -126 -53 -247 -194 -116 -232 106 22 -98 69 127 -215 -172 242 223 224 53 -70 165 18 180 -15 153 -95 -213 245 101 128 240 -241 -88 85 57 -185 -187 93 -196 -166 -203 1 159 -184 -195 90 143 -178 -154 -245 -40 192 -111 213 -230 89 19 -181 -96 -237 -146 183 8 145 193 142 -131 11 -137 -57 -117 37 54 -11 -94 -100 -45 238 -110 228 52 -31 119 -121 -210 -144 -147 -165 -58 -49 144 -197 -159 0 -204 -156 -128 -46 -115 109 -153 -61 -29 -160 204 -214 -99 181 241 81 237 13 147 61 185 -208 -59 105 202 136 -22 227 -113 -148 158 139 -179 243 177 169 -36 151 -101 47 7 -7 -72 -43 -20 116 201 -42 43 -119 20 97 -176 126 184 -174 124 -243 92 55 -89 84 130 121 95 -87 -14 -244 -109 244 168 -18 -138 79 -52 131 114 -120 140 86 162 102 5 191 -246 -51 -189 -171 -142 -186 -225 220 78 -169 -123 175 41 -84 10 -34 199 235 226 -223 174 -129 -250 104 113 -33 229 9 -32 150 -157 -133 203 -78 38 110 -143 -191 73 80 -231 230 -167 171 -8 -19 -141 -55 83 176 -207 -228 182 -183 189 -118 -68 58 -2 -240 234 195 172 45 -13 225 107 -229 98 -69 -12 -37 -122 -202 205 118 39 71 247 198 -180 4 188 15 -198 -76 -86 -216 -79 65 31 216 63 29 91 96 112 111 44 207 -192 -139 -91 -93 -26 26 -201 -177 137 -190 -30 -114 46 187 -102 -38 -205 -47 -27 -24 68 103 72 206 222 32 -125 62 12 160 197 34 -54 178 212 173 -90 -103 217 179 -105 -81 -249 -212 -175 154 -85 76 -209 35 -188 -173 233 87 190 -50 -134 -132 -164 141 167 211 -74 208 -97 -112 186 3 210 125 120 -6 -224 70 66 50 200 -217 231 161 123 -200 -136 -221 21 27 -158 -66 133 -104 -56 60 -65 -145 -67 17 51 77 -161 215 -248 246 239 24 -39 49 219 -10 82 163 -233 155 157 -130 135 -107 -236 -41 -162 -106 74 148 -75 149 -64 64 249 -152 23 -127 164 -28 -48 42 -124 -63 -60 16 100 138 -242 -1 67 28 221 99 -218 75 -9 -150 -222 117 -35 59 40 -168 2 -16 166 -92 -199 -44 -182 -226 33 218 30 -135 236 196 -5 -149 56 25 122 -211 6 134 -151 132 170 -17 -4 -77 48 146 152 -193 -21 -108 -23 -83
TEST 186 ARG:-110 -127 -62 169 87 61 -109 -189 -80 40 -100 -215 49 -140 -35 176 81 -13 197 -138 170 174 -175 136 -38 -182 94 -153 -209 -55 -185 -85 155 33 117 -84 147 -30 63 -92 -245 -238 203 -166 -24 -194 -239 -198 11 -141 105 204 -42 -177 -25 -57 216 240 158 -120 59 19 -202 -123 181 13 -214 -69 74 214 28 92 14 -90 -108 199 207 -40 -75 -34 -74 205 70 -12 236 -61 172 249 68 -5 -234 -139 41 -125 -193 37 57 166 146 27 202 182 138 121 17 83 224 77 -16 15 -106 69 -240 -94 140 -102 212 104 53 -158 -99 223 -2 -164 -168 -145 12 -180 -248 85 56 99 60 120 -20 -146 78 44 134 -17 -37 -78 153 -221 -195 234 -144 167 -224 246 -121 82 247 137 130 26 -1 -222 237 -79 97 148 124 196 -147 -113 211 225 248 133 219 242 115 -219 20 -190 213 62 30 126 -124 0 -174 -206 21 -70 132 123 171 66 159 165 -105 -116 -129 -225 164 -39 144 173 110 89 -89 64 80 208 95 179 -28 -213 160 127 186 -9 -8 -98 86 58 -77 -154 150 143 38 25 -149 -111 109 -11 -107 -51 107 3 200 238 -14 -53 -176 245 220 -220 -103 -134 -101 -162 210 -170 -71 -15 88 -211 194 -117 7 189 184 139 100 -128 122 231 119 -217 -161 -178 201 -249 -133 175 -115 -148 -119 73 215 2 -19 116 131 -208 101 -135 -76 -203 -163 -152 -230 209 152 -241 -159 90 128 98 241 239 55 -232 145 42 22 -244 -233 24 50 -122 -151 149 -31 -191 -237 -3 18 -118 183 9 -6 243 45 31 5 -33 141 222 -95 -200 -184 226 47 -218 -136 185 177 -41 -59 -60 -173 -188 -114 -58 206 -45 168 233 135 154 -250 -210 48 -86 -143 76 -223 1 180 -137 -172 195 -242 6 178 -160 192 -228 91 -204 103 -72 221 -179 151 232 187 -23 -47 65 -81 106 52 -197 -82 235 -66 -65 46 113 244 114 -126 -165 -199 142 -43 -7 54 125 -132 -21 161 -87 93 198 29 67 96 -22 -52 -231 -167 -216 -205 -27 -235 32 75 -97 4 118 -169 156 -155 227 111 36 -192 8 -48 -229 112 129 -196 162 -187 -96 102 34 71 -36 108 84 -112 -93 16 157 -26 -243 -32 -157 43 228 -142 -29 -49 191 -83 -212 -54 -186 -104 190 35 10 -201 -156 -68 -67 -171 72 -63 -131 -4 -247 -10 -181 218 -227 -183 -91 -226 -18 39 -56 -50 -130 188 23 -207 193 -88 79 163 51 -73 230 -150 -46 229 -44 -64 -246 217 -236
TEST 187 ARG:-97 -175 -237 -95 222 98 130 -81 -41 -151 -170 171 -138 83 -203 -190 33 129 143 -27 -227 -112 -79 -91 -89 201 -246 131 -106 172 -8 -75 -23 102 212 -162 -53 15 92 3 21 139 43 221 243 112 -173 181 229 90 190 -193 5 77 -83 -172 78 36 86 -225 -113 -29 18 -36 239 142 -85 64 -159 106 128 -153 248 -17 68 82 -58 22 249 -219 184 -37 -194 91 -43 196 -196 65 -96 14 -105 70 -249 163 -248 204 -123 194 -224 45 29 -118 -69 185 -70 -84 -13 111 -31 -232 226 -64 110 1 47 -143 -110 -134 -156 -239 -10 12 -48 52 215 -102 37 -21 182 -50 227 -22 -243 59 -120 113 -177 99 231 -39 7 -191 -205 -59 -152 144 -202 213 72 -82 -30 -180 233 -2 -98 -181 -14 -61 -223 -247 -136 50 -127 -183 -168 166 -103 -215 -217 219 74 40 167 220 203 27 4 -148 159 11 176 205 218 -140 -63 195 216 -231 122 6 76 -178 157 225 -169 -235 155 -26 247 -109 16 87 189 152 123 -122 151 -28 -42 210 -149 -210 58 -125 177 -147 -166 192 121 -198 -51 -135 -117 115 -167 -24 -7 232 -15 -126 126 8 134 10 -18 -33 73 -9 -157 175 -47 -71 202 41 100 199 -5 117 62 -4 -185 44 240 132 -233 124 25 245 66 125 -241 -142 46 -19 -212 168 -226 84 136 -189 -220 -100 -176 -144 150 -101 -6 156 207 -67 183 -141 -174 209 80 -11 -206 9 -216 -192 54 20 26 -137 -211 173 -165 -121 61 241 -116 104 -72 -99 -108 30 -199 0 -94 28 149 63 127 -218 -62 107 -250 174 154 158 -119 -234 105 -87 -77 97 48 -182 51 244 -12 -244 246 75 161 -93 -242 35 214 230 138 -214 17 178 187 -52 191 -35 242 93 34 -129 -45 -111 236 -80 165 211 96 -16 -46 137 -139 -25 -197 -65 -115 71 101 -229 88 42 -76 193 13 169 162 141 -213 32 24 -158 120 -78 223 -240 -107 -92 217 145 -130 -49 -171 234 -60 -38 53 -55 188 180 60 237 148 200 238 206 -222 -40 -146 147 95 153 -150 -132 -179 235 -128 19 133 -133 -245 -154 -20 -1 -230 81 56 170 -57 179 49 -195 -3 -104 -145 116 -131 -184 -155 38 146 -32 160 31 -228 208 228 118 -68 -34 67 186 -124 39 -74 -204 108 -114 89 -164 -44 -187 94 -208 224 -163 -188 -186 69 -201 103 57 -54 -209 -161 85 -160 -90 198 114 -88 197 2 23 -236 -221 -73 -238 -66 140 -56 164 119 109 -207 135 55 -200 -86 79
TEST 188 ARG:-47 -112 -209 -69 -206 -139 67 79 -186 -165 -155 143 -160 -157 72 137 4 -56 -84 40 155 -29 95 -245 -208 -16 -37 96 -203 -156 132 225 -227 124 237 -166 31 -204 -188 172 5 93 39 179 87 -138 -81 175 -168 88 -123 -174 101 -163 170 229 -55 213 -43 -110 193 -39 -141 -242 91 -128 136 -21 196 78 -129 -93 -232 186 57 217 230 -53 -7 -126 236 119 185 -14 209 -89 106 190 -90 -162 11 -134 -103 -50 -137 249 -70 -238 162 232 -38 16 38 52 208 114 152 -109 177 234 244 167 -125 -191 -220 113 -27 243 -127 231 -176 138 69 -235 100 44 -224 -100 -167 -49 116 -26 51 -218 220 153 -136 30 92 6 -171 -177 -222 99 218 24 -221 154 68 158 108 -230 -77 8 201 -231 156 -67 -247 -118 -20 63 109 -34 -5 -94 140 -193 14 -108 115 223 48 -140 -36 -113 -107 73 1 165 188 27 -170 -154 15 -178 111 -22 -130 23 89 -161 56 18 -244 -214 239 -11 -226 157 -185 65 -150 -114 -32 -104 110 238 -75 -234 -88 -147 61 -17 125 -92 62 -187 139 -239 -243 -169 211 182 -41 28 -182 -9 104 76 197 149 42 -102 166 13 107 -144 -149 -249 -73 -200 240 83 43 -192 -210 233 -48 -158 -205 -91 184 174 198 -211 -246 -173 204 -42 212 -105 -82 21 146 205 215 -62 -145 122 -24 -10 -148 -179 -152 -184 169 105 -31 32 227 -151 36 -68 -194 -78 187 123 -97 59 -45 -198 -65 135 -121 -236 -195 -8 -215 -175 94 224 -240 -228 54 -54 -60 -135 160 -76 219 71 118 -1 -133 -115 74 -51 129 -153 -44 -189 -217 -72 -23 -207 180 173 203 150 189 -219 -85 -18 -95 -241 148 -83 -74 144 147 -116 -225 226 -59 194 -201 191 -164 192 97 -237 80 134 -63 235 241 -229 -131 121 -212 130 195 -80 161 -52 -28 245 2 -12 -3 216 81 35 171 221 133 183 120 -57 20 53 -46 0 181 -122 246 206 141 -233 -4 -99 -120 -35 -124 200 -64 12 248 -132 127 37 -143 247 -98 -197 -19 -15 -58 -25 41 228 50 202 142 -223 -79 77 55 34 164 -119 -30 9 207 128 -180 -159 86 -213 84 -181 -196 242 -101 58 -2 131 85 22 168 82 -146 -216 151 10 47 117 210 45 -71 19 64 49 75 163 -142 29 -248 98 -13 -61 -117 -86 214 66 -172 17 -111 -199 176 126 -87 145 222 -66 -190 -33 102 90 159 -250 -40 -96 -106 46 -183 33 3 -202 70 7 25 199 26 60 112 178 103 -6
TEST 189 ARG:50 204 45 -198 -228 156 212 71 -121 -238 97 200 -119 -8 60 -5 -185 -226 8 -59 -184 0 121 240 64 105 -38 47 -225 164 -208 -89 -239 -146 157 -50 -222 -126 172 246 167 151 31 -203 -36 219 -26 -112 -76 -194 -111 -98 141 -223 -220 -80 -12 131 -192 -162 171 185 42 54 -213 63 188 132 5 -39 -170 -187 -217 -33 23 14 209 170 -100 218 -91 178 245 -152 175 90 67 214 13 108 -96 227 241 -82 187 -77 -173 -205 -65 -63 158 -160 225 -107 155 22 -245 -3 213 34 15 -141 102 -131 180 -54 69 -237 -174 73 221 169 -233 -74 -190 76 220 -214 -136 68 -204 -15 4 98 159 162 -197 -156 -140 104 -202 142 -196 48 -172 -128 -11 93 1 145 88 -48 -158 12 -24 249 -4 78 -155 130 -81 115 238 148 -49 -105 -249 176 122 -161 -199 -95 7 -163 -79 -51 74 -37 -175 -93 228 -242 -230 -13 184 117 -218 -145 -35 -159 -224 248 -114 119 -86 150 -78 96 -19 -182 -130 -166 -221 -193 -227 181 -73 237 217 28 -102 -108 183 87 -157 80 133 153 26 127 19 -154 92 -56 33 136 174 -87 -23 -44 116 -248 -167 36 -31 -137 -250 147 163 -147 -103 65 143 38 154 -118 235 -41 129 203 -34 -125 179 168 -70 123 239 -129 -127 -75 75 190 134 -235 39 -60 29 -115 103 55 -42 197 -234 77 21 -120 -10 -165 -144 -188 152 215 81 247 224 -16 -92 107 244 -164 -1 139 -104 61 205 195 -57 -216 -215 199 140 84 27 -243 85 226 -53 79 -191 58 -106 193 128 52 -88 -240 89 -45 234 -247 210 114 -6 -139 137 -64 149 -183 -22 -116 160 -212 -201 -7 236 -14 -67 -94 -99 -55 109 186 -207 -28 -20 2 -231 208 -122 230 -210 32 125 -62 -219 243 138 118 -195 46 120 165 17 -229 216 124 202 101 16 -178 3 -151 94 56 -206 -189 198 -181 113 -29 232 -124 222 -30 -52 30 -27 189 -68 242 49 229 191 100 -9 -138 -246 -149 -43 -101 82 9 -69 -153 72 43 211 -180 -171 -72 -134 -32 86 10 146 -211 24 -25 99 135 -209 -110 -66 44 95 6 -244 -169 -236 51 194 -47 62 110 -177 -83 -90 11 -135 173 106 -113 -71 182 166 126 -168 37 -85 53 66 207 -176 206 -132 20 -232 111 18 25 -186 83 -200 -117 -123 -84 40 231 233 223 91 -150 -40 70 -17 192 177 -21 41 -46 -109 -133 161 -179 -143 144 57 201 -61 -58 -142 -241 -97 -148 112 196 35 -18 59 -2
TEST 190 ARG:237 -16 31 -138 -18 107 198 125 184 -113 94 -210 115 63 -20 168 142 -224 217 -206 -197 91 -126 -181 126 185 -61 5 -187 -44 -234 -203 -161 -134 -50 238 41 -144 -67 87 -36 132 -193 -188 150 209 -215 -148 -159 233 -141 232 -231 -243 177 -108 228 110 114 -118 -241 215 10 -39 105 20 73 -233 -149 -129 -227 203 167 166 74 165 36 -214 -173 58 -228 143 208 84 -160 -236 111 -219 123 240 -204 -212 -86 -87 18 102 239 -45 -56 231 79 -8 -2 -90 183 16 144 179 120 -198 8 -163 194 -117 113 246 -19 -211 154 -162 147 139 158 -238 220 229 -137 -101 -191 -205 218 92 0 -223 224 -12 -26 149 -49 244 -14 59 -24 97 -136 13 80 -221 199 -99 160 -196 -172 46 159 -51 47 -33 -7 -77 -178 -177 219 187 -93 153 112 104 241 -140 -106 99 124 -76 81 38 197 -79 -78 204 -30 -40 141 43 155 -91 25 4 234 106 227 -52 138 28 -111 -83 66 190 33 -27 34 -21 245 75 210 -186 -1 -60 -202 -127 -208 -200 -15 44 40 -120 11 -242 -158 -100 -112 -102 -104 103 -57 -71 -240 163 -96 181 6 108 -63 146 127 -248 -166 -151 214 161 82 118 191 29 -246 -53 173 174 145 -124 -216 178 248 45 205 98 -9 -175 -147 -222 -235 -171 -213 242 -13 -220 -66 176 64 -142 -25 134 -154 -5 26 77 -125 -80 -183 226 223 -249 128 -59 189 35 152 65 140 -85 101 -119 186 119 57 3 -58 -194 88 48 235 -116 182 -115 -105 -168 54 -218 -107 -41 -174 222 -122 200 213 216 -133 109 -11 -65 -22 -229 -6 12 247 68 -201 -64 61 196 192 135 -69 -109 -185 -237 206 -184 212 156 27 -23 131 93 175 -146 -192 71 -81 -94 -114 -169 -245 121 -62 -155 -98 -232 -17 49 236 -225 -55 -131 -92 -73 -35 -82 60 136 195 -165 -167 52 96 207 -195 -132 83 -199 -189 243 30 -97 -135 -34 -29 21 164 -110 157 211 89 85 -153 42 117 -207 22 -170 67 -10 -164 -48 -37 170 -54 -43 -182 -179 17 86 -3 221 151 -74 188 -226 19 2 -46 -150 -70 172 -75 -31 39 -32 37 53 51 7 -72 95 -239 62 -84 32 -68 55 202 -121 24 -95 -28 70 -247 69 -217 -157 1 76 230 56 -209 162 169 -230 171 -190 -88 15 122 130 180 100 -139 -156 -180 249 193 225 137 -143 -47 -176 148 -244 -152 -130 14 129 50 -103 23 -123 -250 90 -128 -4 116 -145 -38 133 201 78 9 -89 72 -42
TEST 191 ARG:186 -138 203 -144 62 31 -72 -105 -39 -151 211 202 -169 -242 -100 -140 108 150 -131 -216 177 213 245 84 51 215 -176 -37 218 247 -232 125 -36 233 -6 111 -188 180 77 -43 173 1 -203 -240 -45 -97 -197 -192 38 -191 162 -159 50 -80 222 12 0 73 -84 -48 -113 98 -231 65 -99 142 -146 -170 228 -196 -141 -67 -3 75 76 -218 191 244 123 49 -10 72 236 -179 -122 -14 -177 214 -211 106 -61 122 71 79 -175 -29 -174 -19 156 130 -201 -164 -81 15 47 -249 -136 127 -73 133 102 61 -173 155 14 -224 -77 174 -222 205 -194 -33 138 179 -219 -78 36 103 -156 -205 -74 126 206 168 -244 32 129 -47 152 -31 -56 -239 -153 53 201 -102 -46 35 -247 45 -13 -8 -23 131 -130 124 11 -25 16 -69 -135 46 -9 33 207 57 132 9 -119 183 -221 145 96 -208 43 97 -26 -116 146 159 60 88 229 -204 -128 241 -209 -124 -2 48 30 -162 -118 -76 235 -241 -21 225 -15 69 -17 157 -163 -91 27 42 112 198 -133 234 64 -12 -79 63 39 134 7 -207 58 164 -16 21 -41 246 151 -70 10 217 -190 137 154 -229 -185 -53 -93 192 238 -11 -234 190 86 44 -60 -178 8 182 -34 140 199 17 221 141 -83 136 105 248 135 55 54 -20 26 -107 120 -147 -65 188 -166 -50 -120 -187 -228 37 163 -40 -213 -52 -227 -58 -30 67 231 -233 -121 144 194 117 166 242 240 161 204 -150 -167 -134 5 -172 82 223 169 209 -51 -44 128 196 224 -248 153 100 165 -96 -250 219 85 -88 -54 80 18 208 56 20 87 -237 189 232 -245 -195 167 -181 176 -103 239 3 226 216 197 93 243 -24 13 -114 -161 143 -182 -223 -198 -7 34 -226 6 -64 -154 -171 52 -217 171 68 91 210 139 -152 -127 -104 -90 25 99 -193 -59 170 -126 -109 -202 -199 -57 195 113 -35 -5 -139 -235 -111 -62 172 -143 -49 24 -106 -243 -108 -214 41 107 -157 249 -27 181 -215 147 175 74 -132 110 193 78 -94 -89 -149 -186 23 185 -68 -87 116 94 114 220 -18 70 187 184 40 -184 66 -32 -98 178 -115 -145 109 95 -86 -85 -212 -117 104 -112 89 119 -95 81 83 -4 -92 -210 90 19 149 237 115 -123 -42 -183 59 -1 -158 -230 -38 -160 118 -225 -110 -206 -129 -63 121 158 4 -168 -155 -246 -125 -220 -75 -236 227 28 -66 -200 101 -137 160 -180 -165 -28 -101 212 -189 22 200 29 92 -148 2 -22 148 -82 -142 -71 230 -238 -55
TEST 192 ARG:-149 -100 214 -4 -81 35 30 -25 -74 -126 23 182 -36 99 -56 212 -109 80 211 92 74 -62 192 103 -192 -96 -182 -248 59 178 235 -200 -244 -241 32 218 -232 1 83 9 27 -165 -91 71 -86 -231 -224 -44 193 -201 -28 140 58 -94 -13 -184 -180 234 -20 183 125 -144 17 -67 -245 -249 -83 197 16 -98 159 -43 14 -155 -214 -46 -123 -207 -70 -9 144 -50 -173 190 93 -206 -92 -198 -54 -119 194 242 49 -6 -150 -168 117 220 -95 -23 48 104 161 -225 150 -146 63 47 116 -108 60 223 245 232 146 -53 224 -229 124 142 -31 -166 -145 108 -128 76 130 -142 -57 -38 -73 -203 -196 -181 189 139 -40 204 0 -18 25 134 13 -58 -194 185 -134 201 188 219 -246 45 -30 -137 -114 77 174 -89 172 85 -24 148 54 203 -87 7 66 6 222 -212 -16 237 141 -1 213 179 46 -93 221 -185 -233 -59 -242 -82 -33 180 38 -116 191 50 -175 230 -234 184 170 -130 158 -105 -215 -106 -48 -179 -160 -117 226 18 151 -47 175 -135 126 111 240 -183 123 95 129 -153 -34 -230 241 65 -221 206 239 106 154 -65 42 -219 169 121 -161 -164 -113 -131 -103 67 -132 -129 10 163 -220 -228 187 137 -167 -188 -143 205 94 55 -217 87 229 131 -85 -211 118 -118 -78 119 -157 -42 22 82 12 68 81 128 138 -29 -195 -27 -208 -158 202 20 84 28 114 216 -162 40 171 -26 33 29 168 57 -99 -227 -151 149 225 153 160 -3 -177 247 227 64 72 -239 -247 -77 -115 217 -17 90 -120 -60 31 8 39 -63 186 -189 -37 207 -102 -213 -41 243 -10 -159 -141 -186 -75 196 -204 -197 100 44 79 -52 26 181 -171 164 238 19 -169 5 -133 -238 -72 -55 -66 133 228 200 -45 -124 101 112 107 176 -88 -15 173 -51 -107 -140 152 -11 52 -190 -156 -172 86 122 -110 -32 -154 -5 -101 -216 -240 41 -64 61 210 -19 113 215 -152 43 165 109 37 105 69 -178 -12 97 -97 62 248 -104 236 -226 -121 4 15 -22 91 135 -235 -250 231 -111 -139 73 -222 -191 209 -138 -69 -76 246 166 199 -147 157 136 -14 115 -237 -84 89 -193 -122 -236 -199 132 34 -21 96 78 -218 98 177 -187 24 162 143 -80 -210 249 -205 88 -49 -209 -170 -176 21 -148 36 127 51 -125 -174 -136 -71 195 120 -39 -90 167 70 -79 3 -8 145 -127 155 -202 156 110 244 -68 56 208 75 102 -61 2 -243 -7 -2 -35 198 11 -223 233 -112 147 53 -163
TEST 193 ARG:-203 -226 124 63 197 0 173 4 -58 -224 70 94 -11 115 25 77 67 -145 170 139 -50 -160 141 199 -65 -36 -61 135 204 -7 -41 140 -116 34 -52 -170 -216 240 -214 -98 -168 224 -222 -163 175 85 123 192 -132 216 -49 57 42 -169 -113 59 -127 51 -223 -186 245 229 39 162 -47 93 208 -85 86 -101 186 133 -95 -180 201 -75 241 -122 -128 -96 -196 80 -129 -143 27 -59 52 55 -193 -191 176 -106 38 215 -38 -244 231 47 234 -76 -171 -15 -103 238 48 61 -16 -80 151 88 -195 235 -179 -121 23 128 -60 -183 114 117 -39 20 -120 150 65 -24 152 161 233 138 218 -19 -131 -14 -236 196 195 187 -166 -37 153 35 110 -64 177 -114 66 122 -243 28 -112 -44 -43 -158 -148 166 -26 222 -189 -219 -123 -200 -63 62 -204 -62 -142 14 144 -221 8 -250 181 -118 126 96 -242 -104 -3 -174 -133 -77 132 -27 -17 112 -151 -25 -107 219 40 -6 200 -119 105 44 -1 130 146 207 -237 206 1 198 -249 116 -182 154 -194 -81 -197 -192 -48 -173 -84 194 -108 -102 156 92 -51 -135 -23 183 -20 182 100 167 -117 118 210 -176 137 87 46 60 -205 91 84 -30 -201 -190 -32 98 -156 227 -232 -91 160 179 -94 13 -13 -172 41 213 -240 -165 228 -159 120 33 202 -78 68 56 -206 109 26 75 -177 -21 -208 -146 -57 -247 -70 -89 82 -147 -188 -202 -157 148 30 -87 -56 -5 -86 32 3 -83 171 71 -228 -198 145 -162 -109 -12 134 -141 -246 -99 -217 89 205 158 36 7 2 64 136 157 243 230 10 178 50 -9 165 246 74 -199 -215 9 168 -175 -239 147 104 79 -152 -35 193 -245 73 -125 45 129 -235 159 72 121 -97 95 37 -164 143 237 49 54 -45 -187 -31 -150 -233 -155 -115 11 108 99 12 -74 -66 -28 -110 76 43 127 -140 81 -18 -71 -8 17 -248 -138 -55 -178 -144 -4 15 226 220 149 184 180 185 -73 190 223 -149 -33 -185 90 19 142 -181 29 -111 221 -93 -213 188 -54 189 -126 -105 16 164 249 -220 -92 -231 -68 5 -241 -229 -207 -184 214 102 131 -225 69 83 -124 -161 -210 97 -82 -209 -134 212 58 155 31 217 -2 21 209 -10 18 -79 53 -90 -67 -230 -211 -72 -238 248 125 -218 211 -167 236 247 -130 -53 -154 163 -139 232 24 -69 203 22 101 6 191 -136 225 -100 78 106 -137 -40 103 -212 242 244 -34 -42 -234 -46 -153 239 113 111 -227 172 107 -29 174 -22 -88 169 119
TEST 194 ARG:183 206 232 -152 133 -46 -108 152 -15 -140 209 199 -192 204 150 -77 149 102 87 -17 -189 -117 -72 104 -54 19 52 -144 -111 -170 61 222 -90 -134 -29 124 179 187 131 103 11 -199 37 185 -176 -168 -39 -121 86 77 -125 53 -6 -175 -193 121 -66 201 74 -80 110 32 -52 202 234 -49 127 -222 -187 178 -229 123 48 231 -232 -110 59 168 153 -190 -171 106 38 15 21 193 -96 62 -70 20 200 -60 -181 -200 -67 26 115 156 129 -118 175 57 -138 -162 160 41 122 -130 5 -206 -203 84 208 -51 60 -50 33 100 -240 128 151 -151 157 67 108 -156 -183 46 109 92 -120 188 -244 229 70 -98 184 -132 -164 -65 -145 -59 -142 -93 134 220 -109 -221 -225 44 -115 -22 -197 -213 -160 -16 -18 -209 -35 140 186 -204 139 -201 -12 -126 169 197 -250 -155 -24 -86 50 -123 -103 68 -105 -13 174 65 79 97 155 227 -166 -81 42 167 -235 180 -159 -62 177 -167 166 -55 34 117 -127 240 -218 -87 224 16 -238 4 165 -82 190 -97 94 -205 145 -173 23 -3 137 -48 138 -137 -214 6 -177 107 22 -45 228 -236 242 -71 -149 -247 -210 114 73 214 1 -79 159 141 -228 88 -44 63 173 205 162 -165 -124 189 130 172 -32 -196 -91 -139 -220 132 -94 -43 143 -56 101 136 196 -198 -248 27 -61 -143 -41 -84 -116 -107 -42 0 78 -131 -154 51 76 43 -28 -163 144 -19 -157 -153 -211 90 -33 194 -188 116 28 -227 -246 -99 -75 47 -148 -212 -76 56 -83 54 195 80 237 -122 219 182 45 135 210 238 25 -38 105 -5 -161 89 225 244 164 85 -68 8 40 72 3 7 111 -64 -40 -245 249 69 -215 233 -8 -57 -21 -224 -114 192 158 -47 -208 -20 -146 243 82 -219 171 12 2 17 -26 -4 -25 66 -104 247 248 246 91 -89 -2 30 13 -242 -202 119 -92 148 39 -180 -230 -11 -217 -63 -119 9 -207 -129 35 -233 217 146 -234 -216 -10 230 -141 -14 118 -191 -73 -136 -226 235 226 18 154 -85 -150 -179 142 93 126 -69 64 99 -249 29 -241 -133 218 120 216 223 125 55 49 -27 -106 -237 -178 241 -147 -223 -243 58 113 236 -31 10 198 -23 -169 -158 -1 -174 96 98 -172 112 -36 36 239 -88 -135 24 -195 161 213 245 31 -9 -112 191 176 -53 -74 -194 211 170 -34 -101 203 -113 -239 81 -30 215 207 -231 14 75 -100 -78 -128 -102 -186 -95 181 -182 -58 212 163 95 -7 221 83 -185 147 -37 71 -184
TEST 195 ARG:-231 100 -92 -145 -29 -139 83 -216 218 119 57 163 142 -106 -239 -21 155 -135 -76 181 -153 133 -72 -237 -148 130 -212 -143 -147 70 127 -102 -192 248 -213 -50 -132 -32 232 -20 115 202 -53 117 -104 -130 19 40 56 -112 -235 -208 246 158 18 -93 182 -151 168 -171 186 -221 135 -202 -24 -205 198 -59 123 -226 -184 -162 -4 52 136 -203 -165 177 -48 -211 -45 -187 175 164 -10 -217 -84 -223 -77 -114 64 -178 -108 -141 146 109 -33 -44 -8 -66 -236 166 223 114 -243 169 -88 -160 94 185 -71 -43 -170 -115 140 104 54 10 -97 120 72 -74 27 96 -166 -140 58 36 -167 235 -111 41 -107 180 -234 156 121 221 -46 176 199 28 219 187 184 -86 50 210 -152 49 22 157 -174 68 -183 160 217 -127 33 -180 215 -95 -7 128 -201 -31 110 77 -103 -38 -156 -101 118 -99 233 208 47 92 -193 171 32 240 191 178 112 20 197 126 -51 -94 -136 -210 -109 -161 -242 132 46 -123 67 34 11 14 -65 183 138 -218 249 -2 -229 95 -190 25 73 116 -41 200 -26 -191 66 -56 -204 -214 -17 -179 -146 237 190 148 -225 167 216 213 81 80 -248 -149 43 161 193 151 201 -68 -83 -240 245 -134 -128 82 -80 -69 230 4 170 -57 154 108 35 -196 -14 111 21 159 238 -98 134 -3 88 231 87 -58 -126 84 -1 -52 76 91 113 -189 -176 106 -9 -185 79 39 222 -18 196 -16 -122 -199 -125 -55 -54 26 93 48 203 244 -67 9 -200 139 -110 -12 -47 207 3 -197 194 53 229 241 153 74 -117 162 12 143 -131 -144 214 -150 -194 16 -91 -90 -82 -233 -87 75 224 152 -73 29 188 -25 -163 61 78 206 -37 -224 -241 51 192 -222 234 -28 -238 125 13 -60 -215 71 122 137 102 144 -13 60 -119 228 -159 242 7 131 8 65 -177 44 -169 -5 -249 129 209 -49 107 243 226 -227 174 105 62 -75 -113 236 -30 -186 -40 227 -81 97 38 -36 -133 173 -124 -244 63 -105 189 -19 99 -181 -96 -158 205 -63 172 -70 -120 17 42 89 124 -230 -172 -23 -35 212 24 149 -247 -61 15 -78 -228 -138 239 -168 -245 6 -164 -207 145 -15 -188 150 -89 204 31 -34 -157 -39 23 5 195 -85 225 211 -155 147 -173 -232 -118 55 -219 59 103 -246 -206 -42 -121 141 -175 -100 45 -6 -129 -250 2 -27 -195 -220 86 -22 -11 1 247 179 85 98 -198 165 37 90 -79 0 101 30 -209 69 -137 -116 220 -64 -142 -182 -154 -62
TEST 196 ARG:249 149 -39 -227 208 -47 93 -198 78 77 -63 -129 222 -164 -159 80 -156 161 235 13 -19 200 -83 82 115 242 107 -50 -58 203 40 -8 111 75 -237 236 -77 -206 -111 -3 5 -136 197 -171 87 -243 -188 234 88 -34 -57 6 83 195 -169 -173 -230 171 9 183 -128 151 37 175 133 -5 239 -84 91 -91 217 224 -123 162 -46 -87 -119 181 125 -152 194 -158 67 -25 188 20 156 32 221 -241 -29 -177 -81 70 4 114 182 146 -101 191 -124 154 60 -26 -85 233 117 62 12 -183 86 238 28 120 -216 -54 100 -102 69 -143 -89 177 -193 243 -141 -142 103 196 -73 3 247 -221 95 -151 -209 36 54 192 -113 -148 73 185 -16 -21 -104 92 -69 131 241 190 -6 72 102 -1 96 229 -72 -247 -126 -49 148 -98 -48 39 -249 -109 -190 -240 -37 -224 -121 126 64 -22 153 244 -93 56 49 -204 -28 144 8 -179 -146 -244 129 89 -100 -235 58 81 159 -219 225 -208 -82 -97 -210 19 -127 -199 46 -170 218 -200 -13 16 -222 31 -168 21 104 -44 215 -205 173 -181 -67 57 -203 71 76 137 122 79 -114 -31 -140 -178 -195 -108 -217 248 220 -175 -7 231 38 118 -245 -248 -36 -184 -2 -105 -234 44 23 -24 -51 68 202 -75 -132 24 -45 -166 -40 84 108 -135 -238 141 101 -239 121 -174 -116 184 26 -80 180 110 -186 -20 145 -185 -211 136 74 167 -194 42 170 -15 106 90 187 127 45 -96 -154 237 109 178 -214 -12 10 -53 50 -9 -180 29 -94 -41 189 -202 124 -42 -74 157 105 174 119 -236 134 -14 -32 -197 -162 -149 -30 166 132 -137 -66 147 -134 142 -65 -78 212 30 168 -17 -147 -223 209 211 14 -131 43 226 -38 -71 -191 -189 -220 94 -192 -161 -232 140 66 61 158 -213 -250 205 51 123 -107 85 27 11 210 201 169 199 -172 -207 -160 207 41 143 -23 -52 -10 -212 1 -215 0 -233 35 214 -110 -68 179 164 -103 -139 138 -62 -163 97 -79 -125 -112 -150 213 48 -226 34 -61 128 246 155 -157 -130 -138 -117 165 15 112 -70 -144 -4 -11 113 63 -122 -95 -196 -35 22 -18 -64 232 -43 25 -88 -155 172 -176 -167 216 228 -27 -145 17 116 130 -99 223 98 65 135 -133 186 152 -86 33 -231 240 198 -76 230 99 227 -106 204 150 -165 -92 -115 176 139 -55 53 2 206 -187 -218 7 245 -225 -182 -246 -33 -153 -242 163 160 -90 -228 -118 -56 -60 -229 -120 55 18 193 -201 59 -59 219 47 52
TEST 197 ARG:-71 -25 171 -64 -201 -19 148 -83 206 165 -145 177 10 46 -131 -194 31 -124 69 235 79 -139 189 35 -196 130 -219 225 -239 41 73 -104 -159 -224 233 197 -4 -5 101 120 48 -22 146 179 111 -8 -95 162 -229 2 182 -160 24 106 -96 138 -110 -155 -199 -141 -171 68 9 139 33 30 143 -39 154 -70 246 60 108 -184 172 124 39 157 40 -144 6 -203 -175 -133 -89 -62 174 -223 243 43 76 104 218 4 -182 -192 195 242 -178 -18 90 56 -156 150 170 226 168 167 -6 205 -118 47 -143 200 128 -220 23 136 -49 -142 -236 55 -50 -148 -33 -181 44 211 42 -214 -97 67 65 49 -240 132 -26 -94 -61 27 -249 -106 -126 210 93 117 -235 86 -14 220 215 -82 -146 -185 -54 -46 16 236 -87 -45 129 28 19 103 -166 -193 26 -202 -30 -79 -68 114 -157 -174 133 141 80 153 196 84 -3 45 7 -163 -247 -77 -121 -154 159 183 3 11 231 89 -149 66 5 -187 123 -60 147 237 244 85 230 8 -23 -227 202 -140 -32 137 12 199 -228 187 107 29 -248 228 240 63 115 -56 -99 155 245 -58 198 -138 -136 181 -122 184 32 -151 -197 247 -237 15 140 -102 204 -90 -76 -53 -153 224 -231 186 -207 -213 34 37 175 -191 213 119 -246 116 -180 180 -105 -75 105 75 -88 -234 164 209 135 -210 188 -195 -132 -15 52 -130 -205 -86 149 122 -21 -170 -241 -164 64 -85 -74 -177 -190 -119 96 -211 -17 -135 194 -52 -245 -226 -20 223 -242 -40 238 -150 54 229 -59 -179 100 234 239 -230 74 176 109 -67 -24 -216 -27 50 98 160 -183 -128 -55 -92 -115 -112 -116 -107 -172 212 58 88 127 -42 -113 -127 145 -165 -98 -41 92 208 125 -129 51 151 158 249 -69 112 -152 18 -111 193 -81 -28 -200 102 -100 38 191 -12 227 -65 -10 95 -188 -34 -72 17 -7 70 -243 241 72 219 190 248 53 36 -38 -51 217 -13 81 -57 -215 62 20 169 -114 -137 71 216 99 94 -84 87 126 -93 -48 -36 -169 -66 121 110 -162 -11 1 -9 -158 -225 156 -212 61 118 0 -250 152 -168 -16 -108 57 207 142 82 -204 113 -31 -238 -63 -208 -186 -2 78 221 -101 144 97 -222 77 203 -161 -198 -117 -167 -209 83 166 21 -232 185 131 -109 22 201 -120 173 -47 -233 -189 59 -37 -173 214 -103 -1 163 -244 134 25 -78 -44 -73 161 -217 -91 222 178 -29 192 -123 14 -176 -80 -134 13 -218 -221 232 -125 91 -43 -35 -206 -147
TEST 198 ARG:-21 95 124 -204 -224 -2 117 -123 94 175 -100 141 163 174 -143 -108 202 121 249 109 173 -202 -48 212 -23 -238 179 -196 -217 -84 209 37 136 92 -169 84 -71 35 189 -125 -174 -180 -35 -192 -93 -45 -67 29 -51 242 -27 -223 130 167 -75 -99 22 172 -229 238 190 231 -33 -181 68 -176 -91 -101 -124 -117 -120 -182 20 219 -211 4 -237 164 -85 -122 -203 143 -57 2 -154 59 160 -109 140 151 -171 115 -77 145 159 -191 108 -199 -29 13 224 78 -50 207 195 11 183 31 -31 246 -15 154 217 8 -139 66 -145 -218 97 128 206 -16 -172 223 40 200 14 -142 -225 -78 110 -141 232 147 -201 -89 -242 134 191 -137 146 -205 101 211 77 -68 67 1 23 -161 -92 76 -8 -231 -42 -215 -195 21 -129 -41 105 70 148 -150 -1 -72 -61 177 -132 87 -155 243 -212 153 88 -28 244 129 -164 -64 -105 24 -3 180 -47 -119 28 -236 60 -63 -138 -73 -248 -131 -153 214 184 197 -250 -7 235 73 111 -146 -214 71 240 144 -36 186 -188 126 125 -24 139 226 -162 -209 -148 -11 -232 -156 -79 51 -80 -22 103 -168 -70 185 -239 17 107 -25 112 -130 239 201 -166 -206 -133 182 -118 -140 63 -44 152 -200 -5 -235 -159 -103 205 3 -19 161 -167 -52 230 -14 -207 188 132 85 80 247 116 215 18 -4 -183 -69 -43 -62 120 -34 -135 -26 -178 -56 -60 -221 55 -189 25 9 -249 74 32 234 -213 216 157 57 -193 138 229 -179 46 52 131 64 118 -55 133 -96 -158 0 176 -13 -121 156 26 -163 171 38 -90 19 39 69 -241 -6 53 -157 -245 -190 -128 228 155 -81 -9 150 -53 122 -244 204 -247 -38 83 -173 -136 114 72 -87 113 -32 -246 98 104 96 91 -17 210 79 -233 221 -222 -185 -243 89 -95 -98 -234 241 187 -177 158 58 61 47 162 10 165 137 203 86 -144 44 -58 -194 43 -66 199 -216 -94 -39 233 208 181 -147 -198 135 -160 236 -97 149 -82 -110 -102 237 220 36 62 213 -219 123 127 -46 -208 81 27 -59 33 -20 -184 -126 -230 7 -152 -226 -106 15 54 -227 75 168 -113 -12 56 -151 -88 -65 48 -197 -18 218 245 142 45 49 -83 -170 30 -74 225 -49 -30 -165 -54 -220 -116 -187 5 34 227 119 196 93 -240 106 102 194 -228 193 -114 198 -175 -76 -107 -10 178 166 42 222 6 169 -127 12 248 -186 -86 192 82 16 -115 -112 -210 65 41 50 -134 -111 -37 -149 -104 -40 90 100 170 99
TEST 199 ARG:-68 -49 170 -89 -99 18 -44 -151 -225 211 -63 -80 -139 237 241 97 130 -249 -114 -43 79 154 183 -153 -193 -71 -143 -142 165 17 49 -247 121 -236 209 65 -10 -130 -55 -15 -13 75 -190 74 -95 -12 -61 145 2 223 -169 -136 -219 -30 -152 -176 95 24 -4 89 129 -182 197 -232 98 36 15 202 191 -115 -160 178 -6 239 214 52 -119 37 -227 203 -148 -26 -197 -59 -167 -74 226 -206 249 172 48 -1 -47 120 85 136 19 14 3 -78 -75 131 102 228 -50 94 -35 218 -36 -138 41 123 -60 -223 -235 -94 -192 -42 -72 -125 -202 8 -239 -17 16 107 -39 217 -198 -29 -110 66 -208 35 -204 137 93 -195 -100 118 -140 -112 -242 187 -33 -168 -209 -88 153 225 148 -14 -129 -226 111 -62 -186 -245 -7 126 242 -54 -92 61 114 216 134 -87 179 -187 45 200 55 -180 -145 91 -185 177 -177 -108 -188 163 -23 -163 244 67 212 -158 68 20 -211 -118 -157 213 186 -234 86 -178 -81 88 233 161 132 185 -19 -229 -162 11 206 175 -20 181 -134 -141 174 25 7 224 77 -214 -230 -18 169 44 -128 -149 104 112 119 162 -97 -38 -34 101 115 4 -37 -199 13 -222 -21 -194 -9 57 180 -207 -159 38 -131 106 196 28 232 138 166 -77 23 -83 229 -79 54 -73 201 -104 1 -154 -25 84 -170 -103 236 230 -53 168 -8 -86 -11 -93 -57 -213 -155 188 64 -191 29 -133 26 -45 159 215 -48 -161 51 247 -52 248 194 227 30 -241 -231 192 -218 -22 -96 -116 9 -184 147 125 0 128 205 -172 92 133 -201 173 -164 113 -113 5 -205 12 198 43 139 -69 -66 117 195 -183 -212 -166 146 31 27 72 219 -64 243 -216 143 -40 22 -65 76 184 199 -106 -2 -221 144 53 -146 -144 -246 -5 208 6 103 220 -217 -121 176 -124 -196 -46 70 -147 -111 245 164 -76 -117 47 -150 -58 -220 81 246 -173 116 -102 80 -3 71 -98 34 -70 231 -243 222 -24 -127 90 -67 33 -240 110 109 141 59 60 -215 -200 -132 73 -233 -179 156 100 127 -137 -82 238 -244 -31 -85 157 10 -248 58 -250 -109 63 62 167 -203 83 -210 -228 -84 82 -237 149 -16 122 -156 -28 -165 204 235 -122 87 -171 42 -90 -224 160 210 108 150 -189 193 46 151 32 -123 -238 221 -120 152 -126 135 -51 -56 56 -175 -91 140 -135 207 105 190 -181 155 182 240 -27 -174 234 142 171 -101 69 39 40 21 -105 99 124 -41 78 189 50 -32 96 -107 158
TEST 200 ARG:-45 -238 190 40 19 -62 -240 170 3 235 117 12 122 8 -70 95 149 150 -29 198 -8 -30 39 72 151 15 7 211 -44 -176 -90 222 192 -213 218 -175 199 -249 123 64 -39 -140 51 33 -182 -212 38 195 -146 -28 181 -217 163 -129 63 -158 -89 -103 -78 -81 231 -126 -22 -125 98 160 -116 -248 -40 -156 -219 60 -24 -105 178 36 104 -7 143 55 -110 -26 -96 -189 -34 68 -21 -239 93 241 65 242 10 193 -199 -85 154 157 186 -19 -32 74 -235 146 236 101 -208 -241 67 -36 1 79 -16 103 -136 81 209 -120 202 115 -197 -198 -226 -155 26 35 227 16 11 133 113 -67 2 96 -122 -149 196 -68 111 80 175 -193 82 28 245 -73 -63 -95 -245 70 99 -49 174 -225 -207 -202 217 47 -9 -145 -42 246 243 -52 158 100 -224 32 -138 -83 223 -17 -163 77 -232 238 230 -79 -41 225 156 -144 -71 220 153 87 -94 -111 -132 -107 -82 -184 214 213 45 -84 -147 71 13 118 -250 114 -185 126 142 -38 -23 -247 -181 140 -20 224 -72 -177 -237 182 136 219 22 -75 -231 221 -168 -152 130 42 169 187 -104 139 112 173 -64 -230 205 -100 172 -74 226 -229 78 176 121 -115 90 -80 -128 -137 -118 -123 50 -11 76 14 -173 -3 17 -160 -5 -77 -154 -119 -171 197 92 -233 -179 208 97 -99 237 57 -192 88 -216 -66 232 0 37 -206 24 135 155 129 -228 -242 -195 48 -167 86 185 106 43 25 -142 132 58 159 -114 -159 73 -141 -174 -51 -98 -102 9 180 249 -164 -201 31 44 21 -1 23 -190 61 -214 -187 -112 69 125 177 -109 -76 -130 59 147 239 -234 84 128 183 62 -243 110 29 206 -215 191 -188 -191 -218 -220 -210 18 -93 200 141 -92 -106 108 -169 89 -37 -88 -246 -223 124 248 -65 -113 212 -236 167 244 -54 -12 162 168 -58 233 -86 -59 -222 102 4 -91 131 215 -205 247 152 137 -6 27 148 -157 194 30 -18 127 165 -170 134 -151 164 20 -97 -33 189 109 -53 234 -133 105 -196 85 56 -153 -150 -178 -127 -143 -61 53 49 -161 207 -15 -31 203 6 -148 179 -186 -27 75 188 -60 229 -2 138 240 145 228 -134 -194 144 -10 -57 161 -14 -35 -69 -50 -46 119 -121 94 91 -166 -180 116 -209 46 184 -117 204 107 -56 -135 -203 216 -13 -131 -139 120 54 -200 -221 -183 201 -55 -87 66 52 166 210 34 41 -4 -165 -244 -172 171 -162 -204 -108 -43 5 -124 -47 -25 -101 -48 -227 83 -211
TEST 201 ARG:-250 -185 -58 38 13 -197 15 -209 207 -152 -158 -130 69 -126 -96 -21 -51 22 -63 -39 -101 192 -192 167 233 214 -131 30 -156 -157 154 17 -162 187 100 65 217 28 87 1 -45 156 103 -199 -114 36 -55 -206 124 -242 236 -241 241 -113 84 200 -95 -115 -120 128 179 -225 -53 -202 -81 108 -12 -31 -92 -30 -111 -136 198 -64 -233 -172 32 143 -184 173 102 -4 -159 -160 37 -150 18 199 -171 -60 -44 -237 185 190 -83 -186 168 216 -203 -68 -221 -89 -121 183 82 144 -188 66 -187 -37 51 14 -112 -226 -93 -65 189 -54 -110 -201 -5 19 213 70 91 145 -117 -36 248 -19 134 -213 -3 83 194 42 -98 -232 218 74 -196 219 -73 230 -166 -194 181 -173 63 62 -109 191 54 -34 86 147 96 -178 -176 -174 205 238 133 6 25 -193 -228 -20 4 -79 -13 -70 212 182 48 123 -49 -227 235 55 88 171 -97 114 43 44 -132 -168 222 -146 -165 -85 155 27 -182 220 172 180 -180 46 -216 -154 3 40 8 -139 165 -177 221 -135 204 -2 146 121 -129 -86 -6 -23 -17 -32 -122 85 -147 97 53 166 202 -80 -87 136 45 208 201 223 138 119 -91 -118 -16 -198 112 61 227 161 115 -28 -26 210 24 -107 59 -72 98 72 -71 239 -67 -138 159 122 -100 -1 -140 127 -84 -143 -142 -76 245 -245 225 -27 150 -175 21 41 -149 -212 -163 -35 -38 -48 23 58 242 50 231 -179 111 -200 -208 -59 157 193 -123 -128 113 117 -25 126 -170 -14 -222 -22 120 246 118 -236 249 129 64 188 -247 -161 -219 153 60 -205 -78 26 186 -217 89 105 34 -50 109 174 -90 -105 81 -99 244 135 -40 0 -214 -137 162 151 177 -211 -108 -9 -7 90 160 93 -145 39 -215 -151 -231 -33 -220 57 -248 -153 -133 104 49 10 -190 78 -102 -169 209 31 116 149 -29 -155 -8 2 -75 71 -42 -191 -124 130 -141 -240 -10 -144 106 -246 -244 -181 92 163 9 -223 243 -61 -18 240 -148 -134 7 -41 52 47 -82 -239 79 -207 -167 -116 68 158 -243 229 -74 142 29 101 215 -24 -210 -238 137 164 -119 -229 75 237 131 132 169 140 -234 152 -164 178 -125 67 234 211 -183 -66 -204 -106 -69 125 -52 148 -47 -224 16 141 175 195 176 197 -189 -127 35 -46 206 11 -103 -104 -11 80 -88 110 -62 196 77 20 107 -218 247 94 -56 -249 56 -235 76 12 -230 -77 226 228 5 224 99 184 -195 139 -94 232 203 73 170 -57 -43 95 33 -15
OK
